ticker,name,sector,price,day_chg,pe_ttm,pb,ps_ttm,ev_ebitda,earn_yld,book_yld,sales_yld,ebitda_yld,roe,gross_margin,asset_turnover,gp_assets,op_margin_ttm,op_margin_5y,margin_ratio,margin_stability,debt_equity,current_ratio,rev_growth,eps_growth,w52_high,w52_low,w52_pos,stale_ref,mom_12_1,mean_target,upside_pct,analyst_score,analyst_score_3m_ago,revision_3m,buy_ratio,strong_buy,buy,hold,sell,strong_sell,total_recs,sue,pead_decay,last_report,has_earnings,score_value_raw,cyc_guard,score_value,score_momentum,score_quality,score_sentiment,score_catalyst,weighted_mean,worst_lens,score_composite,rank,score_value_pct,score_momentum_pct,score_quality_pct,score_sentiment_pct,score_catalyst_pct,score_composite_pct,as_of,version,universe,in_top_n
CVX,Chevron Corp,Energy,208.6,-1.29,20.0158,1.7386,1.9747,8.6177,0.049960531180367515,0.5751754285056943,0.5064060363599534,0.11604024275618785,10.979999999999999,43.65,0.6372,0.2781378,13.22,12.75,1.0368627450980392,-0.03619956281910508,0.1953,1.2522,11.17,34.62,214.71,146.49,0.9104368220463205,False,34.560900000000004,221.029818,6.0,0.7583333333333333,0.7416666666666667,0.016666666666666607,0.8333333333333334,7,18,4,1,0,30,2.813694710521799,0.0,2026-06-30,False,0.8327966264136478,1.0,0.8327966264136478,0.6866666666666666,0.5522290327495738,0.6141543624161074,0.5459476972922934,0.6472575601720163,0.5459476972922934,0.6269955875960718,1,0.9133333333333333,0.6866666666666666,0.6266666666666667,0.7,0.86,1.0,2026-09-07,v2,SPY Top 150,True
FDX,FedEx Corp,Industrials,322.52,-0.55,17.2188,2.5521,0.8059,9.0305,0.05807605640346598,0.3918341757768113,1.2408487405385284,0.11073583965450418,15.110000000000001,62.11,1.0205,0.6338325499999999,5.76,6.03,0.9552238805970148,-0.04580953603129434,0.8125,1.4754,7.73,9.81,345.37,178.94,0.8627050411584448,False,77.2507,358.529286,11.2,0.7214285714285714,0.7121212121212122,0.009307359307359264,0.6857142857142857,9,15,9,2,0,35,0.41769222888554963,0.0,2025-09-30,True,0.8694431665708262,1.0,0.8694431665708262,0.9066666666666666,0.6553489367578017,0.5594697986577182,0.20733163619532516,0.647625844497556,0.20733163619532516,0.5595670028371099,2,0.96,0.9066666666666666,0.7933333333333333,0.6,0.20666666666666667,0.9933333333333333,2026-09-07,v2,SPY Top 150,True
BMY,Bristol-Myers Squibb Co,Healthcare,66.82,-1.87,14.7037,5.2719,2.7751,11.3331,0.06801009269775635,0.18968493332574596,0.36034737486937407,0.08823711076404514,46.760000000000005,71.66,0.5449,0.39047534000000006,25.51,13.6,1.8757352941176473,-0.6290007394117139,1.932,1.5316,3.11,99.29,68.64,42.52,0.9303215926493106,False,41.733,67.63405800000001,1.2,0.6428571428571429,0.6285714285714286,0.014285714285714346,0.42857142857142855,7,8,18,2,0,35,4.637284440412436,0.0,2026-06-30,False,0.7626212382595362,0.7996863974911799,0.6098578306740312,0.7733333333333333,0.5289477187669628,0.4697181208053691,0.6544411015968525,0.5805918960325317,0.4697181208053691,0.5584171409870993,3,0.6666666666666666,0.7733333333333333,0.5733333333333334,0.43333333333333335,0.98,0.9866666666666667,2026-09-07,v2,SPY Top 150,True
GOOGL,Alphabet Inc,Comm Services,338.46,-1.17,16.9504,6.7585,9.2839,26.7031,0.05899565791957712,0.14796182584893097,0.10771335322439923,0.03744883552845924,50.839999999999996,60.9,0.6467,0.39384030000000003,33.11,29.71,1.1144395826321103,-0.10835166208463853,0.1533,2.724,20.05,115.31,408.61,231.9,0.6030219002886082,False,44.287800000000004,429.654804,26.9,0.7964285714285714,0.782608695652174,0.013819875776397428,0.9,20,43,7,0,0,70,-0.5336987384061047,0.0,2026-06-30,False,0.48884272570442777,1.0,0.48884272570442777,0.79,0.754515201078003,0.856758389261745,0.24759777829206203,0.6360565863456662,0.24759777829206203,0.5583648247349453,4,0.5166666666666667,0.79,0.95,0.9433333333333334,0.31,0.9766666666666667,2026-09-07,v2,SPY Top 150,True
GOOG,Alphabet Inc,Comm Services,335.31,-1.11,16.9504,6.7585,9.2839,26.7031,0.05899565791957712,0.14796182584893097,0.10771335322439923,0.03744883552845924,50.839999999999996,60.9,0.6467,0.39384030000000003,33.11,29.71,1.1144395826321103,-0.10835166208463853,0.1533,2.724,20.05,115.31,408.61,231.9,0.5851960839794013,False,44.287800000000004,425.65558799999997,26.9,0.7964285714285714,0.782608695652174,0.013819875776397428,0.9,20,43,7,0,0,70,-0.5336987384061047,0.0,2026-06-30,False,0.48884272570442777,1.0,0.48884272570442777,0.79,0.754515201078003,0.856758389261745,0.24759777829206203,0.6360565863456662,0.24759777829206203,0.5583648247349453,5,0.5166666666666667,0.79,0.95,0.9433333333333334,0.31,0.9766666666666667,2026-09-07,v2,SPY Top 150,True
LMT,Lockheed Martin Corp,Industrials,525.28,-1.44,19.2826,13.2024,1.5741,12.7261,0.051860226318027655,0.07574380415681997,0.6352836541515786,0.07857866903450389,86.24000000000001,11.8,1.274,0.15033200000000002,11.88,10.83,1.0969529085872576,-0.09253625292159959,2.3424,1.1929,7.2,52.8,692.0,437.25,0.34555446516192334,False,19.636899999999997,649.009578,23.6,0.6607142857142857,0.6339285714285714,0.0267857142857143,0.4642857142857143,6,7,14,1,0,28,1.291007267838419,0.0,2026-06-30,True,0.6864308989840905,1.0,0.6864308989840905,0.52,0.47613819767829424,0.7415033557046979,0.4318120805369128,0.5795216672709874,0.4318120805369128,0.5499797499241725,6,0.7666666666666667,0.52,0.47333333333333333,0.8733333333333333,0.6866666666666666,0.9666666666666667,2026-09-07,v2,SPY Top 150,True
COP,ConocoPhillips,Energy,134.26,-1.08,17.3768,1.9381,2.5462,6.8291,0.05754799502785323,0.5159692482328053,0.39274212552038335,0.1464321799358627,14.32,46.31,0.5156,0.23877436,22.51,25.7,0.8758754863813231,-0.1325313369825331,0.3564,1.5415,9.6,1.31,137.42,85.57,0.9390549662487947,False,43.107299999999995,148.314222,10.5,0.7419354838709677,0.7419354838709677,0.0,0.7419354838709677,7,16,8,0,0,31,3.2455704051692447,0.0,2026-06-30,False,0.8395735096798926,1.0,0.8395735096798926,0.78,0.47127128150920394,0.41053691275167786,0.4730710483684332,0.582342801678335,0.41053691275167786,0.5479816238930035,7,0.9266666666666666,0.78,0.4666666666666667,0.32,0.74,0.96,2026-09-07,v2,SPY Top 150,True
NVDA,NVIDIA Corp,Technology,230.36,0.84,28.7832,20.768,18.3242,27.6547,0.03474248867394869,0.048151001540832045,0.054572641643291384,0.03616021869700268,110.11,74.67,1.2788,0.95487996,65.17,45.98,1.4173553719008265,-0.34879272100925357,0.1457,4.5889,83.38,125.15,236.54,164.07,0.9147233337932941,False,33.5844,319.559574,38.7,0.8188405797101449,0.8152173913043478,0.0036231884057971175,0.9420289855072463,24,41,3,1,0,69,3.676278564427623,0.0,2026-09-30,False,0.23896779758481884,1.0,0.23896779758481884,0.68,0.804304159643459,0.7900805369127517,0.6285628326776209,0.6213337295734359,0.23896779758481884,0.5448605431757125,8,0.20666666666666667,0.68,1.0,0.92,0.9533333333333334,0.9533333333333334,2026-09-07,v2,SPY Top 150,True
APH,Amphenol Corp,Technology,82.78,0.87,39.6883,14.0021,7.0362,23.8609,0.025196342498922858,0.07141785874975896,0.1421221682157983,0.0419095675351726,37.14,38.95,0.772,0.300694,27.03,21.28,1.2702067669172932,-0.23917969581491255,1.2143,1.8878,54.17,59.37,89.26,39.41,0.8700100300902708,False,45.467600000000004,201.169194,143.0,0.782608695652174,0.7604166666666666,0.022192028985507317,0.8695652173913043,6,14,3,0,0,23,3.694949898643713,0.0,2026-06-30,False,0.291661874640598,1.0,0.291661874640598,0.8066666666666666,0.5315492005447151,0.9463087248322147,0.6132052765563527,0.5942894319401266,0.291661874640598,0.5337639204802209,9,0.24666666666666667,0.8066666666666666,0.5866666666666667,1.0,0.94,0.9466666666666667,2026-09-07,v2,SPY Top 150,True
USB,US Bancorp,Financials,63.37,-0.25,12.2281,1.3955,2.0972,,0.0817788536240299,0.7165890361877464,0.4768262445164982,,12.479999999999999,,,,25.22268,35.30532,0.7144158444109839,-0.33629007103899267,1.4238,,84.11849,18.72,66.075,45.02,0.8715269532177627,False,26.9498,70.914276,11.9,0.6944444444444444,0.6574074074074074,0.03703703703703698,0.5925925925925926,6,10,10,1,0,27,2.558705280264017,0.0,2026-06-30,True,0.8274774774774775,1.0,0.8274774774774775,0.6066666666666667,0.35279310344827586,0.6470067114093959,0.48245776440638743,0.5751439740133562,0.35279310344827586,0.5306737999003401,10,0.9066666666666666,0.6066666666666667,0.18,0.7533333333333333,0.76,0.94,2026-09-07,v2,SPY Top 150,True
UNH,UnitedHealth Group Inc,Healthcare,397.14,-0.95,25.159,3.6115,0.7893,15.5024,0.03974720775865496,0.27689325764917627,1.2669453946534905,0.06450614098462173,14.399999999999999,,1.4436,,4.74,7.2,0.6583333333333333,-0.41804389031502454,0.7016,0.7385,6.46,-32.66,461.62,255.97,0.686457573547289,False,23.935200000000002,482.64207,21.5,0.7573529411764706,0.7426470588235294,0.014705882352941124,0.7941176470588235,8,19,7,0,0,34,4.925330526420075,0.0,2026-06-30,False,0.7181263178071688,1.0,0.7181263178071688,0.58,0.35795580378824665,0.7643892617449665,0.49227956491552877,0.5716381076745889,0.35795580378824665,0.5289016468973204,11,0.8,0.58,0.18666666666666668,0.8866666666666667,0.8,0.9333333333333333,2026-09-07,v2,SPY Top 150,False
MU,Micron Technology Inc,Technology,1016.59,6.1,22.7492,10.34,12.7183,16.5391,0.04395758971744062,0.09671179883945842,0.07862686050808677,0.06046278213445713,70.55,72.57,0.8929,0.6479775299999999,65.63,9.66,6.79399585921325,-1.9160392602612046,0.0568,3.4245,166.98,700.71,1255.0,125.66,0.7888943984982381,False,667.8022000000001,1474.5329100000001,45.0,0.8017241379310345,0.8035714285714286,-0.001847290640394128,0.9137931034482759,18,35,4,1,0,58,4.226455705090022,0.0,2026-06-30,True,0.42943645773433003,0.5,0.21471822886716502,0.9933333333333333,0.7345549381481586,0.6396778523489932,0.6650636426753067,0.6010744888656668,0.21471822886716502,0.5238032368659665,12,0.16,0.9933333333333333,0.9266666666666666,0.7466666666666667,0.9933333333333333,0.9266666666666666,2026-09-07,v2,SPY Top 150,False
BAC,Bank of America Corp,Financials,62.68,-0.57,13.0235,1.3281,2.32875,,0.0767842745805659,0.7529553497477599,0.4294149221685454,,11.129999999999999,,,,32.73721,33.47932,0.9778337791807001,-0.022415583330081108,2.4313,,99.36713,25.82,65.225,46.12,0.8667887987437846,False,24.7446,68.922828,10.0,0.75,0.75,0.0,0.7931034482758621,6,17,6,0,0,29,2.1898905017103685,0.0,2026-06-30,True,0.8086486486486486,1.0,0.8086486486486486,0.5933333333333334,0.4450229885057471,0.41493288590604027,0.4683962045822726,0.5482483999157686,0.41493288590604027,0.521585297113823,13,0.88,0.5933333333333334,0.4,0.3333333333333333,0.7266666666666667,0.92,2026-09-07,v2,SPY Top 150,False
UNP,Union Pacific Corp,Industrials,289.62,0.16,23.5977,7.8116,6.8072,15.9007,0.042377011318899725,0.12801474729888881,0.14690327888118462,0.06289031300508782,38.65,78.25,0.364,0.28482999999999997,40.03,40.23,0.9950285856326125,-0.0049838129572145375,1.467,0.9859,4.17,7.27,315.99,210.84,0.7492154065620542,False,35.1353,332.281116,14.7,0.7419354838709677,0.7327586206896551,0.009176863181312611,0.6774193548387096,9,12,10,0,0,31,1.739336906013676,0.0,2026-06-30,True,0.4947268545140886,1.0,0.4947268545140886,0.7,0.6031758039787066,0.6102214765100672,0.38361953251562136,0.5542216800014907,0.38361953251562136,0.5201012505043169,14,0.5533333333333333,0.7,0.68,0.6866666666666666,0.5866666666666667,0.9133333333333333,2026-09-07,v2,SPY Top 150,False
COF,Capital One Financial Corp,Financials,219.6,-0.41,12.8062,1.0861,1.11745,,0.07808717652387125,0.9207255317189945,0.8948946261577698,,9.28,,,,18.32824,28.31922,0.6472014412826342,-0.4350976862894166,0.3938,,38.19094,521.95,259.64,174.24,0.5311475409836065,False,-3.2439999999999998,264.384,20.4,0.7758620689655172,0.7672413793103449,0.008620689655172376,0.8275862068965517,8,16,5,0,0,29,1.3736360514667123,0.0,2026-06-30,True,0.8704504504504503,1.0,0.8704504504504503,0.2733333333333333,0.37562068965517237,0.7211879194630872,0.4791205739412173,0.5737378228262976,0.2733333333333333,0.5136569249277048,15,0.9666666666666667,0.2733333333333333,0.21333333333333335,0.86,0.7466666666666667,0.9066666666666666,2026-09-07,v2,SPY Top 150,False
CSCO,Cisco Systems Inc,Technology,109.2,0.54,32.4512,8.9802,6.7987,27.8092,0.030815501429839267,0.11135609451905303,0.14708694309206172,0.03595932281403277,27.389999999999997,64.52,0.5069,0.32705188,24.27,24.23,1.001650846058605,-0.001649484910075718,0.5873,0.9311,11.77,30.78,130.3656,66.13,0.6705004701442814,False,64.39620000000001,137.325966,25.8,0.7214285714285714,0.7196969696969697,0.0017316017316016952,0.6857142857142857,7,17,11,0,0,35,2.407220913859974,0.0,2026-09-30,False,0.3328646731838222,1.0,0.3328646731838222,0.8733333333333333,0.6380720890590329,0.6075100671140939,0.49069196945151583,0.5570769371875449,0.3328646731838222,0.5122344843868004,16,0.3,0.8733333333333333,0.7733333333333333,0.68,0.7866666666666666,0.9,2026-09-07,v2,SPY Top 150,False
C,Citigroup Inc,Other,137.72,-0.3,12.9501,1.1259,1.09533,,0.07721948093064918,0.8881783462119194,0.9129668684323446,,8.41,,,,23.01502,28.99823,0.7936698205373225,-0.23108774737372909,3.8387,,99.23775,35.24,147.96,93.66,0.8114180478821361,False,39.726,157.81491,14.6,0.7589285714285714,0.7589285714285714,0.0,0.7857142857142857,7,15,6,0,0,28,3.1371311729611766,0.0,2026-06-30,True,0.8623423423423423,1.0,0.8623423423423423,0.74,0.3122988505747127,0.4750134228187919,0.5534413330247628,0.5612941252754722,0.3122988505747127,0.5114950703353203,17,0.9533333333333334,0.74,0.10666666666666667,0.44,0.8733333333333333,0.8933333333333333,2026-09-07,v2,SPY Top 150,False
MDT,Medtronic PLC,Healthcare,94.17,1.15,23.0338,2.176,3.2108,17.2715,0.043414460488499514,0.45955882352941174,0.31144886009717204,0.05789885070781345,10.61,65.74,0.4068,0.26743032,18.08,17.4,1.0390804597701149,-0.03833614874354703,0.5605,2.0671,9.77,12.25,106.33,73.31,0.6317383403997577,False,-2.516,100.798848,7.0,0.7426470588235294,0.7094594594594594,0.03318759936407001,0.6764705882352942,10,13,11,0,0,34,3.771075492872469,0.0,2026-09-30,False,0.6803172321257427,1.0,0.6803172321257427,0.2866666666666667,0.5247910512432268,0.6559731543624161,0.5296644295302013,0.5668275853730839,0.2866666666666667,0.5107954016318005,18,0.7533333333333333,0.2866666666666667,0.5466666666666666,0.7733333333333333,0.8466666666666667,0.8866666666666667,2026-09-07,v2,SPY Top 150,False
BK,BK,Financials,164.84,0.31,15.7933,1.8182,2.12845,,0.06331798927393262,0.5499945000549994,0.46982545984166885,,13.48,,,,26.54159,28.68099,0.9254070379021087,-0.07752159728409598,1.1894,,284.5591,31.5,165.84,102.63,0.9841797183989875,False,56.7666,143.663022,-12.8,,,,,0,0,0,0,0,0,,0.0,,False,0.7807657657657657,1.0,0.7807657657657657,0.8466666666666667,0.4538390804597701,0.352,0.3796551724137931,0.543358108108108,0.352,0.5050864864864865,19,0.8533333333333334,0.8466666666666667,0.42,0.26,0.56,0.88,2026-09-07,v2,SPY Top 150,False
PM,Philip Morris International Inc,Cons Staples,182.53,-1.96,26.1627,1368.8571,6.6869,18.3554,0.03822235472638527,0.000730536445330926,0.14954612750302831,0.05447988058010177,575.44,67.51,0.6224,0.42018224,37.75,36.94,1.0219274499187874,-0.02169050092393995,186.0804,0.9798,8.93,31.96,207.76,142.11,0.6156892612338157,False,15.5334,204.59925,12.1,0.7685185185185185,0.7596153846153846,0.008903133903133909,0.7407407407407407,9,11,7,0,0,27,2.0212465868594633,0.0,2026-06-30,True,0.3585403488594978,1.0,0.3585403488594978,0.4866666666666667,0.6958227628108067,0.6114228187919463,0.4727192779449202,0.5402410381749104,0.3585403488594978,0.5039009003118279,20,0.32666666666666666,0.4866666666666667,0.88,0.6933333333333334,0.7333333333333333,0.8733333333333333,2026-09-07,v2,SPY Top 150,False
EOG,EOG Resources Inc,Energy,145.19,-0.53,11.0757,2.1685,2.8236,5.7574,0.09028774704984786,0.4611482591653217,0.35415781272134866,0.17368951262722757,22.38,79.47,0.5085,0.40410494999999996,33.02,34.76,0.9499424626006906,-0.051353861905209186,0.2487,1.8514,18.67,24.77,153.67,101.59,0.8371735791090631,False,22.9567,161.221608,11.0,0.6597222222222222,0.6666666666666666,-0.00694444444444442,0.4722222222222222,6,11,19,0,0,36,0.586965717530179,0.0,2026-06-30,False,0.8838067855089131,1.0,0.8838067855089131,0.5733333333333334,0.6977935891209325,0.2208993288590604,0.2830502198565147,0.5742605051971307,0.2208993288590604,0.5035882699295167,21,0.9733333333333334,0.5733333333333334,0.8866666666666667,0.12,0.36666666666666664,0.8666666666666667,2026-09-07,v2,SPY Top 150,False
GD,General Dynamics Corp,Industrials,359.39,-1.77,21.6705,3.8011,1.7724,15.2057,0.04614568191781454,0.2630817394964616,0.5642067253441662,0.06576481187975562,17.43,15.38,0.9376,0.14420288,10.32,10.36,0.9961389961389963,-0.003868476777920206,0.2802,1.4409,9.13,10.13,400.0,306.77,0.5644105974471736,False,14.5352,426.03033600000003,18.5,0.7121212121212122,0.7045454545454546,0.007575757575757569,0.6666666666666666,7,15,10,1,0,33,0.9835280370829034,0.0,2026-06-30,True,0.7295888441633123,1.0,0.7295888441633123,0.4666666666666667,0.530344813301717,0.5894563758389262,0.3040499884286045,0.5516660951300858,0.3040499884286045,0.5021428737897896,22,0.8133333333333334,0.4666666666666667,0.58,0.6666666666666666,0.4066666666666667,0.86,2026-09-07,v2,SPY Top 150,False
SLB,SLB NV,Energy,57.51,0.17,27.5244,2.6657,2.3471,13.7734,0.036331400502826586,0.37513598679521326,0.4260576882109837,0.07260371440602902,11.93,17.07,0.6611,0.11284977,11.44,14.66,0.7803547066848567,-0.2480067105068536,0.4908,1.4392,2.5,-29.35,60.46,31.64,0.8976405274115197,False,64.8623,63.040488,9.6,0.7720588235294118,0.75,0.022058823529411797,0.8529411764705882,10,19,3,2,0,34,2.4499571496668424,0.0,2026-06-30,True,0.6793156986774008,1.0,0.6793156986774008,0.8866666666666667,0.31446580769267396,0.6874496644295301,0.3829206202267994,0.547763359563745,0.31446580769267396,0.5011038491895308,23,0.74,0.8866666666666667,0.12666666666666668,0.82,0.5733333333333334,0.8533333333333334,2026-09-07,v2,SPY Top 150,False
PWR,Quanta Services Inc,Technology,624.41,0.7,70.7496,11.2108,2.8529,37.9506,0.014134355529925258,0.08919970028900702,0.3505205229766203,0.02635004453157526,14.74,15.46,1.2941,0.20006786000000001,6.19,5.39,1.1484230055658629,-0.13838970177559906,0.6334,1.0983,26.3,35.37,788.75,363.01,0.6139897590078451,False,64.77380000000001,805.77654,29.0,0.7708333333333334,0.75,0.02083333333333337,0.7777777777777778,11,17,8,0,0,36,4.549570905131631,0.0,2026-06-30,False,0.3069723979298447,1.0,0.3069723979298447,0.88,0.3966932739098553,0.863751677852349,0.6166026382781763,0.548991812967614,0.3069723979298447,0.5005879299600602,24,0.26,0.88,0.26,0.9533333333333334,0.9466666666666667,0.8466666666666667,2026-09-07,v2,SPY Top 150,False
AMAT,Applied Materials Inc,Technology,454.71,4.31,38.94,16.0073,11.7021,37.2739,0.02568053415511043,0.06247149737932068,0.08545474743849395,0.02682842417884901,40.44,49.4,0.7819,0.3862586,29.64,29.33,1.0105693828844187,-0.010513917438526452,0.2554,2.423,7.77,38.36,739.67,158.82,0.5094086252905226,False,180.19449999999998,648.610146,42.6,0.7833333333333333,0.7833333333333333,0.0,0.8666666666666667,12,27,6,0,0,45,0.9000104539017862,0.0,2026-09-30,False,0.2064308989840905,1.0,0.2064308989840905,0.9533333333333334,0.7839558561647096,0.687006711409396,0.3609719972228651,0.5736749567940779,0.2064308989840905,0.5002261452320804,25,0.15333333333333332,0.9533333333333334,0.9933333333333333,0.8133333333333334,0.52,0.84,2026-09-07,v2,SPY Top 150,False
JPM,JPMorgan Chase & Co,Financials,358.64,-0.94,14.6515,2.3228,2.89596,,0.06825239736545746,0.4305148958153952,0.3453086368596251,,17.810000000000002,,,,41.22809,38.1933,1.0794587008716188,-0.07645971259532333,3.3045,,108.9793,19.48,366.5,279.1,0.9100686498855833,False,21.093,380.19714600000003,6.0,0.675,0.6666666666666666,0.008333333333333415,0.6,3,15,12,0,0,30,1.463788500270821,0.0,2026-06-30,True,0.7509009009009009,1.0,0.7509009009009009,0.5466666666666666,0.45505172413793105,0.4520738255033557,0.3831659338116177,0.526797064305685,0.3831659338116177,0.49807083820687154,26,0.84,0.5466666666666666,0.4266666666666667,0.4,0.58,0.8333333333333334,2026-09-07,v2,SPY Top 150,False
MSFT,Microsoft Corp,Technology,499.7,-2.04,27.7426,6.2636,11.1818,19.6107,0.036045648208891744,0.15965259595121015,0.08943103972526784,0.050992570382495266,33.22,67.94,0.4819,0.32740286,46.73,44.07,1.0603585205355117,-0.0586070778584392,0.2416,1.2303,17.79,31.56,553.72,349.2,0.7358693526305494,False,2.4457,582.19917,16.5,0.8152173913043478,0.8161764705882353,-0.0009590792838874984,0.927536231884058,23,41,5,0,0,69,4.113875052263524,0.0,2026-06-30,False,0.4144460417864673,1.0,0.4144460417864673,0.34,0.6645432677199098,0.525510067114094,0.5941217310807684,0.5311947638475238,0.34,0.4929558110780191,27,0.41333333333333333,0.34,0.82,0.52,0.92,0.8266666666666667,2026-09-07,v2,SPY Top 150,False
AMZN,Amazon.com Inc,Cons Discretionary,258.51,-0.15,20.6117,4.6479,3.5947,16.9643,0.04851613404037513,0.21515092837625593,0.27818733134893037,0.05894731878120523,30.5,50.77,0.872,0.4427144,12.08,7.2,1.6777777777777778,-0.5174701664846593,0.2816,1.0331,15.77,89.71,287.2,196.0,0.6854166666666667,False,11.753499999999999,326.48496600000004,26.3,0.8006756756756757,0.8033333333333333,-0.002657657657657686,0.9324324324324325,20,49,5,0,0,74,0.6841049144849262,0.0,2026-06-30,False,0.6317807168870999,0.8940397350993378,0.5648370647666126,0.44,0.5779508851622241,0.5786241610738255,0.35302476278639205,0.5272730783730443,0.35302476278639205,0.49242341525571387,28,0.62,0.44,0.6666666666666666,0.64,0.5066666666666667,0.82,2026-09-07,v2,SPY Top 150,False
BLK,BlackRock Inc,Financials,1122.29,-0.34,27.7289,2.7178,6.6796,18.5246,0.03606345725939363,0.3679446611229671,0.149709563446913,0.05398227222180236,11.65,81.73,0.1609,0.13150357,32.57,35.1,0.9279202279202279,-0.07480951118367804,0.2212,2.3899,26.54,-3.67,1219.94,917.39,0.6772434308378779,False,4.9886,1320.606138,17.7,0.7608695652173914,0.75,0.010869565217391353,0.8695652173913043,4,16,3,0,0,23,3.9992167555497815,0.0,2026-06-30,True,0.5364021468276787,1.0,0.5364021468276787,0.38,0.4358709682027255,0.6935302013422819,0.4908585975468642,0.5151966570682234,0.38,0.48815732565457876,29,0.58,0.38,0.36,0.8266666666666667,0.7933333333333333,0.8133333333333334,2026-09-07,v2,SPY Top 150,False
SNDK,Sandisk Corp,Technology,1740.0,11.9,22.2837,16.422,12.5824,19.9399,0.0448758509583238,0.060893922786505905,0.07947609359104782,0.05015070286210061,93.13,71.47,1.2398,0.88608506,61.19,2.86,21.395104895104897,-3.063162152642688,0.0,2.2899,175.3,,2354.39,63.74,0.7317835548861676,False,2427.2317000000003,2073.938154,19.2,0.7954545454545454,0.7916666666666666,0.0037878787878787845,0.8484848484848485,11,17,5,0,0,33,1.2648324250882537,0.0,2026-06-30,False,0.3843118650565459,0.5,0.19215593252827295,1.0,0.7465923682731956,0.6803288590604027,0.35838926174496644,0.5618408546878524,0.19215593252827295,0.4879038702559365,30,0.13333333333333333,1.0,0.9333333333333333,0.7933333333333333,0.5133333333333333,0.8066666666666666,2026-09-07,v2,SPY Top 150,False
PH,Parker-Hannifin Corp,Industrials,962.59,-0.2,33.2599,8.0062,5.6436,25.834,0.03006623591772675,0.12490320001998452,0.177191863349635,0.0387086784857165,25.11,37.84,0.7006,0.26510704,21.65,19.62,1.103465851172273,-0.09845600031128168,0.5531,1.2623,8.31,5.03,1099.94,715.37,0.6428478560470136,False,28.6174,1186.289172,23.2,0.7647058823529411,0.7647058823529411,0.0,0.7941176470588235,9,18,7,0,0,34,4.28790922676389,0.0,2026-06-30,False,0.37263465593252826,1.0,0.37263465593252826,0.6266666666666667,0.5433331904884343,0.578765100671141,0.5263503818560519,0.513530865208965,0.37263465593252826,0.48535162335367765,31,0.34,0.6266666666666667,0.6066666666666667,0.6466666666666666,0.84,0.8,2026-09-07,v2,SPY Top 150,False
CRH,CRH PLC,Industrials,94.26,2.41,16.3392,2.9747,1.6233,9.6436,0.06120250685468076,0.3361683531112381,0.6160290765724142,0.1036957152930441,16.259999999999998,36.25,0.6616,0.23983,15.09,12.76,1.182601880877743,-0.16771699486311373,0.7691,1.5788,6.29,17.98,131.55,90.21,0.09796806966618311,False,-16.077099999999998,141.93300000000002,50.6,0.8125,0.8055555555555556,0.00694444444444442,0.9285714285714286,9,17,2,0,0,28,1.17485306331291,0.0,2026-06-30,False,0.8400747556066706,1.0,0.8400747556066706,0.12666666666666668,0.44676123951280367,0.8335973154362416,0.340735940754455,0.574543581622592,0.12666666666666668,0.48496819863140694,32,0.9333333333333333,0.12666666666666668,0.41333333333333333,0.9266666666666666,0.46,0.7933333333333333,2026-09-07,v2,SPY Top 150,False
MS,Morgan Stanley,Financials,217.72,0.26,16.9657,2.8248,2.6549,38.4035,0.058942454481689534,0.35400736335315774,0.3766620211684056,0.026039293293580013,17.83,56.72,0.0853,0.04838216,20.3,20.12,1.0089463220675945,-0.00890654081620325,8.5222,0.354,13.96,38.56,232.25,146.29,0.8309678920428106,False,44.9561,245.933322,13.0,0.696969696969697,0.6875,0.009469696969697017,0.6060606060606061,8,12,12,0,1,33,2.5921168622841213,0.0,2026-06-30,True,0.6455539582135327,1.0,0.6455539582135327,0.8,0.3125127417649916,0.557006711409396,0.5368479518629947,0.527070847144209,0.3125127417649916,0.4841592260683656,33,0.7066666666666667,0.8,0.12,0.5933333333333334,0.8533333333333334,0.7866666666666666,2026-09-07,v2,SPY Top 150,False
LRCX,Lam Research Corp,Technology,307.65,5.12,52.9866,41.2056,16.5701,44.3363,0.018872696115621684,0.02426854602287068,0.060349665964598884,0.02255488166581334,66.97,50.47,1.0607,0.53533529,35.29,31.37,1.1249601530124322,-0.1177476154845919,0.2995,2.6293,26.02,38.62,438.5,100.68,0.6126635486353679,False,196.79119999999998,373.541034,21.4,0.774390243902439,0.7682926829268293,0.0060975609756097615,0.8536585365853658,10,25,6,0,0,41,3.2502881658104763,0.0,2026-06-30,True,0.09898025685259727,1.0,0.09898025685259727,0.96,0.7761642383033835,0.6868859060402684,0.5784957185836612,0.5777458746997672,0.09898025685259727,0.48199275113033324,34,0.04666666666666667,0.96,0.98,0.8066666666666666,0.9066666666666666,0.78,2026-09-07,v2,SPY Top 150,False
UPS,United Parcel Service Inc,Industrials,102.29,-1.17,19.1495,6.0646,0.9731,10.283,0.05222068461317528,0.16489133660917454,1.027643613194944,0.09724788485850433,29.07,81.91,1.2509,1.0246121899999998,7.31,10.88,0.6718749999999999,-0.3976829676661096,1.625,1.179,-0.42,-20.08,122.41,82.0,0.5021034397426382,False,22.1459,118.57214400000001,15.9,0.6642857142857143,0.6590909090909091,0.0051948051948051965,0.5142857142857142,9,9,13,4,0,35,0.6073221974599818,0.0,2026-06-30,False,0.7784991374353077,1.0,0.7784991374353077,0.5533333333333333,0.580528292812997,0.5094295302013423,0.18847489007174267,0.5542737450870893,0.18847489007174267,0.48111397408402,35,0.8466666666666667,0.5533333333333333,0.6733333333333333,0.49333333333333335,0.16666666666666666,0.7733333333333333,2026-09-07,v2,SPY Top 150,False
JCI,Johnson Controls International PLC,Industrials,144.94,1.91,24.5309,6.6121,4.1604,25.6586,0.040764912824233925,0.15123788206469957,0.24036150370156714,0.038973287708604525,26.939999999999998,43.41,0.5516,0.23944955999999998,14.17,8.99,1.5761957730812013,-0.4550142052190601,0.7028,0.9998,5.08,70.9,157.06,104.03,0.7714501225721289,False,31.5932,166.954824,15.2,0.7019230769230769,0.7019230769230769,0.0,0.6153846153846154,5,11,10,0,0,26,7.045665528882793,0.0,2026-06-30,False,0.4905846271803719,0.9516584333098095,0.46686899770834966,0.6666666666666666,0.4075095420392538,0.4356510067114094,0.66294376301782,0.4922085445004851,0.4075095420392538,0.4752687440082389,36,0.48,0.6666666666666666,0.32,0.36666666666666664,0.9866666666666667,0.7666666666666667,2026-09-07,v2,SPY Top 150,False
WMT,Walmart Inc,Cons Staples,107.14,-1.18,38.6224,9.0081,1.1587,18.9632,0.025891710509963133,0.11101120103018394,0.8630361612151549,0.052733715828552144,22.74,25.23,2.5443,0.64192689,4.39,3.99,1.1002506265664158,-0.09553799618530769,0.5827,0.7671,6.16,4.13,135.16,98.88,0.22767364939360543,False,4.4318,130.32081,21.6,0.78125,0.796875,-0.015625,0.875,12,30,6,0,0,48,1.8727998000694324,0.0,2026-09-30,False,0.5159756565075714,1.0,0.5159756565075714,0.36666666666666664,0.6347923130398346,0.4247785234899329,0.3765378384633187,0.4975346551729943,0.36666666666666664,0.47136105747172874,37,0.5666666666666667,0.36666666666666664,0.7666666666666667,0.3466666666666667,0.5466666666666666,0.76,2026-09-07,v2,SPY Top 150,False
FCX,Freeport-McMoRan Inc,Materials,72.73,0.23,35.464,4.4959,4.0375,12.1001,0.028197608842770134,0.22242487599813165,0.24767801857585142,0.08264394509136289,15.260000000000002,27.06,0.443,0.1198758,26.76,29.35,0.9117546848381601,-0.09238431101407775,0.4668,2.0661,-24.23,53.11,80.24,35.15,0.8334442226657798,False,60.9227,75.06129,3.2,0.725,0.725,0.0,0.8,5,19,5,0,1,30,2.634569696508523,0.0,2026-06-30,True,0.53976327391221,1.0,0.53976327391221,0.8666666666666667,0.4338711396166043,0.3427986577181208,0.5539967600092571,0.5034280725747132,0.3427986577181208,0.47130218960339476,38,0.5866666666666667,0.8666666666666667,0.35333333333333333,0.24666666666666667,0.88,0.7533333333333333,2026-09-07,v2,SPY Top 150,False
LOW,Lowe's Companies Inc,Cons Discretionary,204.45,1.26,17.2674,316.2831,1.2684,11.9579,0.05791259830663563,0.003161724417144008,0.7883948281299274,0.08362672375584342,264.53000000000003,33.08,1.6561,0.5478378799999999,11.38,12.14,0.9373970345963757,-0.06464835693316727,52.2337,1.1046,8.16,-2.74,293.06,199.34,0.05452411438326916,False,-24.1473,258.550212,26.5,0.7317073170731707,0.7317073170731707,0.0,0.6829268292682927,11,17,12,1,0,41,6.563798534130623,0.0,2026-09-30,False,0.6463168487636572,1.0,0.6463168487636572,0.06666666666666667,0.7071114952051729,0.5631543624161074,0.5238185605183986,0.5715829839801141,0.06666666666666667,0.4705997205174246,39,0.7133333333333334,0.06666666666666667,0.9,0.6133333333333333,0.8266666666666667,0.7466666666666667,2026-09-07,v2,SPY Top 150,False
GS,Goldman Sachs Group Inc,Financials,1038.61,0.07,14.4192,2.4257,2.2398,51.8165,0.0693519751442521,0.4122521334047904,0.446468434681668,0.019298871980932716,16.939999999999998,41.8,0.0692,0.0289256,19.48,20.62,0.9447138700290979,-0.05687318037442489,11.0081,0.3193,6.67,41.66,1153.99,727.15,0.7296879392746695,False,39.4541,1198.3866779999998,15.4,0.6484375,0.640625,0.0078125,0.46875,6,9,16,0,1,32,6.8061131646013395,0.0,2026-06-30,True,0.6843875790684302,1.0,0.6843875790684302,0.7266666666666667,0.2578524316963308,0.5228859060402684,0.6416570238370748,0.5219450257262883,0.2578524316963308,0.4691265069202969,40,0.76,0.7266666666666667,0.06666666666666667,0.5133333333333333,0.9733333333333334,0.74,2026-09-07,v2,SPY Top 150,False
ADI,Analog Devices Inc,Technology,362.25,1.61,42.4507,5.2265,12.6449,32.0969,0.023556737580299032,0.19133263178035015,0.0790832667715838,0.031155656776822686,12.26,65.8,0.2887,0.18996459999999998,35.55,25.34,1.4029202841357535,-0.33855598135625675,0.2719,1.2504,33.65,114.38,445.91,223.47,0.6238985793921956,False,46.588,477.556146,31.8,0.8076923076923077,0.7894736842105263,0.018218623481781382,0.8974358974358975,13,22,4,0,0,39,1.5955163581443985,0.0,2026-09-30,False,0.2726672417097949,1.0,0.2726672417097949,0.8133333333333334,0.3649690264643983,0.9257181208053691,0.4854616986808609,0.5169537306633045,0.2726672417097949,0.46809643287260266,41,0.24,0.8133333333333334,0.19333333333333333,0.9933333333333333,0.7666666666666667,0.7333333333333333,2026-09-07,v2,SPY Top 150,False
GEV,GE Vernova Inc,Industrials,941.95,0.01,26.3301,26.4036,6.0644,34.0815,0.037979346831193195,0.03787362329379327,0.16489677461908844,0.029341431568446225,83.39,20.32,0.6043,0.12279375999999999,15.44,-1.22,,,0.2337,0.8496,12.98,744.44,1195.94,530.16,0.6185076151281205,False,56.99250000000001,1240.2732839999999,31.7,0.7738095238095238,0.7559523809523809,0.017857142857142905,0.8333333333333334,11,24,7,0,0,42,-1.3249709086065011,0.0,2026-06-30,False,0.32307360552041403,1.0,0.32307360552041403,0.8533333333333334,0.49527533830433584,0.8717114093959731,0.2335570469798658,0.5240601751309122,0.2335570469798658,0.46595954950070295,42,0.28,0.8533333333333334,0.5066666666666667,0.96,0.26666666666666666,0.7266666666666667,2026-09-07,v2,SPY Top 150,False
PNC,PNC Financial Services Group Inc,Financials,245.6,0.17,12.8449,1.5348,2.34179,,0.07785191009661421,0.6515506906437321,0.4270237724134103,,12.34,,,,34.5423,,,,0.7078,,72.26733,22.76,258.96,176.88,0.8372319688109163,False,17.665300000000002,280.016826,14.0,0.75,0.7592592592592593,-0.0092592592592593,0.7037037037037037,8,11,8,0,0,27,1.8742588172348609,0.0,2026-06-30,True,0.8063963963963964,1.0,0.8063963963963964,0.5066666666666667,0.42533333333333334,0.3026040268456376,0.4419625086785467,0.5066809474366752,0.3026040268456376,0.46586556331846773,43,0.8733333333333333,0.5066666666666667,0.34,0.21333333333333335,0.7066666666666667,0.72,2026-09-07,v2,SPY Top 150,False
WDC,Western Digital Corp,Technology,467.46,5.86,17.0973,22.4549,12.4719,37.4966,0.05848876723225305,0.044533709791626776,0.0801802451911898,0.026669084663676172,117.8,48.85,0.8777,0.42875645,30.25,11.1,2.725225225225225,-1.002551076158562,0.1187,1.3288,35.7,363.83,799.87,91.43,0.5307859522330755,False,404.1347,663.796518,42.0,0.75,0.7586206896551724,-0.008620689655172376,0.7741935483870968,7,17,7,0,0,31,2.217411658221307,0.0,2026-06-30,False,0.35136381061912975,0.5504132231404959,0.193395287497802,0.9866666666666667,0.68552977363845,0.48031543624161066,0.5482110622541079,0.5309691672190905,0.193395287497802,0.46345439127483284,44,0.14,0.9866666666666667,0.8666666666666667,0.4533333333333333,0.8666666666666667,0.7133333333333334,2026-09-07,v2,SPY Top 150,False
CVS,CVS Health Corp,Healthcare,96.74,-0.47,25.3022,1.6561,0.2981,19.8163,0.03952225498178024,0.6038282712396594,3.354579000335458,0.05046350731468539,6.41,14.15,1.6348,0.23132420000000004,2.11,2.88,0.7326388888888888,-0.3111023466598795,0.7705,0.8656,7.36,5.27,110.68,69.51,0.661403934904056,False,28.105999999999998,114.783456,18.7,0.7727272727272727,0.7727272727272727,0.0,0.8484848484848485,8,20,5,0,0,33,2.4974326388402797,0.0,2026-06-30,False,0.7366312056737588,1.0,0.7366312056737588,0.62,0.2824038368139874,0.5501744966442953,0.43376996065725526,0.5059793458900833,0.2824038368139874,0.46126424407486416,45,0.8333333333333334,0.62,0.08666666666666667,0.56,0.6933333333333334,0.7066666666666667,2026-09-07,v2,SPY Top 150,False
STX,Seagate Technology Holdings PLC,Technology,849.28,6.34,60.4537,84.8655,15.7839,46.0644,0.01654158471689905,0.01178335130294407,0.06335569789469016,0.021708738201300787,212.44,45.58,1.3545,0.6173811,32.33,15.81,2.044908285895003,-0.7153529405159611,1.6451,1.6697,34.06,104.53,1145.0,183.02,0.692592361587559,False,348.8375,1111.99431,30.9,0.775,0.7666666666666667,0.008333333333333304,0.8666666666666667,7,19,4,0,0,30,3.784277326409649,0.0,2026-06-30,False,0.08136860264519838,0.7335292298175069,0.059686248429659125,0.98,0.6588833814244494,0.7781073825503355,0.6337097894006017,0.561264521454907,0.059686248429659125,0.4609488668498575,46,0.02,0.98,0.8133333333333334,0.9,0.96,0.7,2026-09-07,v2,SPY Top 150,False
NOC,Northrop Grumman Corp,Industrials,514.98,-2.51,16.2722,4.0449,1.7057,14.0548,0.06145450522977839,0.24722490049197754,0.5862695667467902,0.07115006972706833,26.58,20.06,0.8517,0.17085102,10.72,10.68,1.00374531835206,-0.003738322110607158,0.8494,1.1682,5.9,15.95,774.0,479.02,0.121906569936945,False,-6.752299999999999,662.651058,28.7,0.6964285714285714,0.7053571428571429,-0.008928571428571508,0.6071428571428571,5,12,11,0,0,28,1.6843868957220978,0.0,2026-06-30,True,0.78915852022235,1.0,0.78915852022235,0.23333333333333334,0.5113913426468207,0.39095302013422817,0.4037121036797038,0.5127877857617683,0.23333333333333334,0.45689689527608135,47,0.86,0.23333333333333334,0.5333333333333333,0.2866666666666667,0.6133333333333333,0.6933333333333334,2026-09-07,v2,SPY Top 150,False
HCA,HCA Healthcare Inc,Healthcare,405.0,-1.03,12.8192,256.9178,1.124,8.6612,0.07800798801797304,0.0038922955124168117,0.889679715302491,0.11545744238673626,695.73,85.26,1.2728,1.08518928,15.48,15.39,1.0058479532163742,-0.005830920310793144,125.7976,0.993,7.31,25.46,556.52,353.99,0.2518639213943613,False,-1.4678,462.27726,14.1,0.6833333333333333,0.7,-0.016666666666666607,0.5666666666666667,6,11,12,1,0,30,0.14601096312744102,0.0,2026-06-30,True,0.7139907993099482,1.0,0.7139907993099482,0.3,0.7779645458960661,0.20661744966442952,0.2354732700763712,0.5185315440406485,0.20661744966442952,0.4561487251654047,48,0.7866666666666666,0.3,0.9866666666666667,0.09333333333333334,0.2733333333333333,0.6866666666666666,2026-09-07,v2,SPY Top 150,False
TXN,Texas Instruments Inc,Technology,258.44,1.82,38.9986,15.0648,12.1328,26.2811,0.025641946121142806,0.0663799054750146,0.08242120532770672,0.038050157717903745,35.77,58.33,0.5563,0.32448978999999994,37.29,42.06,0.8865905848787445,-0.12037197608382441,0.7804,4.8573,16.66,20.26,334.03,152.73,0.5830667402095975,False,38.466,315.719376,22.2,0.6395348837209303,0.625,0.014534883720930258,0.4883720930232558,7,14,19,2,1,43,1.6630994233063483,0.0,2026-06-30,True,0.23641939812152582,1.0,0.23641939812152582,0.72,0.6097977697149768,0.671731543624161,0.41277019208516547,0.5103060179824815,0.23641939812152582,0.4555286940102904,49,0.19333333333333333,0.72,0.7066666666666667,0.7866666666666666,0.6533333333333333,0.68,2026-09-07,v2,SPY Top 150,False
T,AT&T Inc,Comm Services,25.68,-1.95,8.1626,1.3023,1.383,6.5758,0.12250998456374196,0.7678722260615833,0.7230657989877078,0.15207275160436753,19.54,59.72,0.3006,0.17951831999999998,20.12,13.9,1.4474820143884892,-0.36982550509489237,1.3034,0.971,2.63,72.22,29.79,19.89,0.5848484848484848,False,-12.402800000000001,29.002476,12.9,0.7,0.7,0.0,0.5714285714285714,9,11,14,1,0,35,3.2129308745768217,0.0,2026-06-30,True,0.9718027602070154,1.0,0.9718027602070154,0.16666666666666666,0.3197402413126494,0.39662416107382553,0.5938532747049294,0.5239422525327199,0.16666666666666666,0.45248713535950924,50,0.9933333333333333,0.16666666666666666,0.14,0.31333333333333335,0.9133333333333333,0.6733333333333333,2026-09-07,v2,SPY Top 150,False
KLAC,KLA Corp,Technology,185.6,7.32,50.198,62.0673,17.8575,40.6723,0.019921112394916132,0.016111543437526684,0.05599888002239955,0.024586758063841977,85.38,61.57,0.8004,0.49280628000000004,41.77,38.55,1.0835278858625164,-0.08022227849974561,0.9272,2.8762,11.71,20.63,307.3743,87.83,0.4453315344556884,False,99.2751,234.468624,26.3,0.7428571428571429,0.7357142857142858,0.0071428571428571175,0.6857142857142857,10,14,11,0,0,35,1.4749887460556024,0.0,2026-06-30,False,0.09884416331224842,1.0,0.09884416331224842,0.9266666666666666,0.7571640002285518,0.6813087248322147,0.39341819023374225,0.5398013810647986,0.09884416331224842,0.4516099375142886,51,0.04,0.9266666666666666,0.96,0.8,0.6,0.6666666666666666,2026-09-07,v2,SPY Top 150,False
TJX,TJX Companies Inc,Cons Discretionary,132.08,-0.08,23.9467,16.3356,2.3297,15.3944,0.041759407350490885,0.0612159945150469,0.4292398162853587,0.06495868627552877,59.77,32.0,1.7296,0.5534720000000001,12.69,10.47,1.2120343839541545,-0.19230025684385063,0.2696,1.1474,7.66,23.31,170.0,130.15,0.04843161856963631,False,-3.7892,173.91,31.7,0.7592592592592593,0.8076923076923077,-0.04843304843304841,0.7777777777777778,8,13,5,1,0,27,0.41155072386631114,0.0,2026-09-30,False,0.5663465593252828,1.0,0.5663465593252828,0.26666666666666666,0.7222239665171557,0.39654362416107375,0.2419995371441796,0.5005291518569758,0.2419995371441796,0.44882322891441656,52,0.6266666666666667,0.26666666666666666,0.92,0.30666666666666664,0.29333333333333333,0.66,2026-09-07,v2,SPY Top 150,False
CMI,Cummins Inc,Industrials,560.75,2.8,28.4329,7.6606,2.2241,19.1138,0.035170524287005546,0.13053807795734015,0.44962007103997126,0.052318220343416794,21.89,25.66,1.0082,0.25870412,11.22,10.75,1.0437209302325583,-0.0427921455208786,0.599,1.7272,2.93,-7.98,737.76,390.11,0.49083848698403565,False,40.8868,767.649348,36.9,0.7142857142857143,0.7053571428571429,0.008928571428571397,0.6785714285714286,5,14,9,0,0,28,-0.8749581576565397,0.0,2026-06-30,False,0.5446473068813494,1.0,0.5446473068813494,0.7666666666666667,0.5710254025845404,0.7290335570469799,0.0759453830131914,0.541334633023741,0.0759453830131914,0.4482567830216311,53,0.6066666666666667,0.7666666666666667,0.6533333333333333,0.8666666666666667,0.04,0.6533333333333333,2026-09-07,v2,SPY Top 150,False
WFC,Wells Fargo & Co,Financials,89.97,0.87,12.0331,1.389,1.90599,,0.08310410451172184,0.7199424046076314,0.5246617243532232,,12.55,,,,25.34514,25.21255,1.0052588889263483,-0.005245109259358108,2.5479,,72.74767,16.88,97.76,72.78,0.6881505204163328,False,9.7998,102.255,13.7,0.7166666666666667,0.7413793103448276,-0.02471264367816095,0.6666666666666666,6,14,10,0,0,30,2.6848089464264913,0.0,2026-06-30,True,0.8378378378378378,1.0,0.8378378378378378,0.41333333333333333,0.46839080459770116,0.2120268456375839,0.4856283267762092,0.5065596523160513,0.2120268456375839,0.4476530909803578,54,0.92,0.41333333333333333,0.4533333333333333,0.11333333333333333,0.7733333333333333,0.6466666666666666,2026-09-07,v2,SPY Top 150,False
ETN,Eaton Corporation PLC,Industrials,410.85,3.46,41.6534,8.1694,5.3147,27.8694,0.02400764403386038,0.12240801038019929,0.18815737482830638,0.035881647972328075,19.59,35.9,0.6217,0.2231903,17.53,17.02,1.0299647473560518,-0.02952457578791516,1.0176,1.2404,15.53,-1.15,478.0,311.92,0.5956767822736032,False,15.4799,483.330264,17.6,0.7727272727272727,0.7651515151515151,0.007575757575757569,0.8181818181818182,9,18,6,0,0,33,2.705803827377525,0.0,2026-06-30,False,0.3241268928502971,1.0,0.3241268928502971,0.48,0.5081772419506899,0.6546241610738255,0.4407081694052303,0.4785159534233309,0.3241268928502971,0.4476381413087242,55,0.2866666666666667,0.48,0.5266666666666666,0.7666666666666667,0.7,0.64,2026-09-07,v2,SPY Top 150,False
CAT,Caterpillar Inc,Industrials,813.94,1.72,34.5027,25.2892,5.0067,26.668,0.028983238992890414,0.0395425715325119,0.19973235863942315,0.03749812509374531,54.2,34.67,0.7655,0.26539885,17.52,16.56,1.0579710144927537,-0.05635293655113178,2.3277,1.3684,18.36,18.21,1073.46,416.44,0.6050044138686799,False,90.3191,977.2591440000001,20.1,0.6764705882352942,0.6911764705882353,-0.014705882352941124,0.5294117647058824,7,11,15,1,0,34,4.974415552729205,0.0,2026-06-30,False,0.3077947096032202,1.0,0.3077947096032202,0.92,0.5754633079069413,0.29101342281879194,0.577014579958343,0.4863425413303973,0.29101342281879194,0.44727671762807625,56,0.26666666666666666,0.92,0.66,0.16,0.9,0.6333333333333333,2026-09-07,v2,SPY Top 150,False
NEE,Nextera Energy Inc,Utilities,83.43,-0.75,18.7153,3.2044,6.0637,18.2716,0.053432218559146795,0.31207090250905006,0.1649158104787506,0.054729744521552576,16.82,,0.1318,,29.82,26.67,1.1181102362204725,-0.11163997114266946,1.929,0.5338,10.82,55.3,98.75,69.24,0.4808539478143006,False,16.349,99.58362,19.4,0.7232142857142857,0.7241379310344828,-0.000923645320197064,0.6428571428571429,8,10,9,1,0,28,0.7237897215676752,0.0,2026-06-30,False,0.6377065363235574,1.0,0.6377065363235574,0.5,0.3954621984782256,0.44842953020134224,0.34732237907891694,0.46984955652646304,0.34732237907891694,0.44534412103695387,57,0.7,0.5,0.24666666666666667,0.3933333333333333,0.4866666666666667,0.6266666666666667,2026-09-07,v2,SPY Top 150,False
BKNG,Booking Holdings Inc,Comm Services,193.29,-0.94,20.1463,91.9014,5.1427,15.0381,0.04963690603237319,0.01088122705421245,0.1944503859840162,0.06649776235029692,139.63,98.09,0.9787,0.96000683,32.87,28.47,1.1545486476993325,-0.14370948638618175,11.2905,1.0943,12.85,57.21,226.1,150.14,0.5680621379673513,False,-9.3194,242.443494,25.4,0.776595744680851,0.7771739130434783,-0.0005781683626272516,0.8297872340425532,13,26,8,0,0,47,0.42937627612718865,0.0,2026-06-30,False,0.4901964730688134,1.0,0.4901964730688134,0.20666666666666667,0.6737598396327935,0.5669261744966443,0.30507752834991897,0.5044906009755248,0.20666666666666667,0.4449258141137532,58,0.5333333333333333,0.20666666666666667,0.8466666666666667,0.62,0.41333333333333333,0.62,2026-09-07,v2,SPY Top 150,False
ACN,Accenture PLC,Technology,186.72,-3.31,14.6682,3.7846,1.5631,8.3369,0.06817469082777709,0.2642287163768958,0.6397543343356151,0.1199486619726757,24.89,32.01,1.0994,0.35191794,14.49,14.67,0.9877300613496933,-0.012345835822299266,0.1612,1.3392,6.74,-0.37,291.09,118.15,0.3964958945298948,False,-25.1601,198.86123999999998,6.5,0.6953125,0.6953125,0.0,0.59375,6,13,13,0,0,32,0.7184978836946156,0.0,2026-06-30,True,0.8516695418823078,1.0,0.8516695418823078,0.06,0.7123452561209039,0.3359127516778524,0.22534598472575793,0.5336054103512823,0.06,0.43888432828102586,59,0.9466666666666667,0.06,0.9066666666666666,0.24,0.25333333333333335,0.6133333333333333,2026-09-07,v2,SPY Top 150,False
GLW,Corning Inc,Technology,154.3,5.68,69.9538,17.5026,7.835,51.4575,0.014295149084109797,0.05713436860809251,0.1276324186343331,0.019433513093329444,15.93,36.38,0.5424,0.19732512,15.31,11.09,1.3805229936880072,-0.32246240830731676,0.6707,1.8132,19.41,131.21,271.78,70.06,0.41760856632956583,False,112.99889999999999,199.614,29.4,0.7738095238095238,0.75,0.023809523809523836,0.7619047619047619,7,9,5,0,0,21,1.6470158235621497,0.0,2026-06-30,False,0.16350872148744489,1.0,0.16350872148744489,0.94,0.3977678294241446,0.8885570469798658,0.49571395510298544,0.5062760318605256,0.16350872148744489,0.43772256978590945,60,0.10666666666666667,0.94,0.2733333333333333,0.9866666666666667,0.8066666666666666,0.6066666666666667,2026-09-07,v2,SPY Top 150,False
CMCSA,Comcast Corp,Comm Services,26.49,-0.6,8.3939,0.977,0.7526,5.1858,0.11913413312048034,1.0235414534288638,1.3287270794578794,0.1928342782212966,12.04,69.39,0.4699,0.32606360999999995,14.66,16.83,0.87106357694593,-0.13804031174420914,1.0069,0.7958,0.58,-49.0,32.86,21.28,0.4499136442141622,False,-16.157300000000003,32.014842,20.9,0.6125,0.6125,0.0,0.4,5,11,21,3,0,40,1.574690361946826,0.0,2026-06-30,False,0.9926126126126127,1.0,0.9926126126126127,0.12,0.4005963345998914,0.4412751677852349,0.3083128905345985,0.5148340206703573,0.12,0.4358672165362859,61,1.0,0.12,0.3,0.38,0.42,0.6,2026-09-07,v2,SPY Top 150,False
CSX,CSX Corp,Industrials,49.41,0.86,28.3993,6.2716,6.3072,16.5488,0.0352121355103823,0.15944894444798774,0.15854895991882292,0.06042734216378227,24.07,71.47,0.33,0.235851,34.15,38.18,0.894447354635935,-0.11154923228080248,1.3396,0.8204,2.52,6.36,53.6,31.8,0.8077981651376145,False,54.0684,53.9733,9.2,0.725,0.7142857142857143,0.010714285714285676,0.7,7,14,8,1,0,30,0.7421500915534914,0.0,2026-06-30,True,0.48936936936936937,1.0,0.48936936936936937,0.84,0.4255044472378558,0.555261744966443,0.24860911825966212,0.48233739324593694,0.24860911825966212,0.435591738248682,62,0.5266666666666666,0.84,0.3466666666666667,0.5733333333333334,0.32,0.5933333333333334,2026-09-07,v2,SPY Top 150,False
ICE,Intercontinental Exchange Inc,Financials,161.26,-2.02,22.4196,2.3559,6.7429,15.58,0.044603828792663565,0.42446623371110825,0.14830414213468984,0.06418485237483953,13.850000000000001,78.64,0.0851,0.06692263999999999,40.72,40.75,0.9992638036809816,-0.0007364674446044524,0.6716,1.0123,6.95,35.87,176.59,121.79,0.7202554744525546,False,-7.813899999999999,188.367786,16.8,0.7875,0.7857142857142857,0.0017857142857142794,0.9,5,13,2,0,0,20,1.2753151666399876,0.0,2026-06-30,False,0.6217529231359019,1.0,0.6217529231359019,0.22666666666666666,0.39995927015779603,0.6284966442953019,0.40992825734783617,0.4852812459592168,0.22666666666666666,0.43355833010070677,63,0.6866666666666666,0.22666666666666666,0.29333333333333333,0.72,0.64,0.5866666666666667,2026-09-07,v2,SPY Top 150,False
AXP,American Express Co,Financials,326.16,-1.11,19.245,6.7327,2.7116,23.5333,0.051961548454143934,0.14852882201791257,0.3687859566307715,0.04249297803537965,34.12,60.62,0.2675,0.1621585,18.18,18.88,0.9629237288135594,-0.03778107196802181,6.3017,0.2566,9.48,15.53,387.49,290.97,0.3645876502279321,False,1.1961,383.44543799999997,17.6,0.6554054054054054,0.6458333333333334,0.009572072072072002,0.5405405405405406,5,15,16,0,1,37,0.8756622349151112,0.0,2026-06-30,False,0.6109401955146636,1.0,0.6109401955146636,0.3333333333333333,0.3988334333247626,0.5838187919463087,0.2983059476972923,0.4672280627532836,0.2983059476972923,0.4334436397420854,64,0.6733333333333333,0.3333333333333333,0.2866666666666667,0.66,0.3933333333333333,0.58,2026-09-07,v2,SPY Top 150,False
SHW,Sherwin-Williams Co,Materials,333.71,0.44,30.1357,22.0307,3.3187,23.9958,0.033183234502599905,0.04539120409247096,0.30132280712327114,0.04167395960959835,62.12,48.98,0.9261,0.45360377999999996,14.29,13.15,1.0866920152091253,-0.08313823331800231,3.1318,0.727,5.76,7.65,377.77,289.86,0.49880559663291985,False,-8.8913,400.062564,19.9,0.6796875,0.675,0.004687499999999956,0.5625,5,13,14,0,0,32,3.1691329705456672,0.0,2026-06-30,False,0.3949731646540157,1.0,0.3949731646540157,0.21333333333333335,0.613540287023017,0.5557986577181208,0.48704929414487386,0.4883558362690975,0.21333333333333335,0.4333513356819447,65,0.37333333333333335,0.21333333333333335,0.72,0.58,0.78,0.5733333333333334,2026-09-07,v2,SPY Top 150,False
REGN,Regeneron Pharmaceuticals Inc,Healthcare,827.72,-1.87,19.6867,2.0614,5.4856,19.5504,0.050795714873493276,0.4851072086931212,0.1822954644888435,0.05114984859644815,13.81,85.97,0.3805,0.32711585,24.74,35.7,0.6929971988795517,-0.36672932182125173,0.0854,3.3353,9.29,1.88,859.34,541.0,0.9006722372306339,False,40.7739,852.181134,3.0,0.7236842105263158,0.7368421052631579,-0.013157894736842035,0.6842105263157895,8,18,12,0,0,38,2.530298006330677,0.0,2026-06-30,False,0.6559996166379146,1.0,0.6559996166379146,0.76,0.533138745250407,0.1716778523489933,0.4288498032862763,0.49860456869734093,0.1716778523489933,0.43321922542767144,66,0.7266666666666667,0.76,0.5933333333333334,0.08,0.68,0.5666666666666667,2026-09-07,v2,SPY Top 150,False
MCK,McKesson Corp,Healthcare,907.99,-1.45,23.0538,4.0599,0.2576,16.3403,0.043376796883810916,0.24631148550456908,3.8819875776397517,0.061198386810523676,39.43,3.64,4.8493,0.17651452000000004,1.58,1.26,1.253968253968254,-0.22631312607548879,1.2917,0.8931,8.84,49.07,999.0,682.35,0.7125848728880467,False,29.529799999999998,1001.9970000000001,10.4,0.78125,0.8152173913043478,-0.03396739130434778,0.7916666666666666,8,11,5,0,0,24,1.2166907739266106,0.0,2026-06-30,False,0.716800843396588,1.0,0.716800843396588,0.64,0.3958096163186013,0.2612214765100671,0.4122749363573247,0.47602863150033947,0.2612214765100671,0.43306720050228503,67,0.7933333333333333,0.64,0.25333333333333335,0.14,0.6466666666666666,0.56,2026-09-07,v2,SPY Top 150,False
CRM,Salesforce Inc,Technology,259.23,-1.97,22.081,3.9271,4.8556,26.0196,0.04528780399438431,0.2546408291105396,0.2059477716451108,0.0384325662193116,20.150000000000002,77.28,0.4148,0.32055744,18.78,10.6,1.7716981132075473,-0.5719384726620955,1.0237,0.8385,11.23,59.27,269.11,146.32,0.919537421614138,False,2.7215,277.006908,6.9,0.7330508474576272,0.7327586206896551,0.00029222676797202585,0.7457627118644068,14,30,13,1,1,59,8.494069412172767,0.0,2026-09-30,False,0.5435135135135135,0.8466453674121405,0.460163198342112,0.3466666666666667,0.3931718233675209,0.4301543624161074,0.6655172413793103,0.453517471952569,0.3466666666666667,0.43214731089538855,68,0.47333333333333333,0.3466666666666667,0.24,0.35333333333333333,1.0,0.5533333333333333,2026-09-07,v2,SPY Top 150,False
ANET,Arista Networks Inc,Technology,193.78,1.22,60.4263,14.4559,23.1861,52.1834,0.01654908541479455,0.06917590741496552,0.04312928866864199,0.01916318216137699,30.78,63.0,0.5088,0.320544,43.14,37.92,1.1376582278481013,-0.12897196357418933,0.0,2.9572,32.57,24.69,214.89,114.52,0.7896781906944307,False,36.6288,242.832522,25.3,0.8,0.8014705882352942,-0.0014705882352941124,0.9428571428571428,9,24,2,0,0,35,7.291434652164328,0.0,2026-06-30,False,0.12747364385662258,1.0,0.12747364385662258,0.7066666666666667,0.6574835061756611,0.5783489932885906,0.6125063642675307,0.5073258827813683,0.12747364385662258,0.43135543499641915,69,0.07333333333333333,0.7066666666666667,0.8066666666666666,0.6333333333333333,0.9333333333333333,0.5466666666666666,2026-09-07,v2,SPY Top 150,False
LLY,Eli Lilly and Co,Healthcare,1149.36,-0.88,40.5058,33.3408,13.5812,31.5663,0.024687822484681207,0.02999328150494289,0.07363119606514888,0.03167935424804301,92.58,83.4,0.6553,0.5465202,42.22,26.78,1.5765496639283045,-0.455238702157148,1.6207,1.3546,49.58,94.62,1292.65,712.05,0.753203582500861,False,58.6877,1322.743446,15.1,0.7631578947368421,0.7631578947368421,0.0,0.7894736842105263,11,19,7,1,0,38,3.587324693569875,0.0,2026-06-30,False,0.15491853555683344,0.9514448128848888,0.1473964370752724,0.86,0.627962598443943,0.49405369127516774,0.6094376301781995,0.5014642715837645,0.1473964370752724,0.43065070468206607,70,0.09333333333333334,0.86,0.7533333333333333,0.47333333333333333,0.9266666666666666,0.54,2026-09-07,v2,SPY Top 150,False
NEM,Newmont Corporation,Materials,128.09,-1.79,15.6994,2.8292,5.238,8.3911,0.06369670178478158,0.35345680757811393,0.19091256204658266,0.11917388661796427,25.05,68.94,0.4538,0.31284972,50.97,14.04,3.6303418803418803,-1.2893268257542854,0.1588,2.5461,25.18,42.23,135.29,75.22,0.8801398368570004,False,66.55300000000001,136.25160000000002,6.4,0.7890625,0.7903225806451613,-0.0012600806451612545,0.84375,10,17,5,0,0,32,0.4196666916223682,0.0,2026-06-30,True,0.7545303814452752,0.5,0.3772651907226376,0.8933333333333333,0.5243511222847566,0.3956644295302013,0.2906873408933117,0.4636909547394567,0.2906873408933117,0.4290902319702277,71,0.35333333333333333,0.8933333333333333,0.54,0.3,0.37333333333333335,0.5333333333333333,2026-09-07,v2,SPY Top 150,False
CB,Chubb Limited,Financials,341.59,-1.91,11.7823,1.7534,2.1324,8.7933,0.08487307232034492,0.5703205201323144,0.4689551678859501,0.11372294815370793,15.18,,0.2249,,23.26,19.24,1.2089397089397091,-0.1897437018529581,0.2425,0.162,8.02,24.7,365.91,265.3,0.7582745253950894,False,22.265700000000002,361.746978,5.9,0.6642857142857143,0.6714285714285714,-0.0071428571428571175,0.5142857142857142,8,10,15,1,1,35,0.8488979884416739,0.0,2026-06-30,True,0.8992620279854323,1.0,0.8992620279854323,0.56,0.43750040472721385,0.16553020134228189,0.32193936588752603,0.4934625735661075,0.16553020134228189,0.4278760991213424,72,0.98,0.56,0.38,0.06666666666666667,0.44,0.5266666666666666,2026-09-07,v2,SPY Top 150,False
WMB,Williams Companies Inc,Energy,74.15,0.14,29.5104,6.8929,7.4308,17.3424,0.03388635870743873,0.14507681817522378,0.1345750121117511,0.05766214595442384,23.86,82.37,0.2082,0.17149434000000002,38.18,33.0,1.156969696969697,-0.14580425683112133,2.3346,0.4771,8.72,26.31,80.08,56.09,0.7528136723634851,False,30.8321,86.63931,16.8,0.7592592592592593,0.7586206896551724,0.0006385696040869249,0.8148148148148148,7,15,4,1,0,27,2.479330067855023,0.0,2026-06-30,False,0.43916906267970096,1.0,0.43916906267970096,0.66,0.31245702749288157,0.5607114093959732,0.49800046285582045,0.4563717252253574,0.31245702749288157,0.42758878567886227,73,0.44,0.66,0.11333333333333333,0.6066666666666667,0.8133333333333334,0.52,2026-09-07,v2,SPY Top 150,False
HON,Honeywell International Inc,Industrials,209.61,0.95,7.7043,3.8268,1.7022,7.8211,0.12979764547071115,0.2613149367617853,0.5874750323111269,0.12785925253480968,53.6,36.41,0.5096,0.18554536000000002,28.84,18.49,1.559762033531639,-0.44453326701771495,1.8335,1.2106,-0.11,169.74,496.36,204.81,0.01646372834848229,False,-46.2626,304.841688,45.4,0.7016129032258065,0.6875,0.014112903225806495,0.6451612903225806,5,15,11,0,0,31,-1.9505956392824528,0.0,2026-06-30,True,0.8795744680851063,0.9616851595006933,0.8458737126331629,0.013333333333333334,0.4060696035577903,0.7853020134228187,0.20988197176579498,0.5231653410083942,0.013333333333333334,0.421198939473382,74,0.94,0.013333333333333334,0.31333333333333335,0.9066666666666666,0.22666666666666666,0.5133333333333333,2026-09-07,v2,SPY Top 150,False
VRT,Vertiv Holdings Co,Technology,280.53,4.35,62.3561,27.032,9.4081,45.5764,0.01603692341246486,0.03699319325244155,0.10629138720889447,0.021941180084429662,42.11,38.04,0.8775,0.333801,18.41,8.12,2.267241379310345,-0.8185638410714001,0.6179,1.3786,26.23,111.16,379.935,118.7,0.6194805443374738,False,117.8039,337.638258,20.4,0.7916666666666666,0.7794117647058824,0.01225490196078427,0.8888888888888888,10,22,4,0,0,36,1.1606471166956316,0.0,2026-06-30,True,0.13909334866781675,0.6615969581749048,0.09202373638098901,0.9466666666666667,0.5441138473845099,0.7883020134228188,0.42703540847026156,0.50262246893237,0.09202373638098901,0.42050272242209374,75,0.02666666666666667,0.9466666666666667,0.6133333333333333,0.9133333333333333,0.6733333333333333,0.5066666666666667,2026-09-07,v2,SPY Top 150,False
RTX,RTX Corp,Industrials,200.79,-0.66,34.9724,3.8493,2.8943,20.134,0.028593976964692156,0.259787493830047,0.3455066855543655,0.04966722956193503,11.799999999999999,20.35,0.5467,0.11125345,11.21,7.79,1.4390243902439026,-0.36396537720141175,0.5632,1.0105,11.84,24.78,226.88,150.61,0.6579257899567326,False,30.8104,229.473582,14.3,0.7083333333333334,0.7,0.008333333333333415,0.6666666666666666,7,13,9,0,1,30,2.8071139588492993,0.0,2026-06-30,True,0.5182087406555492,1.0,0.5182087406555492,0.6533333333333333,0.25673070403489223,0.5525771812080537,0.5260402684563759,0.46132620621775544,0.25673070403489223,0.42040710578118284,76,0.5733333333333334,0.6533333333333333,0.06,0.5666666666666667,0.8333333333333334,0.5,2026-09-07,v2,SPY Top 150,False
QCOM,Qualcomm Inc,Technology,168.74,0.1,19.1399,7.1918,4.0213,16.0507,0.05224687694293073,0.13904724825495704,0.24867580135776987,0.06230257870373255,37.330000000000005,54.23,0.8098,0.43915454,23.0,27.9,0.8243727598566308,-0.19313247289817023,0.5521,2.0156,1.88,-16.65,259.92,121.99,0.33894004205031547,False,6.5887,197.00841,16.8,0.6122448979591837,0.609375,0.002869897959183687,0.40816326530612246,5,15,26,3,0,49,-0.4818001792575668,0.0,2026-06-30,False,0.6219800651715545,1.0,0.6219800651715545,0.3933333333333333,0.6696912550352827,0.4627248322147651,0.0925387641749595,0.5021615072060037,0.0925387641749595,0.4202369585997949,77,0.6933333333333334,0.3933333333333333,0.84,0.42,0.05333333333333334,0.49333333333333335,2026-09-07,v2,SPY Top 150,False
ISRG,Intuitive Surgical Inc,Healthcare,366.7,-0.85,41.2728,7.7521,11.7403,35.1346,0.024229032195537983,0.12899730395634731,0.08517669906220454,0.028461971959265225,17.810000000000002,66.68,0.5463,0.36427284000000004,31.28,27.89,1.1215489422732163,-0.11471071403771285,0.0,4.9627,20.66,21.76,603.88,328.57,0.13849841996295084,False,-18.758,490.3854,33.7,0.75625,0.7375,0.018749999999999933,0.725,13,16,10,1,0,40,2.196718857664023,0.0,2026-06-30,True,0.2377142035652674,1.0,0.2377142035652674,0.08666666666666667,0.6559763020312545,0.8491946308724831,0.45657949548715576,0.5032139586649299,0.08666666666666667,0.41990450026527726,78,0.2,0.08666666666666667,0.8,0.9333333333333333,0.72,0.4866666666666667,2026-09-07,v2,SPY Top 150,False
SYK,Stryker Corp,Healthcare,303.13,-1.58,31.1806,5.0316,4.5002,20.478,0.03207122377375676,0.19874393830988155,0.2222123461179503,0.048832893837288796,16.36,65.31,0.5465,0.35691915,21.32,17.04,1.251173708920188,-0.22408207789647427,0.6229,2.1571,8.48,27.71,396.37,281.0,0.1918176302331628,False,-16.348399999999998,392.35238400000003,29.4,0.7867647058823529,0.7857142857142857,0.0010504201680672232,0.7941176470588235,12,15,7,0,0,34,1.1215459503060061,0.0,2026-06-30,False,0.4867232125742764,1.0,0.4867232125742764,0.11333333333333333,0.5407866897123104,0.7194295302013424,0.3651515852811849,0.49390878722304177,0.11333333333333333,0.4177936964451001,79,0.5066666666666667,0.11333333333333333,0.6,0.8533333333333334,0.5333333333333333,0.48,2026-09-07,v2,SPY Top 150,False
AMGN,Amgen Inc,Healthcare,437.23,-1.55,27.0365,16.7214,6.205,18.5143,0.036987036043866627,0.05980360496130707,0.16116035455278002,0.054012304002851855,89.32,74.3,0.4131,0.3069333,30.32,28.53,1.0627409744128986,-0.06085139554876219,4.9028,1.3709,9.1,31.72,447.03,269.77,0.9447139794651926,False,52.4398,397.709526,-9.0,0.627906976744186,0.6337209302325582,-0.005813953488372103,0.46511627906976744,6,14,20,2,1,43,3.6317970306339107,0.0,2026-06-30,False,0.41354130726471156,1.0,0.41354130726471156,0.8333333333333334,0.6089119551657477,0.14963758389261747,0.5686554038417033,0.4846180740540145,0.14963758389261747,0.4176219760217352,80,0.4066666666666667,0.8333333333333334,0.7,0.05333333333333334,0.8933333333333333,0.47333333333333333,2026-09-07,v2,SPY Top 150,False
DHR,Danaher Corp,Healthcare,207.66,-1.6,36.4591,2.6408,5.8144,28.5071,0.027427994657026642,0.37867312935474096,0.17198679141441936,0.03507898032419993,7.66,58.57,0.296,0.1733672,20.42,23.08,0.8847487001733103,-0.12245162890337923,0.5051,1.651,4.56,19.66,242.8,160.93,0.5707829485770122,False,6.4838000000000005,230.07211800000002,10.8,0.8046875,0.796875,0.0078125,0.84375,12,15,5,0,0,32,1.129856034931391,0.0,2026-06-30,True,0.4270567375886525,1.0,0.4270567375886525,0.38666666666666666,0.3726068098924854,0.6336711409395974,0.3409210830826198,0.4350852846818879,0.3409210830826198,0.4162524443620343,81,0.4266666666666667,0.38666666666666666,0.20666666666666667,0.74,0.4666666666666667,0.4666666666666667,2026-09-07,v2,SPY Top 150,False
DUK,Duke Energy Corp,Utilities,120.22,-0.97,17.8646,1.8024,2.8191,11.6315,0.05597662416175005,0.5548158011540169,0.3547231385903302,0.08597343420882947,9.879999999999999,45.96976,0.169,0.0776888944,27.75,24.09,1.1519302615193026,-0.14143902356566346,1.6664,0.6612,6.33,7.71,134.49,113.9,0.3069451189898005,False,-0.5819000000000001,138.83393400000003,15.5,0.6666666666666666,0.6517857142857143,0.014880952380952328,0.5555555555555556,4,11,11,1,0,27,1.6620938571337012,0.0,2026-06-30,False,0.8098514471918727,1.0,0.8098514471918727,0.30666666666666664,0.18852592158767345,0.629248322147651,0.37769034945614444,0.47219052178888876,0.18852592158767345,0.41545760174864577,82,0.8866666666666667,0.30666666666666664,0.006666666666666667,0.7266666666666667,0.5533333333333333,0.46,2026-09-07,v2,SPY Top 150,False
JNJ,Johnson & Johnson,Healthcare,275.23,-1.15,31.529,7.3236,6.773,21.3776,0.03171683212280758,0.13654486864383636,0.14764506127270044,0.046777935783249756,25.740000000000002,68.05,0.4934,0.3357587,25.73,23.93,1.075219389887171,-0.07252472437337085,0.5771,1.0889,8.06,-7.75,281.07,173.33,0.9457954334509006,False,50.722699999999996,274.55931599999997,-0.2,0.7338709677419355,0.7258064516129032,0.008064516129032251,0.7096774193548387,7,15,9,0,0,31,0.35772413699001365,0.0,2026-06-30,True,0.40008050603795287,1.0,0.40008050603795287,0.8266666666666667,0.6037009827729052,0.46503355704697985,0.15450590141171025,0.47997968462917895,0.15450590141171025,0.41488492798568527,83,0.38,0.8266666666666667,0.6866666666666666,0.4266666666666667,0.12,0.4533333333333333,2026-09-07,v2,SPY Top 150,False
GILD,"Gilead Sciences, Inc",Healthcare,150.995,-0.15,,13.2617,6.1473,19.2454,,0.07540511397482978,0.16267304344996988,0.051960468475583776,-16.3,79.6,0.5458,0.4344567999999999,-8.2,26.21,-0.3128576879053796,,2.219,1.2654,5.52,,157.29,108.46,0.8710833503993449,False,28.061999999999998,160.94886,6.6,0.7635135135135135,0.7702702702702703,-0.006756756756756799,0.8108108108108109,9,21,7,0,0,37,4.0254626656897345,0.0,2026-06-30,False,0.4375531914893617,1.0,0.4375531914893617,0.6133333333333333,0.4370796741231704,0.29226174496644297,0.5597315436241611,0.44425761397953767,0.29226174496644297,0.41385844017691875,84,0.43333333333333335,0.6133333333333333,0.37333333333333335,0.16666666666666666,0.8866666666666667,0.44666666666666666,2026-09-07,v2,SPY Top 150,False
HWM,Howmet Aerospace Inc,Industrials,259.27,-0.47,55.2631,18.7671,11.3411,38.5682,0.018095257052174053,0.05328473765259417,0.08817486839900891,0.025928096203608156,34.410000000000004,36.03,0.7492,0.26993676,27.2,18.43,1.475854584915898,-0.3892372016202197,0.7852,1.8183,18.08,35.22,310.0,173.38,0.6286780851998242,False,39.6477,338.403258,30.5,0.7857142857142857,0.7857142857142857,0.0,0.8214285714285714,9,14,5,0,0,28,2.543778965881253,0.0,2026-06-30,False,0.15762698869081848,1.0,0.15762698869081848,0.7333333333333333,0.49167962746050337,0.6636912751677853,0.521860680398056,0.47126132583745445,0.15762698869081848,0.4085344584081273,85,0.1,0.7333333333333333,0.5,0.78,0.82,0.44,2026-09-07,v2,SPY Top 150,False
TMO,Thermo Fisher Scientific Inc,Healthcare,613.78,-0.75,32.5787,3.572,4.8978,28.0728,0.030694901883746132,0.2799552071668533,0.2041733022989914,0.03562166937391354,13.33,40.93,0.4214,0.17247902,17.58,18.55,0.947708894878706,-0.0537078967964134,0.8076,1.5505,7.23,7.52,647.0,435.27,0.8431020639493694,False,25.1381,650.820078,6.0,0.7777777777777778,0.7847222222222222,-0.00694444444444442,0.8055555555555556,11,18,7,0,0,36,3.1505493546671413,0.0,2026-06-30,True,0.44349722062488023,1.0,0.44349722062488023,0.6,0.4194126265367731,0.3007315436241611,0.4823142791020597,0.4291915437073931,0.3007315436241611,0.40349954369074675,86,0.4533333333333333,0.6,0.32666666666666666,0.19333333333333333,0.7533333333333333,0.43333333333333335,2026-09-07,v2,SPY Top 150,False
VZ,Verizon Communications Inc,Comm Services,50.14,-0.89,12.8815,1.7012,1.4998,7.8062,0.07763071070915653,0.587820362097343,0.6667555674089879,0.12810330250313853,15.52,59.41,0.3428,0.20365747999999997,20.59,21.42,0.96125116713352,-0.03951954397990472,1.59,0.6039,1.38,-10.78,51.68,38.39,0.8841234010534237,False,12.7389,52.393014,4.5,0.6736111111111112,0.6736111111111112,0.0,0.5,7,11,18,0,0,36,-0.1253362013945896,0.0,2026-06-30,True,0.9303622771707878,1.0,0.9303622771707878,0.44666666666666666,0.4050579712215143,0.3001476510067114,0.11207590835454756,0.4756155437803423,0.11207590835454756,0.4029076166951834,87,0.9866666666666667,0.44666666666666666,0.30666666666666664,0.18,0.08,0.4266666666666667,2026-09-07,v2,SPY Top 150,False
DIS,Walt Disney Co,Comm Services,105.31,-1.73,21.1439,1.5566,1.8393,11.6992,0.04729496450512914,0.6424257998201208,0.543685097591475,0.08547592997811816,7.870000000000001,37.6,0.4885,0.183676,13.66,8.2,1.6658536585365855,-0.5103376998724367,0.4184,0.7091,4.58,-24.0,119.78,92.19,0.4755346139905764,False,-8.603299999999999,131.07030600000002,24.5,0.7894736842105263,0.7916666666666666,-0.002192982456140302,0.8947368421052632,11,23,3,1,0,38,1.877421621806558,0.0,2026-06-30,False,0.8171947479394288,0.9004392386530014,0.7358342166658106,0.22,0.255371896694569,0.5565838926174497,0.3487664892386022,0.4462018750841036,0.22,0.40096150006728287,88,0.8266666666666667,0.22,0.05333333333333334,0.5866666666666667,0.49333333333333335,0.42,2026-09-07,v2,SPY Top 150,False
ABT,Abbott Laboratories,Healthcare,108.33,-0.42,34.5534,3.0924,4.0239,23.126,0.028940712057279456,0.32337343163885657,0.2485151221451825,0.043241373346017464,10.52,56.78,0.4771,0.27089738,15.83,17.73,0.8928369994359842,-0.1133512461931958,0.638,1.3763,8.06,-61.21,137.49,81.97,0.47478386167146963,False,-16.6727,124.156848,14.6,0.7803030303030303,0.7571428571428571,0.02316017316017316,0.7575757575757576,12,13,8,0,0,33,2.430193871653292,0.0,2026-06-30,True,0.49296626413647693,1.0,0.49296626413647693,0.10666666666666667,0.4366493110114371,0.7659530201342282,0.3712890534598473,0.4737869880500397,0.10666666666666667,0.40036292377336513,89,0.54,0.10666666666666667,0.36666666666666664,0.8933333333333333,0.54,0.41333333333333333,2026-09-07,v2,SPY Top 150,False
BSX,Boston Scientific Corp,Healthcare,47.8,1.81,18.8498,2.5446,3.2994,16.047,0.05305096075289924,0.3929890749037177,0.3030854094683882,0.062316943977067364,14.940000000000001,69.5,0.4773,0.3317235,19.78,14.58,1.356652949245542,-0.30502059961405403,0.5064,1.2402,13.53,46.78,109.5,42.2,0.08320950965824657,False,-54.383599999999994,66.68352,39.5,0.7697368421052632,0.7756410256410257,-0.005904183535762497,0.7894736842105263,11,19,8,0,0,38,1.2145447269007514,0.0,2026-06-30,False,0.7270921985815603,1.0,0.7270921985815603,0.006666666666666667,0.4815296260320544,0.5444295302013422,0.40753992131451056,0.4969154983591181,0.006666666666666667,0.39886573202062786,90,0.8066666666666666,0.006666666666666667,0.4866666666666667,0.5533333333333333,0.6333333333333333,0.4066666666666667,2026-09-07,v2,SPY Top 150,False
PEP,PepsiCo Inc,Cons Staples,137.63,-1.71,17.9744,9.0456,1.9385,13.058,0.05563468043439559,0.11055098611479613,0.5158627805003869,0.0765814060346148,50.2,54.17,0.8874,0.48070458000000005,14.53,13.13,1.1066260472201066,-0.10131578926748669,2.4081,0.9336,5.62,38.92,171.48,133.73,0.10331125827814584,False,-4.053,158.34174,15.0,0.6083333333333333,0.625,-0.01666666666666672,0.4,2,10,17,1,0,30,-1.0054170413390933,0.0,2026-06-30,True,0.6995620088173279,1.0,0.6995620088173279,0.26,0.616662386081193,0.1806510067114094,0.1939689886600324,0.45111476766997655,0.1806510067114094,0.39702201547826316,91,0.78,0.26,0.7333333333333333,0.08666666666666667,0.18666666666666668,0.4,2026-09-07,v2,SPY Top 150,False
AMT,American Tower Corp,Real Estate,175.85,-1.07,24.0926,20.4872,7.4888,16.8383,0.041506520674397945,0.048810964895154046,0.1335327422283944,0.05938841807070785,91.62,73.77,0.1726,0.12732701999999999,44.77,36.56,1.224562363238512,-0.20258352566692495,9.998,0.352,6.65,164.05,199.4,160.06,0.40137264870360934,False,-11.4156,219.3,24.7,0.7844827586206896,0.7586206896551724,0.025862068965517238,0.8620689655172413,8,17,4,0,0,29,0.4945093976482505,0.0,2026-06-30,False,0.40896492236917775,1.0,0.40896492236917775,0.17333333333333334,0.3434139930863069,0.8810604026845639,0.34608655403841704,0.45072382549419515,0.17333333333333334,0.3952457270620228,92,0.3933333333333333,0.17333333333333334,0.17333333333333334,0.98,0.48,0.3933333333333333,2026-09-07,v2,SPY Top 150,False
ADBE,Adobe Inc,Technology,266.51,-6.73,14.6545,9.0964,4.2042,11.6557,0.06823842505714968,0.10993360010553627,0.23785738071452356,0.08579493295125991,62.39,89.4,0.855,0.76437,36.07,34.73,1.0385833573279586,-0.03785762815946502,0.5769,0.7508,11.49,11.83,370.86,190.12,0.4226513223414849,False,-14.6538,273.230868,2.5,0.6086956521739131,0.6222222222222222,-0.01352657004830915,0.391304347826087,7,11,23,5,0,46,0.8264282264048898,0.0,2026-06-30,True,0.6655050795476327,1.0,0.6655050795476327,0.15333333333333332,0.7703212867468503,0.0851275167785235,0.27996297153436706,0.4718259383301563,0.0851275167785235,0.39448625401982973,93,0.7333333333333333,0.15333333333333332,0.9733333333333334,0.006666666666666667,0.36,0.38666666666666666,2026-09-07,v2,SPY Top 150,False
PGR,Progressive Corp,Financials,218.95,-2.2,10.8792,3.6993,1.3979,8.796,0.09191852342083975,0.27032141215905714,0.7153587524143359,0.11368804001819009,35.4,,0.7404,,16.56,10.22,1.6203522504892365,-0.4826435641815551,0.2443,0.08,10.49,12.3,249.71,189.2,0.49165427202115336,False,-10.6138,234.06572400000002,6.9,0.6129032258064516,0.6129032258064516,0.0,0.3870967741935484,3,9,18,1,0,31,-0.04697002824184976,0.0,2026-06-30,False,0.878564308989841,0.9257246376811596,0.8133086266192189,0.18,0.4647616966164805,0.30028859060402685,0.17869474658643833,0.44761759574851995,0.17869474658643833,0.39383302591610364,94,0.8933333333333333,0.18,0.44666666666666666,0.18666666666666668,0.14,0.38,2026-09-07,v2,SPY Top 150,False
MDLZ,Mondelez International Inc,Cons Staples,61.28,-0.28,22.2446,2.7871,1.9713,21.4324,0.0449547305862996,0.35879588102328586,0.5072794602546543,0.04665833037830574,13.469999999999999,31.15,0.5564,0.1733186,11.22,13.68,0.8201754385964913,-0.198237012099854,0.8052,0.5992,6.93,-0.41,66.65,51.2,0.6524271844660192,False,0.5277,70.317984,14.7,0.7196969696969697,0.7132352941176471,0.0064616755793226455,0.6363636363636364,8,13,12,0,0,33,0.8102633869396869,0.0,2026-06-30,False,0.6801035077630823,1.0,0.6801035077630823,0.32,0.28430945918921235,0.5431073825503356,0.24074519787086324,0.43205197088823094,0.24074519787086324,0.3937906162847574,95,0.7466666666666667,0.32,0.09333333333333334,0.54,0.2866666666666667,0.37333333333333335,2026-09-07,v2,SPY Top 150,False
PLTR,Palantir Technologies Inc,Technology,174.33,-4.49,138.8711,28.6156,68.0532,156.575,0.007200922294127431,0.03494597352493046,0.014694386156712688,0.006386715631486508,37.47,84.8,0.6331,0.5368688,42.8,2.54,16.8503937007874,-2.824374021557306,0.0,7.2282,78.92,290.0,207.52,106.37,0.6718734552644587,False,20.3246,199.380216,14.4,0.7371794871794872,0.7243589743589743,0.012820512820512886,0.717948717948718,12,16,9,1,1,39,3.681511298949538,0.0,2026-06-30,False,0.04569676059037761,0.5,0.022848380295188805,0.5333333333333333,0.6825104800540905,0.6310872483221477,0.6374357787549179,0.4856313889010249,0.022848380295188805,0.3930747871798577,96,0.006666666666666667,0.5333333333333333,0.86,0.7333333333333333,0.9666666666666667,0.36666666666666664,2026-09-07,v2,SPY Top 150,False
AVGO,Broadcom Inc,Technology,357.895,0.21,44.498,18.7187,19.1093,38.8276,0.022472920131241855,0.05342251331556145,0.05233054062681521,0.025754875397912828,43.91,68.82,0.5032,0.34630223999999993,47.97,37.02,1.2957860615883305,-0.259117508368621,0.596,2.5037,48.69,100.1,495.0,289.96,0.3313255950058525,False,10.2298,524.380674,46.5,0.8026315789473685,0.8026315789473685,0.0,0.9122807017543859,17,35,5,0,0,57,0.5467102747121745,0.0,2026-09-30,False,0.1346770174429749,1.0,0.1346770174429749,0.42,0.6159565656277081,0.7171677852348993,0.3403841703309419,0.4549474066456773,0.1346770174429749,0.39089332880513683,97,0.08,0.42,0.7266666666666667,0.8466666666666667,0.4533333333333333,0.36,2026-09-07,v2,SPY Top 150,False
HD,Home Depot Inc,Cons Discretionary,321.05,0.94,22.5141,20.4032,1.8933,15.2185,0.04441661003548887,0.04901191969887077,0.5281783129984683,0.06570949830798041,102.67999999999999,33.21,1.5787,0.52428627,12.43,14.18,0.8765867418899859,-0.13171961558136172,3.1832,1.0781,2.5,-2.94,426.75,289.1,0.23211042499091894,False,-21.299799999999998,381.437568,18.8,0.6902173913043478,0.6902173913043478,0.0,0.6086956521739131,9,19,17,0,1,46,0.46311599854457963,0.0,2026-09-30,False,0.588981215257811,1.0,0.588981215257811,0.08,0.6472495976535345,0.45754362416107386,0.18351307567692665,0.46845586929426686,0.08,0.39076469543541353,98,0.64,0.08,0.7866666666666666,0.41333333333333333,0.16,0.35333333333333333,2026-09-07,v2,SPY Top 150,False
XOM,Exxonmobil Holdings Corp,Energy,159.47,-1.69,20.0183,2.1848,1.8162,10.0737,0.04995429182298197,0.4577077993409008,0.5506001541680432,0.09926839195131877,12.68,28.84,0.7882,0.22731688,11.53,12.88,0.8951863354037266,-0.11072338639524001,0.1633,1.1347,9.62,10.18,176.41,108.35,0.7511019688510139,False,46.9142,170.05735800000002,6.6,0.6583333333333333,0.6833333333333333,-0.025000000000000022,0.4666666666666667,5,9,16,0,0,30,-1.4476239329977831,0.0,2026-06-30,False,0.816088748322791,1.0,0.816088748322791,0.82,0.45652335990248455,0.1093758389261745,0.10744272159222402,0.4609707710755116,0.10744272159222402,0.3902651611788541,99,0.9,0.82,0.43333333333333335,0.02666666666666667,0.07333333333333333,0.3466666666666667,2026-09-07,v2,SPY Top 150,False
TMUS,T-Mobile US Inc,Comm Services,181.52,-3.46,18.4386,3.2261,2.1121,8.705,0.054234052476869174,0.3099717925668764,0.47346243075611955,0.11487650775416428,18.22,62.69,0.4265,0.26737285,19.8,15.56,1.2724935732647815,-0.24097841895024402,1.6063,0.9242,9.68,-9.81,255.74,165.66,0.1760657193605685,False,-28.7833,246.95301600000002,36.0,0.75,0.7567567567567568,-0.006756756756756799,0.8108108108108109,7,23,7,0,0,37,2.4012470553045873,0.0,2026-06-30,True,0.7985633505846272,1.0,0.7985633505846272,0.04666666666666667,0.3798824005561428,0.4911275167785234,0.3852672992362879,0.47428782272081416,0.04666666666666667,0.3887635915099847,100,0.8666666666666667,0.04666666666666667,0.23333333333333334,0.4666666666666667,0.5933333333333334,0.34,2026-09-07,v2,SPY Top 150,False
META,Meta Platforms Inc,Comm Services,616.77,1.0,23.073,5.4738,6.8839,14.9506,0.043340701252546264,0.18268844312908766,0.14526649137843375,0.06688694768102953,29.73,81.75,0.6026,0.49262550000000005,38.08,36.55,1.041860465116279,-0.04100802372737704,0.3203,2.2256,27.65,-3.69,790.8,520.26,0.3567309824794855,False,-25.7947,770.959248,25.0,0.7887323943661971,0.795774647887324,-0.007042253521126862,0.8732394366197183,20,42,9,0,0,71,-3.847423073129104,0.0,2026-06-30,False,0.5434617596319724,1.0,0.5434617596319724,0.05333333333333334,0.7659733356188517,0.49849664429530205,0.03645915297384865,0.4761589757321196,0.03645915297384865,0.3882190111804655,101,0.6,0.05333333333333334,0.9666666666666667,0.48,0.02,0.3333333333333333,2026-09-07,v2,SPY Top 150,False
INTU,Intuit Inc,Technology,332.7,-3.37,19.9312,4.5523,4.2431,14.7542,0.050172593722405075,0.2196691782176043,0.23567674577549433,0.06777731086741402,23.419999999999998,80.17,0.5975,0.47901575,27.43,23.58,1.1632739609838847,-0.15123840984028702,0.4038,1.5065,13.9,20.37,705.08,252.84,0.17658765257385456,False,-43.1481,429.206514,29.0,0.6845238095238095,0.7439024390243902,-0.059378629500580704,0.5714285714285714,9,15,16,2,0,42,1.5152025718826476,0.0,2026-09-30,False,0.6541144335825186,1.0,0.6541144335825186,0.02,0.6412272662343228,0.30133557046979864,0.39875028928488776,0.47797644575261944,0.02,0.3863811566020956,102,0.72,0.02,0.78,0.2,0.6066666666666667,0.32666666666666666,2026-09-07,v2,SPY Top 150,False
V,Visa Inc,Financials,375.07,-0.97,30.0749,18.3758,15.2727,24.3825,0.03325031837179841,0.05441939942750791,0.06547630739816797,0.04101302163436891,61.260000000000005,80.18,0.4609,0.36954962,60.68,63.94,0.9490147012824524,-0.05233098915136383,0.6782,0.9852,14.39,14.72,385.5699,293.89,0.8854721700176372,False,10.4133,423.41679000000005,12.9,0.7794117647058824,0.7857142857142857,-0.006302521008403339,0.8823529411764706,12,33,6,0,0,51,0.43606339407454564,0.0,2026-06-30,False,0.2708299789150853,1.0,0.2708299789150853,0.4266666666666667,0.6763667780856878,0.3842080536912752,0.2298125433927332,0.42459768706830936,0.2298125433927332,0.3856406583331941,103,0.23333333333333334,0.4266666666666667,0.8533333333333334,0.2733333333333333,0.26,0.32,2026-09-07,v2,SPY Top 150,False
DE,Deere & Co,Industrials,693.53,-0.13,38.3733,5.8352,3.8972,20.6983,0.026059786361871406,0.17137373183438442,0.25659447808683156,0.048313146490291475,18.11,36.58,0.4526,0.16556107999999997,19.46,21.77,0.8938906752411576,-0.112171798488597,2.2807,0.9375,7.99,-5.93,705.88,433.0,0.9547420111404279,False,40.646100000000004,670.16601,-3.4,0.7132352941176471,0.6985294117647058,0.014705882352941235,0.6470588235294118,7,15,12,0,0,34,0.7878299767381549,0.0,2026-09-30,False,0.4538182863714779,1.0,0.4538182863714779,0.7466666666666667,0.3338811482825282,0.5227785234899329,0.22299930571626939,0.4262911832997216,0.22299930571626939,0.38563280778303116,104,0.4666666666666667,0.7466666666666667,0.16,0.5066666666666667,0.24666666666666667,0.31333333333333335,2026-09-07,v2,SPY Top 150,False
MCD,McDonald's Corp,Cons Discretionary,255.69,-1.52,20.5938,160.4594,6.5313,16.5758,0.048558303955559434,0.0062321060654595495,0.15310887572152557,0.06032891323495698,95.13000000000001,57.38,0.4616,0.26486608,46.22,43.93,1.0521283860687458,-0.05081514685854655,40.6406,1.0814,6.3,5.44,341.75,255.49,0.002318571759795834,False,-15.689800000000002,323.165886,26.4,0.6951219512195121,0.6890243902439024,0.0060975609756097615,0.6097560975609756,8,17,15,1,0,41,0.516204398254754,0.0,2026-06-30,False,0.44164462334675103,1.0,0.44164462334675103,0.13333333333333333,0.5564044653315431,0.6242416107382549,0.21702846563295533,0.44806842076207826,0.13333333333333333,0.3851214032763293,105,0.44666666666666666,0.13333333333333333,0.6333333333333333,0.7066666666666667,0.24,0.30666666666666664,2026-09-07,v2,SPY Top 150,False
MAR,Marriott International Inc,Cons Discretionary,336.51,0.13,33.9198,366.336,3.2616,23.0131,0.02948130590392632,0.0027297344514325647,0.306597988717194,0.04345351126097744,309.12,19.81,0.9668,0.19152307999999998,15.8,15.05,1.0498338870431894,-0.04863194883803638,76.1214,0.5347,4.72,8.84,410.98,256.76,0.5171184022824535,False,28.665,387.099792,15.0,0.65625,0.6612903225806451,-0.005040322580645129,0.5,5,11,15,1,0,32,1.0291995111072474,0.0,2026-06-30,False,0.3381905309564884,1.0,0.3381905309564884,0.6333333333333333,0.5016316030054567,0.3021275167785235,0.30188845174728074,0.4040792180918893,0.30188845174728074,0.3836410648229676,106,0.31333333333333335,0.6333333333333333,0.52,0.20666666666666667,0.4,0.3,2026-09-07,v2,SPY Top 150,False
MA,Mastercard Inc,Financials,579.21,-1.11,31.2108,80.8784,14.4627,24.0418,0.03204019121586118,0.01236424063779699,0.06914338263256516,0.04159422339425501,232.48000000000002,,0.6449,,58.33,55.46,1.051749008294266,-0.05045450057791412,4.3919,1.0607,16.01,22.62,601.62,464.52,0.8365426695842454,False,0.8563,677.39322,17.0,0.7870370370370371,0.7884615384615384,-0.0014245014245013454,0.9074074074074074,13,36,5,0,0,54,0.9749560240375839,0.0,2026-06-30,False,0.22341958980256854,1.0,0.22341958980256854,0.32666666666666666,0.6077822567589444,0.5002818791946309,0.33655635269613515,0.42139606988833855,0.22341958980256854,0.3818007738711846,107,0.16666666666666666,0.32666666666666666,0.6933333333333334,0.4866666666666667,0.44666666666666666,0.29333333333333333,2026-09-07,v2,SPY Top 150,False
COST,Costco Wholesale Corp,Cons Staples,915.74,-1.04,45.9506,13.2328,1.3833,28.487,0.02176250146896885,0.07556979626382927,0.722908985758693,0.03510373152666128,28.27,12.88,3.5591,0.45841208,3.82,3.52,1.0852272727272727,-0.08178943300847807,0.1692,1.0725,9.23,12.79,1096.5,844.06,0.2839486610679767,False,-1.9727000000000001,1099.893846,20.1,0.7282608695652174,0.7333333333333333,-0.005072463768115876,0.6521739130434783,13,17,15,1,0,46,-0.7934876073053161,0.0,2026-06-30,True,0.40343013225991947,1.0,0.40343013225991947,0.29333333333333333,0.6922944938052928,0.41517449664429534,0.1364498958574404,0.44138159824737616,0.1364498958574404,0.38039525776938904,108,0.38666666666666666,0.29333333333333333,0.8733333333333333,0.34,0.1,0.2866666666666667,2026-09-07,v2,SPY Top 150,False
VRTX,Vertex Pharmaceuticals Inc,Healthcare,546.12,-2.12,31.8911,6.2265,11.1611,26.5311,0.031356710806463246,0.16060387055328035,0.08959690353101397,0.03769161474646736,23.31,86.0,0.4822,0.414692,37.95,31.29,1.2128475551294344,-0.19297094616084826,0.0,3.1854,10.23,22.46,560.25,374.17,0.9240649183147034,False,37.5735,574.514184,5.2,0.7638888888888888,0.775,-0.011111111111111183,0.8055555555555556,11,18,6,0,1,36,-0.5918047795177966,0.0,2026-06-30,False,0.3434023385087215,1.0,0.3434023385087215,0.7133333333333334,0.6684362102295993,0.23871140939597316,0.1673918074519787,0.430565834026385,0.1673918074519787,0.37793102871150375,109,0.32,0.7133333333333334,0.8333333333333334,0.13333333333333333,0.12666666666666668,0.28,2026-09-07,v2,SPY Top 150,False
AMD,Advanced Micro Devices Inc,Technology,477.57,4.69,121.1721,13.086,18.8747,101.5221,0.008252724843425178,0.07641754546843955,0.05298097453204554,0.00985007205327707,10.07,53.2,0.5197,0.2764804,15.71,9.46,1.660676532769556,-0.5072250692037429,0.048,2.6092,39.54,124.33,584.73,149.22,0.7539436522697528,False,214.5234,614.072946,28.6,0.7796610169491526,0.7763157894736842,0.003345227475468393,0.8305084745762712,17,32,10,0,0,59,0.4165501684478027,0.0,2026-06-30,False,0.11056066705002873,0.9032463399108848,0.09986351785104441,0.9666666666666667,0.4429840156558009,0.7131140939597316,0.31845869011802824,0.44491937313581864,0.09986351785104441,0.3759082020788638,110,0.05333333333333334,0.9666666666666667,0.3933333333333333,0.8333333333333334,0.43333333333333335,0.2733333333333333,2026-09-07,v2,SPY Top 150,False
SBUX,Starbucks Corp,Cons Discretionary,104.47,-1.28,60.0675,64.1154,3.1064,25.4269,0.016647937736712862,0.015596876881373276,0.3219160442956477,0.03932842776744314,115.68,22.34,1.2458,0.27831172,9.17,14.65,0.625938566552901,-0.4685030491947028,8.0719,0.7597,4.49,-24.99,110.51,77.99,0.8142681426814267,False,23.9626,113.32557,8.5,0.6358695652173914,0.6329787234042553,0.002890841813136036,0.4782608695652174,8,14,20,3,1,46,1.9572762913530979,0.0,2026-06-30,False,0.29240847230208933,1.0,0.29240847230208933,0.5866666666666667,0.44549173880334064,0.38616107382550335,0.3507428835917612,0.395259953687056,0.29240847230208933,0.37468965741006266,111,0.25333333333333335,0.5866666666666667,0.4066666666666667,0.28,0.5,0.26666666666666666,2026-09-07,v2,SPY Top 150,False
WM,Waste Management Inc,Industrials,218.99,-1.23,30.6813,9.018,3.4104,14.7464,0.03259314305456418,0.11088933244621867,0.29322073657049025,0.0678131611783215,28.92,40.88,0.5592,0.22860096000000005,17.57,17.07,1.0292911540714704,-0.02887036539265659,2.3532,0.9074,7.17,4.83,248.13,194.11,0.46057015920029626,False,-0.5182,264.44316,20.8,0.7564102564102564,0.7564102564102564,0.0,0.717948717948718,12,16,11,0,0,39,-0.33391607077263674,0.0,2026-06-30,False,0.5154878282537857,1.0,0.5154878282537857,0.31333333333333335,0.4828925092134961,0.5443154362416107,0.13235362184679472,0.43378917368617,0.13235362184679472,0.37350206331829494,112,0.56,0.31333333333333335,0.49333333333333335,0.5466666666666666,0.09333333333333334,0.26,2026-09-07,v2,SPY Top 150,False
ABBV,AbbVie Inc,Healthcare,256.46,-1.44,71.8217,261.0115,7.0387,29.3221,0.013923368564096922,0.0038312488147073977,0.14207168937445835,0.03410396936099393,95.59,72.79,0.4774,0.34749946000000004,26.2,25.49,1.0278540604158495,-0.02747319237902722,49.2176,0.8085,10.39,67.6,267.47,190.75,0.856491136600625,False,20.6374,282.119658,10.0,0.7692307692307693,0.7564102564102564,0.012820512820512886,0.8205128205128205,10,22,7,0,0,39,-1.5858431005586042,0.0,2026-06-30,False,0.14054820778225036,1.0,0.14054820778225036,0.54,0.6263374091744517,0.6283557046979866,0.19176579495487156,0.43147428488072614,0.14054820778225036,0.373289069461031,113,0.08666666666666667,0.54,0.7466666666666667,0.7133333333333334,0.18,0.25333333333333335,2026-09-07,v2,SPY Top 150,False
KO,Coca-Cola Co,Cons Staples,88.07,-0.83,26.4687,10.0141,7.559,25.2038,0.037780472784836434,0.09985919853007261,0.13229263130043656,0.03967655670970251,42.99,61.89,0.474,0.29335859999999997,30.35,26.86,1.1299329858525688,-0.12215832641041573,1.2045,1.3046,6.52,17.61,92.49,65.35,0.8371407516580692,False,30.2676,96.1299,9.2,0.75,0.7714285714285715,-0.021428571428571463,0.7714285714285715,8,19,8,0,0,35,0.9435033891402996,0.0,2026-06-30,True,0.37292601111750046,1.0,0.37292601111750046,0.6466666666666666,0.5577660152939271,0.2096241610738255,0.3125109928257348,0.41402945517284523,0.2096241610738255,0.3731483963530413,114,0.3466666666666667,0.6466666666666666,0.64,0.10666666666666667,0.4266666666666667,0.24666666666666667,2026-09-07,v2,SPY Top 150,False
BA,Boeing Co,Industrials,212.25,0.83,68.8936,27.9744,1.7847,30.3733,0.014515136384221465,0.035746968657057884,0.5603182607721185,0.03292365334026925,132.92,4.68,0.5794,0.027115919999999998,4.89,-4.44,,,7.5246,1.1375,24.78,,254.35,176.77,0.4573343645269399,False,-9.7119,275.651634,29.9,0.8108108108108109,0.7972972972972973,0.013513513513513598,0.8648648648648649,14,18,5,0,0,37,-0.30552127747797514,0.0,2026-06-30,False,0.31890454284071307,1.0,0.31890454284071307,0.18666666666666668,0.39761433305716654,0.8767919463087248,0.18053691275167785,0.42011602846849155,0.18053691275167785,0.3722002053251288,115,0.2733333333333333,0.18666666666666668,0.26666666666666666,0.9666666666666667,0.14666666666666667,0.24,2026-09-07,v2,SPY Top 150,False
ORLY,O'Reilly Automotive Inc,Cons Discretionary,87.89,0.58,26.8262,182.0263,3.8282,18.6707,0.03727699040490267,0.005493711622990744,0.26121937202862966,0.05355985581686814,423.35,51.64,1.1064,0.57134496,19.56,20.29,0.9640216855593888,-0.03664148923105213,17.5459,0.7519,8.47,-76.61,108.72,82.59,0.20283199387676992,False,-15.142700000000001,109.385616,24.5,0.7638888888888888,0.7638888888888888,0.0,0.8055555555555556,9,20,7,0,0,36,-1.0669177486446446,0.0,2026-06-30,True,0.4093981215257811,1.0,0.4093981215257811,0.14,0.7172155053376377,0.581751677852349,0.04302707706549409,0.4543185791130305,0.04302707706549409,0.37206027870352326,116,0.4,0.14,0.9133333333333333,0.6533333333333333,0.03333333333333333,0.23333333333333334,2026-09-07,v2,SPY Top 150,False
TT,Trane Technologies PLC,Industrials,447.9,0.61,33.4176,12.5913,4.4371,23.2798,0.029924351240065115,0.07941991692676689,0.22537242793716616,0.04295569549566577,34.57,35.39,0.9929,0.35138731,17.94,16.35,1.0972477064220183,-0.09280495928738762,0.5354,1.0734,7.04,4.73,505.87,348.06,0.6326595272796399,False,7.445199999999999,532.937148,19.0,0.7121212121212122,0.7121212121212122,0.0,0.5757575757575758,9,10,14,0,0,33,-1.2576880633455574,0.0,2026-06-30,False,0.3892955721679126,1.0,0.3892955721679126,0.4,0.6292853993467228,0.479006711409396,0.09070585512612822,0.4355167333967934,0.09070585512612822,0.36655455774266044,117,0.36,0.4,0.76,0.44666666666666666,0.04666666666666667,0.22666666666666666,2026-09-07,v2,SPY Top 150,False
ADP,Automatic Data Processing Inc,Industrials,277.62,-2.08,24.9894,14.8429,5.0251,17.4434,0.04001696719409029,0.0673722790020818,0.19900101490517602,0.05732827315775594,70.19999999999999,46.53,0.3292,0.15317676,26.33,25.27,1.0419469726948951,-0.04109105210811516,0.8231,1.0507,6.74,9.61,302.68,188.16,0.7811735941320294,False,-3.2157,291.06312,4.8,0.5869565217391305,0.5869565217391305,0.0,0.34782608695652173,3,5,13,1,1,23,0.6835394284682381,0.0,2026-06-30,False,0.4705434157561817,1.0,0.4705434157561817,0.28,0.5277883086211659,0.2645637583892617,0.24622078222633648,0.39381821553719804,0.24622078222633648,0.36429872887502573,118,0.49333333333333335,0.28,0.5666666666666667,0.14666666666666667,0.3,0.22,2026-09-07,v2,SPY Top 150,False
SCHW,Charles Schwab Corp,Financials,109.29,-0.99,18.7202,3.3178,6.373,31.7605,0.053418232711188986,0.30140454518054133,0.15691197238349286,0.03148565041482344,19.08,87.76,0.0594,0.052129440000000006,44.03,35.74,1.231952993844432,-0.20860071003638048,5.8093,0.3699,11.2,43.25,114.53,83.96,0.8285901210336933,False,19.2116,125.50437,14.8,0.7666666666666667,0.7678571428571429,-0.0011904761904761862,0.8333333333333334,8,17,4,1,0,30,1.2688339381527751,0.0,2026-06-30,True,0.540076672417098,1.0,0.540076672417098,0.5133333333333333,0.21022744717119485,0.4373825503355705,0.4162277250636427,0.39933140441562676,0.21022744717119485,0.3615106129667404,119,0.5933333333333334,0.5133333333333333,0.02,0.37333333333333335,0.66,0.21333333333333335,2026-09-07,v2,SPY Top 150,False
SO,Southern Co,Utilities,88.11,-0.74,21.7648,2.7267,3.5049,13.328,0.04594574726163346,0.3667436828400631,0.28531484493138176,0.07503001200480193,12.61,40.03546,0.1842,0.07374531732,25.26,22.53,1.1211717709720372,-0.11437436247819194,1.9101,0.7867,6.85,6.93,100.84,83.8,0.2529342723004695,False,-4.1236999999999995,102.108222,15.9,0.6328125,0.6363636363636364,-0.0035511363636363535,0.4375,5,9,16,2,0,32,2.1146499248146036,0.0,2026-06-30,False,0.6972426682001149,1.0,0.6972426682001149,0.25333333333333335,0.23290559856774182,0.3121140939597315,0.40435084471187227,0.3925911254524118,0.23290559856774182,0.36065402007547787,120,0.7733333333333333,0.25333333333333335,0.04666666666666667,0.22666666666666666,0.62,0.20666666666666667,2026-09-07,v2,SPY Top 150,False
EQIX,Equinix Inc,Real Estate,1035.98,-0.47,66.6809,7.1482,10.4255,27.8427,0.014996798183587805,0.13989535827201252,0.09591866097549279,0.035916056991599235,10.76,51.49,0.2449,0.12609901,21.82,16.84,1.2957244655581948,-0.2590699715907441,1.5289,1.1314,9.64,52.11,1128.68,720.62,0.772827525363917,False,34.929,1235.32557,19.2,0.78125,0.7692307692307693,0.012019230769230727,0.825,12,21,7,0,0,40,0.011514961386430985,0.0,2026-06-30,False,0.2508606478819245,1.0,0.2508606478819245,0.6933333333333334,0.23194827586206895,0.7534832214765101,0.25929183059476973,0.39122339694695263,0.23194827586206895,0.3593683727299759,121,0.22,0.6933333333333334,0.04,0.88,0.3333333333333333,0.2,2026-09-07,v2,SPY Top 150,False
HLT,Hilton Worldwide Holdings Inc,Cons Discretionary,311.18,-1.01,44.2145,245.967,5.6096,26.511,0.022617014780219158,0.004065586033898856,0.1782658300057045,0.03772019161857342,171.01,37.9,0.7484,0.2836436,23.35,21.09,1.1071597913703177,-0.10179798962422312,73.65,0.6491,8.74,4.49,358.0,253.54,0.5517901589125025,False,15.8909,356.43818400000004,14.5,0.696969696969697,0.6774193548387096,0.019550342130987386,0.6363636363636364,5,16,12,0,0,33,-0.4876022185668842,0.0,2026-06-30,True,0.23283879624305157,1.0,0.23283879624305157,0.49333333333333335,0.5261726090144655,0.6481879194630873,0.11952788706317982,0.41296158205053035,0.11952788706317982,0.35427484305306023,122,0.18,0.49333333333333335,0.5533333333333333,0.76,0.08666666666666667,0.19333333333333333,2026-09-07,v2,SPY Top 150,False
MRK,Merck & Co Inc,Healthcare,150.33,-1.32,116.8893,7.5686,5.5715,43.6088,0.008555102990607352,0.1321248315408398,0.17948487839899488,0.02293115151070426,6.6000000000000005,77.28,0.5073,0.39204144,9.58,24.53,0.39054219323277617,-0.9402192662876289,1.2855,1.3227,4.64,-80.7,156.92,77.58,0.9169397529619363,False,75.725,148.689378,-1.1,0.7361111111111112,0.7361111111111112,0.0,0.7222222222222222,8,18,10,0,0,36,1.5100818466873418,0.0,2026-06-30,False,0.25702031819053095,1.0,0.25702031819053095,0.9,0.36968525078802766,0.3351812080536913,0.2933256190696598,0.3761957392552283,0.25702031819053095,0.35236065504228886,123,0.22666666666666666,0.9,0.2,0.23333333333333334,0.38,0.18666666666666668,2026-09-07,v2,SPY Top 150,False
MO,Altria Group Inc,Cons Staples,68.88,-0.88,14.4252,27.0919,4.9031,12.388,0.06932312896874913,0.036911401562828745,0.20395260141543103,0.08072328059412334,149.65,62.86,0.68,0.42744800000000005,46.78,45.18,1.0354138999557327,-0.034801250116175866,8.6709,0.5176,-0.58,-8.27,77.06,54.7,0.634168157423971,False,2.9170000000000003,71.10981000000001,3.2,0.6458333333333334,0.6521739130434783,-0.0063405797101449,0.5,6,6,9,2,1,24,-1.9793581876732331,0.0,2026-06-30,False,0.5938853747364387,1.0,0.5938853747364387,0.35333333333333333,0.6649483044310487,0.1656174496644295,0.041009025688498034,0.42256401213291817,0.041009025688498034,0.34625301484403415,124,0.6466666666666666,0.35333333333333333,0.8266666666666667,0.07333333333333333,0.02666666666666667,0.18,2026-09-07,v2,SPY Top 150,False
PG,Procter & Gamble Co,Cons Staples,146.44,-0.33,21.216,6.2872,3.911,15.7925,0.0471342383107089,0.15905331467107775,0.25568908207619534,0.06332119677061897,29.830000000000002,50.87,0.6829,0.34739122999999994,22.89,22.46,1.0191451469278718,-0.01896418465417827,0.6286,0.6773,3.26,1.72,167.25,137.62,0.297671279109011,False,-9.395999999999999,163.24488000000002,11.5,0.6621621621621622,0.6959459459459459,-0.03378378378378377,0.5135135135135135,6,13,17,1,0,37,-0.8288154760384036,0.0,2026-06-30,True,0.6132173663024727,1.0,0.6132173663024727,0.2,0.6244478616118618,0.1490469798657718,0.09861143253876417,0.4052398109131457,0.09861143253876417,0.3439141352382694,125,0.68,0.2,0.74,0.04666666666666667,0.06666666666666667,0.17333333333333334,2026-09-07,v2,SPY Top 150,False
EMR,Emerson Electric Co,Industrials,152.82,1.74,33.0912,3.9344,4.5741,21.2685,0.03021951455371821,0.2541683611224075,0.2186222426269649,0.04701789030726192,12.68,53.16,0.4432,0.23560511999999997,19.86,15.2,1.306578947368421,-0.2674122307647958,0.6435,0.8963,4.82,-1.79,166.35,122.64,0.6904598490048043,False,15.043,173.95406400000002,13.8,0.7132352941176471,0.7132352941176471,0.0,0.6764705882352942,7,16,10,1,0,34,0.4722098507280315,0.0,2026-06-30,False,0.4780304772857965,1.0,0.4780304772857965,0.47333333333333333,0.34201857459836776,0.4136912751677852,0.19100671140939599,0.3808357867792592,0.19100671140939599,0.3428699717052866,126,0.5,0.47333333333333333,0.16666666666666666,0.32666666666666666,0.17333333333333334,0.16666666666666666,2026-09-07,v2,SPY Top 150,False
MRSH,Marsh & McLennan Companies Inc,Other,185.74,-1.44,22.2707,5.2889,3.1716,,0.0449020461862447,0.18907523303522472,0.3152982721654685,,26.529999999999998,,0.4742,,21.62,22.5,0.9608888888888889,-0.03989649699931221,1.3542,1.1392,8.33,-1.95,207.83,156.6,0.5688073394495413,False,-6.6956999999999995,208.85316,12.4,0.6129032258064516,0.6290322580645161,-0.016129032258064502,0.3870967741935484,3,9,18,1,0,31,0.0941402621867388,0.0,2026-06-30,True,0.5944594594594594,1.0,0.5944594594594594,0.24,0.549296584102315,0.1604026845637584,0.14600323999074288,0.3913848630069225,0.14600323999074288,0.3423085384036866,127,0.6533333333333333,0.24,0.62,0.06,0.11333333333333333,0.16,2026-09-07,v2,SPY Top 150,False
INTC,Intel Corp,Technology,95.8,4.51,,7.5624,8.8263,32.2512,,0.13223315349624457,0.1132977578373724,0.031006598204097836,-10.76,38.6,0.277,0.10692200000000002,9.36,2.79,3.354838709677419,-1.2104036946562262,0.5773,1.604,7.47,,142.35,24.05,0.606508875739645,False,284.15299999999996,116.78653200000001,21.9,0.5954545454545455,0.5909090909090909,0.004545454545454519,0.34545454545454546,4,15,34,2,0,55,2.2949705398278684,0.0,2026-06-30,True,0.3618794326241135,0.5,0.18093971631205674,0.9733333333333334,0.21054457236998733,0.5348322147651006,0.4557046979865772,0.3810537817733504,0.18093971631205674,0.34103096868109173,128,0.11333333333333333,0.9733333333333334,0.02666666666666667,0.5333333333333333,0.7133333333333334,0.15333333333333332,2026-09-07,v2,SPY Top 150,False
SPGI,S&P Global Inc,Financials,443.51,-1.57,26.5637,3.8129,8.1103,17.5162,0.037645358139114654,0.2622675653701907,0.123300001233,0.057090008106781144,15.5,63.58,0.2636,0.16759688,44.43,41.74,1.0644465740297075,-0.06245501529876226,0.4798,0.9544,9.67,26.22,522.47,361.03,0.5109018830525272,False,-14.6331,537.459216,21.2,0.7867647058823529,0.8014705882352942,-0.014705882352941235,0.8529411764705882,10,19,5,0,0,34,-0.21055450800248943,0.0,2026-06-30,False,0.49362948054437417,1.0,0.49362948054437417,0.16,0.4252740146082717,0.43153020134228187,0.2080305484841472,0.38450019705965355,0.16,0.3396001576477229,129,0.5466666666666666,0.16,0.3333333333333333,0.36,0.21333333333333335,0.14666666666666667,2026-09-07,v2,SPY Top 150,False
UBER,Uber Technologies Inc,Comm Services,75.76,-0.26,16.1545,5.3774,2.802,21.8398,0.0619022563372435,0.18596347677316177,0.35688793718772305,0.04578796509125541,35.730000000000004,36.77,0.8807,0.32383339000000005,12.13,0.29,41.827586206896555,-3.733556078957576,0.4658,0.8425,16.68,-22.8,101.99,65.41,0.28294149808638624,False,-16.883499999999998,104.383638,37.8,0.7758620689655172,0.775,0.0008620689655172153,0.8620689655172413,15,35,7,1,0,58,0.357013569685265,0.0,2026-06-30,False,0.6678522139160437,0.5,0.33392610695802183,0.1,0.46858767819901154,0.7169395973154363,0.1387364036102754,0.39825621020383745,0.1,0.33860496816307,130,0.30666666666666664,0.1,0.46,0.84,0.10666666666666667,0.14,2026-09-07,v2,SPY Top 150,False
PLD,Prologis Inc,Real Estate,137.34,-0.73,31.56,2.3509,14.4521,26.7381,0.031685678073510776,0.4253690076141052,0.06919409635969859,0.03739981524491269,7.9,74.31,0.0928,0.06895968,38.37,36.59,1.0486471713582945,-0.04750092522774551,0.6783,0.2736,7.35,21.55,153.35,110.6,0.625497076023392,False,22.6886,161.888586,17.9,0.717391304347826,0.73,-0.012608695652173929,0.6521739130434783,5,10,8,0,0,23,1.0814942485960324,0.0,2026-06-30,True,0.3947556066705003,1.0,0.3947556066705003,0.5666666666666667,0.278545434200878,0.3116375838926174,0.3411062254107845,0.35241264918469634,0.278545434200878,0.3376392061879327,131,0.36666666666666664,0.5666666666666667,0.08,0.22,0.47333333333333333,0.13333333333333333,2026-09-07,v2,SPY Top 150,False
CME,CME Group Inc,Financials,281.29,-0.27,23.5937,3.0173,8.0205,9.3987,0.042384195781077154,0.3314221323699997,0.12468050620285519,0.1063976932980093,15.58,95.97,0.0645,0.06190065,83.82,76.32,1.0982704402515724,-0.09373661535689443,0.1309,1.0184,16.57,13.39,329.16,218.31,0.5681551646368967,False,8.8618,291.022728,3.5,0.6190476190476191,0.6309523809523809,-0.011904761904761862,0.5238095238095238,2,9,7,3,0,21,1.7762782820292842,0.0,2026-06-30,True,0.5967184205482078,1.0,0.5967184205482078,0.4066666666666667,0.3983081878696112,0.11324832214765101,0.40628558204119414,0.39293122990031126,0.11324832214765101,0.3369946483497792,132,0.66,0.4066666666666667,0.28,0.03333333333333333,0.6266666666666667,0.12666666666666668,2026-09-07,v2,SPY Top 150,False
AAPL,Apple Inc,Technology,319.97,-2.51,36.2189,38.486,10.0031,28.0693,0.027609894281714797,0.025983474510211508,0.09996900960702182,0.0356261110893396,137.17999999999998,48.65,1.2508,0.6085141999999999,33.17,30.67,1.0815128790348876,-0.07836087483280095,0.7844,1.0033,14.24,32.61,344.5699,225.95,0.7926157415408377,False,32.5086,328.890432,2.8,0.6933962264150944,0.7175925925925926,-0.024196366177498208,0.6415094339622641,12,22,15,3,1,53,-0.3649840802328873,0.0,2026-06-30,False,0.20333908376461568,1.0,0.20333908376461568,0.6733333333333333,0.749223233246674,0.1012214765100671,0.20899791714880817,0.3945290571228241,0.1012214765100671,0.3358675410002727,133,0.14666666666666667,0.6733333333333333,0.94,0.02,0.22,0.12,2026-09-07,v2,SPY Top 150,False
BX,Blackstone Inc,Financials,136.15,-1.11,48.0461,15.5015,10.4948,23.6069,0.020813343851009757,0.06450988614005096,0.09528528414071731,0.0423604962955746,40.87,83.07,0.3348,0.27811835999999995,47.2,46.47,1.0157090596083496,-0.015586949494622828,1.4637,0.6789,17.19,20.32,190.09,101.73,0.3895427795382526,False,-14.9574,150.90073800000002,10.8,0.7196969696969697,0.7196969696969697,0.0,0.6666666666666666,7,15,11,0,0,33,1.3645572754555086,0.0,2026-06-30,True,0.24353076480736058,1.0,0.24353076480736058,0.14666666666666667,0.5695412012303708,0.3934026845637584,0.38059245545012726,0.3821811234678888,0.14666666666666667,0.33507823210764437,134,0.21333333333333335,0.14666666666666667,0.6466666666666666,0.29333333333333333,0.5666666666666667,0.11333333333333333,2026-09-07,v2,SPY Top 150,False
NFLX,Netflix Inc,Comm Services,78.25,-5.35,23.8708,9.8602,6.7361,18.8874,0.04189218626941703,0.10141782113953063,0.1484538531197577,0.0529453498099262,47.96,49.12,0.8412,0.41319743999999997,35.46,23.1,1.535064935064935,-0.4285726831183139,0.4746,1.1416,16.02,35.26,126.71,65.08,0.21369462923900703,False,-33.6333,98.46427200000001,25.8,0.7456896551724138,0.7629310344827587,-0.017241379310344862,0.7413793103448276,14,29,15,0,0,58,-0.06866525735797707,0.0,2026-06-30,True,0.45599769982748706,0.9771573604060914,0.44558150871467644,0.04,0.6100687607728861,0.37328187919463085,0.23602869706086554,0.4084766858085909,0.04,0.33478134864687276,135,0.46,0.04,0.7133333333333334,0.26666666666666666,0.28,0.10666666666666667,2026-09-07,v2,SPY Top 150,False
SNPS,Synopsys Inc,Technology,393.84,-5.4,70.1069,2.3895,8.0151,34.1405,0.014263931225029206,0.4184975936388366,0.12476450699305061,0.029290725091899648,3.5700000000000003,72.38,0.1982,0.14345716,18.87,21.84,0.864010989010989,-0.1461697914962454,0.3222,1.3369,46.33,-55.62,615.79,366.0,0.11145362104167492,False,-23.7485,559.068834,42.0,0.7734375,0.7580645161290323,0.015372983870967749,0.8125,10,16,5,1,0,32,0.875491545873812,0.0,2026-09-30,False,0.32967318382211996,1.0,0.32967318382211996,0.07333333333333333,0.32425225456865603,0.880986577181208,0.2163295533441333,0.39567405409732176,0.07333333333333333,0.3312059099445241,136,0.29333333333333333,0.07333333333333333,0.14666666666666667,0.9733333333333334,0.23333333333333334,0.1,2026-09-07,v2,SPY Top 150,False
ORCL,Oracle Corp,Technology,158.78,3.08,26.7666,16.5759,6.79,24.9422,0.03735999342464116,0.060328549279375476,0.14727540500736377,0.04009269430924297,50.38,65.82,0.3019,0.19871057999999997,30.59,28.47,1.0744643484369512,-0.07182225687286588,3.0087,1.115,17.35,34.97,345.72,114.5,0.19150592509298503,False,-38.2735,257.924034,62.4,0.7704081632653061,0.7755102040816326,-0.005102040816326481,0.7959183673469388,15,24,9,1,0,49,0.1338017632099066,0.0,2026-06-30,True,0.3586237301130918,1.0,0.3586237301130918,0.02666666666666667,0.4955050376634384,0.5684832214765101,0.2486692895163157,0.39197114821672047,0.02666666666666667,0.31891025190670974,137,0.3333333333333333,0.02666666666666667,0.5133333333333333,0.6266666666666667,0.32666666666666666,0.09333333333333334,2026-09-07,v2,SPY Top 150,False
PANW,Palo Alto Networks Inc,Technology,333.26,0.4,884.713,9.8371,23.6591,167.4085,0.0011303100553512835,0.10165597584654014,0.042267034671648544,0.005973412341667239,1.68,70.37,0.3206,0.22560622,6.05,6.05,1.0,-0.0,0.0645,0.871,24.49,-67.95,398.88,139.57,0.7469438124252825,False,84.1659,370.72104,11.2,0.753968253968254,0.7579365079365079,-0.003968253968253954,0.7777777777777778,16,33,13,1,0,63,1.3093020507950246,0.0,2026-09-30,False,0.10522426682001151,1.0,0.10522426682001151,0.9133333333333333,0.478399475283071,0.3447046979865772,0.27930571626938205,0.37199603966098027,0.10522426682001151,0.3186416850927865,138,0.06,0.9133333333333333,0.48,0.25333333333333335,0.35333333333333333,0.08666666666666667,2026-09-07,v2,SPY Top 150,False
APP,Applovin Corp,Technology,320.56,2.23,24.3258,54.7219,15.7086,20.1613,0.041108617188335014,0.018274219279666826,0.06365939676355627,0.049599976192011425,193.1,88.46,0.9235,0.8169280999999999,77.44,31.36,2.4693877551020407,-0.9039702474861144,1.1113,4.3002,60.59,84.72,745.61,297.5,0.05146057887572248,False,-37.3354,536.645562,67.4,0.7635135135135135,0.7986111111111112,-0.035097597597597674,0.7837837837837838,10,19,8,0,0,37,0.011789255039797568,0.0,2026-06-30,False,0.3004839946329308,0.6074380165289257,0.18252540169851583,0.03333333333333333,0.7004180546429354,0.4416241610738255,0.2778199490858598,0.38908792472848697,0.03333333333333333,0.31793700644945627,139,0.12666666666666668,0.03333333333333333,0.8933333333333333,0.38666666666666666,0.3466666666666667,0.08,2026-09-07,v2,SPY Top 150,False
AEP,American Electric Power Company Inc,Utilities,124.5,-0.17,21.5783,2.4161,3.0405,13.7365,0.04634285370024516,0.41389015355324693,0.328893274132544,0.07279874786153678,10.0,41.85097,0.1921,0.08039571337,23.52,21.07,1.1162790697674418,-0.11000089521432849,1.6438,0.504,10.6,-15.36,140.58,105.7,0.5389908256880732,False,13.469700000000001,147.246078,18.3,0.6964285714285714,0.6964285714285714,0.0,0.5714285714285714,6,10,12,0,0,28,-2.4882391142798244,0.0,2026-06-30,False,0.729878282537857,1.0,0.729878282537857,0.4533333333333333,0.2151230513575027,0.4569261744966443,0.03015968525804212,0.3882490070630836,0.03015968525804212,0.3166311427020753,140,0.82,0.4533333333333333,0.03333333333333333,0.4066666666666667,0.013333333333333334,0.07333333333333333,2026-09-07,v2,SPY Top 150,False
CEG,Constellation Energy Corp,Utilities,298.96,4.88,30.5696,2.7892,3.3874,21.7815,0.03271223699361457,0.35852574214828625,0.29521166676507055,0.04591052039574868,14.69,43.91,0.4053,0.17796723,14.7,7.46,1.970509383378016,-0.6782920795690212,0.7724,1.4553,25.98,7.2,412.7,228.63,0.3820829032433313,False,-9.6725,354.12615,18.5,0.75,0.75,0.0,0.8214285714285714,5,18,5,0,0,28,0.28702461097243437,0.0,2026-06-30,False,0.5503517347134368,0.7612244897959184,0.41894121846553456,0.19333333333333333,0.31615181079716975,0.5109328859060402,0.18089794029159917,0.34823544941381585,0.18089794029159917,0.31476794758937254,141,0.42,0.19333333333333333,0.13333333333333333,0.5,0.15333333333333332,0.06666666666666667,2026-09-07,v2,SPY Top 150,False
MMM,3M Co,Industrials,168.56,0.15,29.0057,28.6067,3.4523,16.0529,0.034475982306925876,0.03495684577389213,0.28966196448744314,0.06229404032916171,77.12,39.4,0.6913,0.2723722,18.36,6.45,2.8465116279069766,-1.0460942543846632,4.2517,1.2402,2.35,-21.67,184.9,139.34,0.641352063213345,False,10.4413,184.133562,9.2,0.6458333333333334,0.6521739130434783,-0.0063405797101449,0.5416666666666666,4,9,9,1,1,24,2.7111975465442586,0.0,2026-06-30,True,0.44254360743722443,0.5269607843137255,0.23320312646814523,0.43333333333333335,0.4417672866135284,0.20861744966442952,0.42199490858597544,0.3391870271552104,0.20861744966442952,0.3130731116570542,142,0.18666666666666668,0.43333333333333335,0.38666666666666666,0.1,0.6666666666666666,0.06,2026-09-07,v2,SPY Top 150,False
GE,General Electric Co,Industrials,337.12,1.09,38.9948,21.9811,6.9075,38.4429,0.02564444490034569,0.04549362861731214,0.14477017734346725,0.026012605708726447,49.03,33.57,0.3937,0.13216508999999999,16.72,5.34,3.131086142322097,-1.141379954684452,1.086,0.9819,21.7,18.32,388.84,268.91,0.5687484365880098,False,20.311999999999998,407.19522,20.8,0.78125,0.78125,0.0,0.875,9,19,3,1,0,32,1.2771939497465317,0.0,2026-06-30,True,0.21206344642514854,0.5,0.10603172321257427,0.5266666666666666,0.3306131950594711,0.5933087248322148,0.3636287896320296,0.35156461939889894,0.10603172321257427,0.302458040161634,143,0.06666666666666667,0.5266666666666666,0.15333333333333332,0.6733333333333333,0.5266666666666666,0.05333333333333334,2026-09-07,v2,SPY Top 150,False
CRWD,CrowdStrike Holdings Inc,Technology,213.1,-0.87,3732.4755,38.0963,40.4364,2359.4672,0.0002679187043558625,0.026249268301646093,0.024730193587955408,0.0004238244973271932,1.29,75.24,0.4867,0.36619308,-2.21,-5.59,,,0.1463,1.5701,24.3,,233.88,85.68,0.8597840755735492,False,111.8481,226.875132,6.5,0.7213114754098361,0.725,-0.0036885245901638886,0.7377049180327869,12,33,14,1,1,61,0.7934193249923772,0.0,2026-09-30,False,0.03511213341000575,1.0,0.03511213341000575,0.9333333333333333,0.5266151615575808,0.27584563758389263,0.2946308724832215,0.3594596735423708,0.03511213341000575,0.2945901655158978,144,0.013333333333333334,0.9333333333333333,0.56,0.15333333333333332,0.38666666666666666,0.04666666666666667,2026-09-07,v2,SPY Top 150,False
NOW,ServiceNow Inc,Technology,141.26,-2.97,87.4628,8.1806,9.9147,54.9171,0.011433432270633915,0.12224042246290003,0.10086033868901732,0.018209264509597194,13.77,74.79,0.5673,0.42428367,11.4,8.77,1.2998859749144813,-0.2622765490163582,0.6006,0.7006,22.19,0.87,194.73,81.24,0.5288571680324258,False,-18.1598,148.806678,5.3,0.7909090909090909,0.7870370370370371,0.0038720538720538045,0.9090909090909091,16,34,3,2,0,55,0.9298564235210325,0.0,2026-06-30,False,0.1811452942304006,1.0,0.1811452942304006,0.09333333333333334,0.46193102495976535,0.534,0.2636380467484378,0.33954467139112876,0.09333333333333334,0.2903024037795697,145,0.12,0.09333333333333334,0.44,0.5266666666666666,0.34,0.04,2026-09-07,v2,SPY Top 150,False
PFE,Pfizer Inc,Healthcare,28.45,-1.25,37.4234,1.6304,2.5458,24.5351,0.026721249271845958,0.6133464180569185,0.39280383376541755,0.040757934550908696,4.89,74.71,0.3086,0.23055505999999998,6.79,18.78,0.3615548455804047,-1.017341532209512,0.7418,1.2669,-0.22,-59.91,29.21,23.58,0.8650088809946712,False,14.384,28.982076,1.9,0.6180555555555556,0.625,-0.00694444444444442,0.3888888888888889,6,8,20,1,1,36,0.6416447957185399,0.0,2026-06-30,False,0.568150277937512,1.0,0.568150277937512,0.46,0.2750966107666962,0.13010738255033558,0.17803749132145336,0.32329365292267204,0.13010738255033558,0.2846563988482047,146,0.6333333333333333,0.46,0.07333333333333333,0.04,0.13333333333333333,0.03333333333333333,2026-09-07,v2,SPY Top 150,False
LIN,Linde PLC,Materials,477.57,-0.96,30.3907,6.1393,6.2103,18.425,0.032904803114110565,0.1628850194647598,0.16102281693315942,0.05427408412483039,18.75,48.35,0.4081,0.19731635000000003,26.45,21.82,1.2121906507791016,-0.19242917789938352,0.7168,0.879,6.63,10.12,548.2,387.78,0.5597182396209948,False,4.1676,556.3616519999999,16.5,0.7016129032258065,0.7413793103448276,-0.03976640711902113,0.7096774193548387,5,17,7,2,0,31,-1.9474597995289649,0.0,2026-06-30,False,0.46766244968372633,1.0,0.46766244968372633,0.36,0.37820173985086997,0.22483892617449663,0.09461698680860912,0.32553646763238325,0.09461698680860912,0.27935257146762843,147,0.4866666666666667,0.36,0.22666666666666666,0.12666666666666668,0.06,0.02666666666666667,2026-09-07,v2,SPY Top 150,False
IBM,International Business Machines Corp,Technology,234.89,0.08,20.6377,7.6717,3.2028,23.0729,0.04845501194416045,0.13034920552159235,0.31222680154864496,0.04334088909499889,33.51,58.1,0.4557,0.2647617,15.11,9.78,1.5449897750511248,-0.43501729223792224,1.7992,0.7908,7.9,82.66,332.46,199.19,0.2678772416898026,False,-5.9243999999999994,248.956296,6.0,0.6774193548387096,0.7327586206896551,-0.05533926585094551,0.5161290322580645,8,8,13,2,0,31,-1.515345428295742,0.0,2026-06-30,True,0.5619522714203565,0.970880211780278,0.545588340287004,0.24666666666666667,0.3780303783485225,0.09066442953020135,0.1992594306873409,0.3224946657521158,0.09066442953020135,0.27612861850773296,148,0.6133333333333333,0.24666666666666667,0.22,0.013333333333333334,0.19333333333333333,0.02,2026-09-07,v2,SPY Top 150,False
WELL,Welltower Inc,Real Estate,236.17,-2.05,109.7706,3.452,13.3366,63.4639,0.009109907388681487,0.28968713789107764,0.0749816295007723,0.015756989406576022,3.63,40.33,0.1935,0.07803855,3.57,11.1,0.3216216216216216,-1.1343795125267409,0.3819,1.0648,37.57,22.25,255.2,163.75,0.7919081465281574,False,40.7578,264.129,11.8,0.7589285714285714,0.7685185185185185,-0.009589947089947093,0.8214285714285714,6,17,5,0,0,28,-0.11430011723950567,0.0,2026-06-30,False,0.2293664941537282,1.0,0.2293664941537282,0.7533333333333333,0.19905105276690568,0.2933288590604027,0.19956954408701688,0.2809914761269701,0.19905105276690568,0.26460339145495726,149,0.17333333333333334,0.7533333333333333,0.013333333333333334,0.17333333333333334,0.2,0.013333333333333334,2026-09-07,v2,SPY Top 150,False
TSLA,Tesla Inc,Cons Discretionary,354.08,-5.92,367.4345,18.1867,13.4961,125.7511,0.0027215735049376144,0.05498523646400942,0.07409547943479969,0.007952216720171832,4.569999999999999,18.85,0.7352,0.1385852,4.22,9.97,0.4232698094282848,-0.8597454559258266,0.1076,1.9409,11.75,-37.66,498.83,297.38,0.2814594192107222,False,4.693,388.679772,9.8,0.6352459016393442,0.625,0.010245901639344246,0.4918032786885246,10,20,25,5,1,61,-2.4523766396480196,0.0,2026-06-30,True,0.09675483994632932,1.0,0.09675483994632932,0.37333333333333335,0.30039913245531336,0.4887785234899329,0.021101596852580423,0.2525627272823833,0.021101596852580423,0.20627050119642276,150,0.03333333333333333,0.37333333333333335,0.1,0.46,0.006666666666666667,0.006666666666666667,2026-09-07,v2,SPY Top 150,False
