ticker,name,sector,price,day_chg,pe_ttm,pb,ps_ttm,ev_ebitda,earn_yld,book_yld,sales_yld,ebitda_yld,roe,gross_margin,asset_turnover,gp_assets,op_margin_ttm,op_margin_5y,margin_ratio,margin_stability,debt_equity,current_ratio,rev_growth,eps_growth,w52_high,w52_low,w52_pos,stale_ref,mom_12_1,mean_target,upside_pct,analyst_score,analyst_score_3m_ago,revision_3m,buy_ratio,strong_buy,buy,hold,sell,strong_sell,total_recs,sue,pead_decay,last_report,has_earnings,score_value_raw,cyc_guard,score_value,score_momentum,score_quality,score_sentiment,score_catalyst,score_value_uni,score_quality_uni,weighted_mean,worst_lens,score_composite,rank,score_value_pct,score_momentum_pct,score_quality_pct,score_sentiment_pct,score_catalyst_pct,score_composite_pct,as_of,version,universe,in_top_n
NVDA,NVIDIA Corp,Technology,210.96,-3.36,26.2005,20.768,16.68,25.1781,0.03816721054941699,0.048151001540832045,0.05995203836930456,0.0397170556952272,110.11,74.67,1.2788,0.95487996,65.17,45.98,1.4173553719008265,-0.34879272100925357,0.1457,4.5889,83.38,125.15,236.54,164.27,0.6460495364604955,False,24.3371,329.3376,56.1,0.8188405797101449,0.8152173913043478,0.0036231884057971175,0.9420289855072463,24,41,3,1,0,69,3.676278564427623,0.0,2026-09-30,False,0.2710350776308223,1.0,0.6176470588235294,0.6066666666666667,1.0,0.8050335570469798,0.6285628326776209,0.2710350776308223,0.804304159643459,0.7703695676835881,0.6066666666666667,0.7376289874802038,1,0.6066666666666667,0.6066666666666667,0.9733333333333334,0.9133333333333333,0.9533333333333334,1.0,2026-09-15,v2,SPY Top 150,True
MU,Micron Technology Inc,Technology,924.03,-5.25,20.6627,10.34,11.5518,14.9962,0.048396385757911595,0.09671179883945842,0.08656659568205821,0.06668355983515824,70.55,72.57,0.8929,0.6479775299999999,65.63,9.66,6.79399585921325,-1.9160392602612046,0.0568,3.4245,166.98,700.71,1255.0,147.61,0.7011260712124907,False,545.9878,1474.5329100000001,59.6,0.8017241379310345,0.8035714285714286,-0.001847290640394128,0.9137931034482759,18,35,4,1,0,58,4.226455705090022,0.0,2026-06-30,True,0.47866589994249564,0.5,0.5882352941176471,0.9933333333333333,0.7941176470588235,0.6496644295302013,0.6650636426753067,0.23933294997124782,0.7345549381481586,0.7143198832877284,0.5882352941176471,0.6891029654537122,2,0.5733333333333334,0.9933333333333333,0.7666666666666667,0.76,0.9933333333333333,0.9933333333333333,2026-09-15,v2,SPY Top 150,True
FDX,FedEx Corp,Industrials,312.57,0.19,16.6726,2.5521,0.7803,8.7841,0.05997864760145388,0.3918341757768113,1.2815583749839805,0.11384205553215468,15.110000000000001,62.11,1.0205,0.6338325499999999,5.76,6.03,0.9552238805970148,-0.04580953603129434,0.8125,1.4754,7.73,9.81,345.37,179.15,0.8026711587053302,False,73.9171,361.55583,15.7,0.7214285714285714,0.7121212121212122,0.009307359307359264,0.6857142857142857,9,15,9,2,0,35,0.41769222888554963,0.0,2025-09-30,True,0.8763341000575045,1.0,1.0,0.9066666666666666,1.0,0.5781879194630872,0.20733163619532516,0.8763341000575045,0.6553489367578017,0.7874039959885829,0.20733163619532516,0.6713895240299315,3,0.9733333333333334,0.9066666666666666,0.9733333333333334,0.62,0.21333333333333335,0.9866666666666667,2026-09-15,v2,SPY Top 150,True
CVX,Chevron Corp,Energy,212.17,-0.88,20.5119,1.7386,2.0237,8.8175,0.048752187754425476,0.5751754285056943,0.49414438899046303,0.11341083073433512,10.979999999999999,43.65,0.6372,0.2781378,13.22,12.75,1.0368627450980392,-0.03619956281910508,0.1953,1.2522,11.17,34.62,217.4,146.49,0.9262445353264699,False,31.425000000000004,225.202536,6.1,0.7583333333333333,0.7416666666666667,0.016666666666666607,0.8333333333333334,7,18,4,1,0,30,2.813694710521799,0.0,2026-06-30,True,0.8247354801610121,1.0,0.6666666666666666,0.7066666666666667,0.8333333333333334,0.6114093959731544,0.5459476972922934,0.8247354801610121,0.5508497224047463,0.6915073671218083,0.5459476972922934,0.6623954331559053,4,0.6566666666666666,0.7066666666666667,0.8133333333333334,0.7066666666666667,0.86,0.98,2026-09-15,v2,SPY Top 150,True
AMAT,Applied Materials Inc,Technology,424.21,-7.07,36.2852,16.0073,10.9043,34.7292,0.02755944572442759,0.06247149737932068,0.09170694129838688,0.028794213514852056,40.44,49.4,0.7819,0.3862586,29.64,29.33,1.0105693828844187,-0.010513917438526452,0.2554,2.423,7.77,38.36,739.67,164.0,0.4520124376813105,False,168.7013,649.210212,53.0,0.7833333333333333,0.7833333333333333,0.0,0.8666666666666667,12,27,6,0,0,45,0.9000104539017862,0.0,2026-09-30,False,0.21251198006517158,1.0,0.5294117647058824,0.96,0.9705882352941176,0.6869127516778523,0.35959268687803747,0.21251198006517158,0.7839558561647096,0.7108508651319818,0.35959268687803747,0.640599229481193,5,0.5266666666666666,0.96,0.94,0.7866666666666666,0.52,0.9733333333333334,2026-09-15,v2,SPY Top 150,True
UNP,Union Pacific Corp,Industrials,285.08,0.24,23.0628,7.8116,6.6529,15.5915,0.04335986957351232,0.12801474729888881,0.15031039095732687,0.06413751082320496,38.65,78.25,0.364,0.28482999999999997,40.03,40.23,0.9950285856326125,-0.0049838129572145375,1.467,0.9859,4.17,7.27,315.99,213.89,0.6972575905974533,False,37.0535,332.281116,16.6,0.7419354838709677,0.7327586206896551,0.009176863181312611,0.6774193548387096,9,12,10,0,0,31,1.739336906013676,0.0,2026-06-30,True,0.49664174813110984,1.0,0.6,0.7466666666666667,0.92,0.6110738255033558,0.38361953251562136,0.49664174813110984,0.6031758039787066,0.6804243616446811,0.38361953251562136,0.6210633958188692,6,0.5933333333333334,0.7466666666666667,0.9066666666666666,0.7,0.5866666666666667,0.9666666666666667,2026-09-15,v2,SPY Top 150,True
SNDK,Sandisk Corp,Technology,1551.99,-4.98,20.9178,16.422,11.8112,18.6945,0.047806174645517216,0.060893922786505905,0.08466540232999188,0.053491668672604235,93.13,71.47,1.2398,0.88608506,61.19,2.86,21.395104895104897,-3.063162152642688,0.0,2.2899,175.3,,2354.39,81.38,0.646987914703411,False,1833.2903999999999,2166.6654359999998,39.6,0.7954545454545454,0.7916666666666666,0.0037878787878787845,0.8484848484848485,11,17,5,0,0,33,1.2648324250882537,0.0,2026-06-30,False,0.40928694652098907,0.5,0.5,1.0,0.8235294117647058,0.7671140939597316,0.35838926174496644,0.20464347326049454,0.7465923682731956,0.679240031583103,0.35838926174496644,0.6150698776154757,7,0.49333333333333335,1.0,0.8066666666666666,0.88,0.5133333333333333,0.96,2026-09-15,v2,SPY Top 150,True
EOG,EOG Resources Inc,Energy,148.54,0.8,11.4403,2.1685,2.9166,5.9397,0.08741029518456683,0.4611482591653217,0.3428649797709662,0.168358671313366,22.38,79.47,0.5085,0.40410494999999996,33.02,34.76,0.9499424626006906,-0.051353861905209186,0.2487,1.8514,18.67,24.77,153.67,101.59,0.9014976958525346,False,21.1444,162.239364,9.2,0.6597222222222222,0.6666666666666666,-0.00694444444444442,0.4722222222222222,6,11,19,0,0,36,0.586965717530179,0.0,2026-06-30,False,0.8788067855089132,1.0,1.0,0.5666666666666667,1.0,0.19932885906040268,0.2830502198565147,0.8788067855089132,0.6977935891209325,0.6889899714572244,0.19932885906040268,0.59105774897786,8,0.9733333333333334,0.5666666666666667,0.9733333333333334,0.1,0.36,0.9533333333333334,2026-09-15,v2,SPY Top 150,True
CSCO,Cisco Systems Inc,Technology,110.06,-1.85,33.3219,8.9802,6.9812,28.5186,0.030010293530681024,0.11135609451905303,0.14324184953876123,0.03506483487969255,27.389999999999997,64.52,0.5069,0.32705188,24.27,24.23,1.001650846058605,-0.001649484910075718,0.5873,0.9311,11.77,30.78,130.3656,66.13,0.6838886847791568,False,64.16789999999999,137.34300000000002,24.8,0.7214285714285714,0.7196969696969697,0.0017316017316016952,0.6857142857142857,7,17,11,0,0,35,2.407220913859974,0.0,2026-09-30,False,0.31002875215641174,1.0,0.7352941176470589,0.8933333333333333,0.5,0.5869127516778524,0.49069196945151583,0.31002875215641174,0.6380720890590329,0.6141432084983958,0.49069196945151583,0.5894529606890199,9,0.7266666666666667,0.8933333333333333,0.4866666666666667,0.6533333333333333,0.7866666666666666,0.9466666666666667,2026-09-15,v2,SPY Top 150,True
COP,ConocoPhillips,Energy,136.67,-0.5,18.0084,1.9381,2.6388,7.054,0.0555296417227516,0.5159692482328053,0.378960133393967,0.14176353841791892,14.32,46.31,0.5156,0.23877436,22.51,25.7,0.8758754863813231,-0.1325313369825331,0.3564,1.5415,9.6,1.31,138.89,85.57,0.9583645911477869,False,42.247,148.42448399999998,8.6,0.7419354838709677,0.7419354838709677,0.0,0.7419354838709677,7,16,8,0,0,31,3.2455704051692447,0.0,2026-06-30,False,0.831825761932145,1.0,0.8333333333333334,0.8,0.6666666666666666,0.3899328859060403,0.4730710483684332,0.831825761932145,0.47127128150920394,0.6372805677698063,0.3899328859060403,0.5878110313970532,10,0.82,0.8,0.6566666666666666,0.32,0.74,0.94,2026-09-15,v2,SPY Top 150,True
BMY,Bristol-Myers Squibb Co,Healthcare,64.1,0.72,14.1668,5.2719,2.6737,11.0026,0.0705875709405088,0.18968493332574596,0.37401353929012227,0.090887608383473,46.760000000000005,71.66,0.5449,0.39047534000000006,25.51,13.6,1.8757352941176473,-0.6290007394117139,1.932,1.5316,3.11,99.29,68.64,42.52,0.8261868300153137,False,38.611,67.846524,5.8,0.6428571428571429,0.6285714285714286,0.014285714285714346,0.42857142857142855,7,8,18,2,0,35,4.637284440412436,0.0,2026-06-30,True,0.7687023193406173,0.7996863974911799,0.6666666666666666,0.7533333333333333,0.5714285714285714,0.49093959731543624,0.6544411015968525,0.6147207884966127,0.5296143854336295,0.6097826561311865,0.49093959731543624,0.5860140443680365,11,0.6566666666666666,0.7533333333333333,0.56,0.5,0.98,0.9333333333333333,2026-09-15,v2,SPY Top 150,False
WDC,Western Digital Corp,Technology,426.94,-4.53,17.1081,22.4549,12.4798,37.5204,0.058451844447951554,0.044533709791626776,0.08012948925463549,0.026652167887335956,117.8,48.85,0.8777,0.42875645,30.25,11.1,2.725225225225225,-1.002551076158562,0.1187,1.3288,35.7,363.83,799.87,94.41,0.47136620077679803,False,365.8338,663.796518,55.5,0.75,0.7586206896551724,-0.008620689655172376,0.7741935483870968,7,17,7,0,0,31,2.217411658221307,0.0,2026-06-30,True,0.34113954379911826,0.5504132231404959,0.47058823529411764,0.9866666666666667,0.7058823529411765,0.487248322147651,0.5482110622541079,0.18776771584315105,0.68552977363845,0.6077597551401954,0.47058823529411764,0.5803254511709799,12,0.46,0.9866666666666667,0.6933333333333334,0.48333333333333334,0.8666666666666667,0.9266666666666666,2026-09-15,v2,SPY Top 150,False
LRCX,Lam Research Corp,Technology,273.49,-8.29,47.5907,41.2056,14.8827,39.7995,0.021012508746456767,0.02426854602287068,0.06719210895872389,0.025125943793263734,66.97,50.47,1.0607,0.53533529,35.29,31.37,1.1249601530124322,-0.1177476154845919,0.2995,2.6293,26.02,38.62,438.5,108.29,0.5002876957087914,False,159.105,375.581034,37.3,0.774390243902439,0.7682926829268293,0.0060975609756097615,0.8536585365853658,10,25,6,0,0,41,3.2502881658104763,0.0,2026-06-30,True,0.10742572359593637,1.0,0.23529411764705882,0.9533333333333334,0.9117647058823529,0.7406040268456375,0.5771164082388336,0.10742572359593637,0.7775435486482111,0.6623745411147565,0.23529411764705882,0.5769584564212169,13,0.2,0.9533333333333334,0.9,0.8533333333333334,0.9066666666666666,0.92,2026-09-15,v2,SPY Top 150,False
APH,Amphenol Corp,Technology,78.55,-6.4,38.214,14.0021,6.7749,23.0317,0.026168419950803372,0.07141785874975896,0.14760365466648956,0.04341841896169193,37.14,38.95,0.772,0.300694,27.03,21.28,1.2702067669172932,-0.23917969581491255,1.2143,1.8878,54.17,59.37,89.26,39.41,0.7851554663991974,False,34.6462,100.76457599999999,28.3,0.782608695652174,0.7604166666666666,0.022192028985507317,0.8695652173913043,6,14,3,0,0,23,3.694949898643713,0.0,2026-06-30,True,0.3021343684109642,1.0,0.6764705882352942,0.7133333333333334,0.38235294117647056,0.8758389261744967,0.6132052765563527,0.3021343684109642,0.5315492005447151,0.6223054394634504,0.38235294117647056,0.5743149398060545,14,0.6666666666666666,0.7133333333333334,0.37333333333333335,0.9733333333333334,0.94,0.9133333333333333,2026-09-15,v2,SPY Top 150,False
BAC,Bank of America Corp,Financials,59.47,-5.14,12.8593,1.3281,2.32875,,0.07776473058409089,0.7529553497477599,0.4294149221685454,,11.129999999999999,,,,32.73721,33.47932,0.9778337791807001,-0.022415583330081108,2.4313,,99.36713,25.82,65.225,46.12,0.6987699555090292,False,22.316300000000002,69.16569,16.3,0.75,0.75,0.0,0.7931034482758621,6,17,6,0,0,29,2.1898905017103685,0.0,2026-06-30,True,0.8113963963963964,1.0,0.7272727272727273,0.5866666666666667,0.6363636363636364,0.46073825503355703,0.4683962045822726,0.8113963963963964,0.4440229885057471,0.5938010210879917,0.46073825503355703,0.5671884678771049,15,0.7166666666666667,0.5866666666666667,0.63,0.4,0.7266666666666667,0.9066666666666666,2026-09-15,v2,SPY Top 150,False
LOW,Lowe's Companies Inc,Cons Discretionary,198.17,0.69,16.623,316.2831,1.2211,11.6146,0.0601576129459183,0.003161724417144008,0.8189337482597657,0.08609853115905843,264.53000000000003,33.08,1.6561,0.5478378799999999,11.38,12.14,0.9373970345963757,-0.06464835693316727,52.2337,1.1046,8.16,-2.74,293.06,195.06,0.03173469387755087,False,-23.8965,257.46646200000004,29.9,0.7317073170731707,0.7317073170731707,0.0,0.6829268292682927,11,17,12,1,0,41,6.563798534130623,0.0,2026-09-30,False,0.6578704236151045,1.0,1.0,0.06,0.8,0.566778523489933,0.5238185605183986,0.6578704236151045,0.7071114952051729,0.6879284887757464,0.06,0.5623427910205971,16,0.9733333333333334,0.06,0.78,0.5933333333333334,0.8266666666666667,0.9,2026-09-15,v2,SPY Top 150,False
UPS,United Parcel Service Inc,Industrials,102.46,2.17,18.6688,6.0646,0.9487,10.0726,0.053565306822077476,0.16489133660917454,1.054073995994519,0.09927923277008915,29.07,81.91,1.2509,1.0246121899999998,7.31,10.88,0.6718749999999999,-0.3976829676661096,1.625,1.179,-0.42,-20.08,122.41,82.0,0.5063103192279138,False,22.254,118.57214400000001,15.7,0.6642857142857143,0.6590909090909091,0.0051948051948051965,0.5142857142857142,9,9,13,4,0,35,0.6073221974599818,0.0,2026-06-30,True,0.7778905501245927,1.0,0.84,0.58,0.88,0.4721476510067114,0.18847489007174267,0.7778905501245927,0.580528292812997,0.6547007637121037,0.18847489007174267,0.5614555889840315,17,0.8266666666666667,0.58,0.8666666666666667,0.42,0.17333333333333334,0.8933333333333333,2026-09-15,v2,SPY Top 150,False
GD,General Dynamics Corp,Industrials,356.81,0.26,21.6138,3.8011,1.7678,15.1672,0.04626673699210689,0.2630817394964616,0.5656748500961647,0.06593174745503455,17.43,15.38,0.9376,0.14420288,10.32,10.36,0.9961389961389963,-0.003868476777920206,0.2802,1.4409,9.13,10.13,400.0,306.77,0.536737101791269,False,12.1333,428.598594,20.1,0.7121212121212122,0.7045454545454546,0.007575757575757569,0.6666666666666666,7,15,10,1,0,33,0.9835280370829034,0.0,2026-06-30,True,0.7196128042936554,1.0,0.8,0.4666666666666667,0.72,0.5835570469798658,0.3040499884286045,0.7196128042936554,0.530344813301717,0.6249855743269305,0.3040499884286045,0.5607984571472653,18,0.78,0.4666666666666667,0.7066666666666667,0.64,0.4,0.8866666666666667,2026-09-15,v2,SPY Top 150,False
TJX,TJX Companies Inc,Cons Discretionary,125.99,-0.02,22.8616,16.3356,2.2241,14.6814,0.043741470413269416,0.0612159945150469,0.44962007103997126,0.06811339518029616,59.77,32.0,1.7296,0.5534720000000001,12.69,10.47,1.2120343839541545,-0.19230025684385063,0.2696,1.1474,7.66,23.31,170.0,124.87,0.02481719477066232,False,-4.624199999999999,172.67529000000002,37.1,0.7592592592592593,0.8076923076923077,-0.04843304843304841,0.7777777777777778,8,13,5,1,0,27,0.41155072386631114,0.0,2026-09-30,False,0.5784617596319723,1.0,0.8,0.24666666666666667,1.0,0.387248322147651,0.2419995371441796,0.5784617596319723,0.721519741165043,0.6384162616678237,0.2419995371441796,0.559132916763095,19,0.78,0.24666666666666667,0.9733333333333334,0.31333333333333335,0.29333333333333333,0.88,2026-09-15,v2,SPY Top 150,False
LMT,Lockheed Martin Corp,Industrials,529.38,0.99,19.4559,13.2024,1.5883,12.8266,0.051398290492858205,0.07574380415681997,0.6296039790971478,0.07796298317558824,86.24000000000001,11.8,1.274,0.15033200000000002,11.88,10.83,1.0969529085872576,-0.09253625292159959,2.3424,1.1929,7.2,52.8,692.0,437.25,0.361648675171737,False,17.9566,654.279612,23.6,0.6607142857142857,0.6339285714285714,0.0267857142857143,0.4642857142857143,6,7,14,1,0,28,1.291007267838419,0.0,2026-06-30,True,0.6827372052903968,1.0,0.76,0.54,0.44,0.7197986577181208,0.4318120805369128,0.6827372052903968,0.47651750802312187,0.5847315436241611,0.4318120805369128,0.5541476510067115,20,0.74,0.54,0.4266666666666667,0.8333333333333334,0.6866666666666666,0.8733333333333333,2026-09-15,v2,SPY Top 150,False
MSFT,Microsoft Corp,Technology,505.41,1.97,27.6105,6.2636,11.1285,19.5194,0.03621810543090491,0.15965259595121015,0.0898593700858157,0.051231082922630816,33.22,67.94,0.4819,0.32740286,46.73,44.07,1.0603585205355117,-0.0586070778584392,0.2416,1.2303,17.79,31.56,553.72,349.2,0.7637883825542735,False,1.2247000000000001,585.3670860000001,15.8,0.8152173913043478,0.8161764705882353,-0.0009590792838874984,0.927536231884058,23,41,5,0,0,69,4.113875052263524,0.0,2026-06-30,True,0.4042217749664558,1.0,0.7941176470588235,0.3466666666666667,0.6176470588235294,0.4892617449664429,0.5941217310807684,0.4042217749664558,0.6645432677199098,0.6054608047338353,0.3466666666666667,0.5537019771204016,21,0.7666666666666667,0.3466666666666667,0.6066666666666667,0.49333333333333335,0.92,0.8666666666666667,2026-09-15,v2,SPY Top 150,False
GOOG,Alphabet Inc,Comm Services,345.71,3.06,16.9524,6.7585,9.285,26.7062,0.05898869776550813,0.14796182584893097,0.10770059235325793,0.03744448854573096,50.839999999999996,60.9,0.6467,0.39384030000000003,33.11,29.71,1.1144395826321103,-0.10835166208463853,0.1533,2.724,20.05,115.31,408.61,235.84,0.6359321641488682,False,41.0751,429.375426,24.2,0.7964285714285714,0.782608695652174,0.013819875776397428,0.9,20,43,7,0,0,70,-0.5336987384061047,0.0,2026-06-30,True,0.4765914318573893,1.0,0.3181818181818182,0.79,0.8636363636363636,0.8201342281879195,0.2509534829900486,0.4765914318573893,0.7558945114228306,0.6193062317224548,0.2509534829900486,0.5456356819759736,22,0.28,0.79,0.8466666666666667,0.9266666666666666,0.31666666666666665,0.86,2026-09-15,v2,SPY Top 150,False
NEE,Nextera Energy Inc,Utilities,81.63,-0.83,18.39,3.2044,5.9583,18.0752,0.0543773790103317,0.31207090250905006,0.1678331067586392,0.05532442241303001,16.82,,0.1318,,29.82,26.67,1.1181102362204725,-0.11163997114266946,1.929,0.5338,10.82,55.3,98.75,69.37,0.4172906739278418,False,15.4458,99.58362,22.0,0.7232142857142857,0.7241379310344828,-0.000923645320197064,0.6428571428571429,8,10,9,1,0,28,0.7237897215676752,0.0,2026-06-30,True,0.6243971631205674,1.0,0.4,0.5133333333333333,1.0,0.4496644295302013,0.3506780837769035,0.6243971631205674,0.39584150882305325,0.5938679318059091,0.3506780837769035,0.545229962200108,23,0.38666666666666666,0.5133333333333333,0.9733333333333334,0.37333333333333335,0.49333333333333335,0.8533333333333334,2026-09-15,v2,SPY Top 150,False
GOOGL,Alphabet Inc,Comm Services,349.39,3.22,16.9524,6.7585,9.285,26.7062,0.05898869776550813,0.14796182584893097,0.10770059235325793,0.03744448854573096,50.839999999999996,60.9,0.6467,0.39384030000000003,33.11,29.71,1.1144395826321103,-0.10835166208463853,0.1533,2.724,20.05,115.31,408.61,235.84,0.6572321583608264,False,41.0751,433.279374,24.0,0.7964285714285714,0.782608695652174,0.013819875776397428,0.9,20,43,7,0,0,70,-0.5336987384061047,0.0,2026-06-30,True,0.4765914318573893,1.0,0.3181818181818182,0.79,0.8636363636363636,0.8161073825503355,0.2509534829900486,0.4765914318573893,0.7558945114228306,0.6185008625949381,0.2509534829900486,0.5449913866739602,24,0.28,0.79,0.8466666666666667,0.92,0.31666666666666665,0.8466666666666667,2026-09-15,v2,SPY Top 150,False
WFC,Wells Fargo & Co,Financials,88.71,-1.75,12.0759,1.389,1.90599,,0.08280956284831772,0.7199424046076314,0.5246617243532232,,12.55,,,,25.34514,25.21255,1.0052588889263483,-0.005245109259358108,2.5479,,72.74767,16.88,97.76,72.78,0.6377101681345072,False,6.611800000000001,102.714,15.8,0.7166666666666667,0.7413793103448276,-0.02471264367816095,0.6666666666666666,6,14,10,0,0,30,2.6848089464264913,0.0,2026-06-30,True,0.8337837837837838,1.0,0.8636363636363636,0.4,0.8181818181818182,0.2167785234899329,0.4856283267762092,0.8337837837837838,0.46739080459770116,0.6175635900780543,0.2167785234899329,0.53740657676043,25,0.8466666666666667,0.4,0.8,0.11333333333333333,0.7733333333333333,0.84,2026-09-15,v2,SPY Top 150,False
CMI,Cummins Inc,Industrials,541.1,-2.81,27.1709,7.6606,2.1254,18.3123,0.03680408083648315,0.13053807795734015,0.4704996706502306,0.05460810493493444,21.89,25.66,1.0082,0.25870412,11.22,10.75,1.0437209302325583,-0.0427921455208786,0.599,1.7272,2.93,-7.98,737.76,400.72,0.41650842629954904,False,36.8078,767.649348,41.9,0.7142857142857143,0.7053571428571429,0.008928571428571397,0.6785714285714286,5,14,9,0,0,28,-0.8749581576565397,0.0,2026-06-30,False,0.5568751198006516,1.0,0.72,0.74,0.8,0.7278523489932887,0.07930108771117797,0.5568751198006516,0.5710254025845404,0.6514656329553344,0.07930108771117797,0.5370327239065031,26,0.7066666666666667,0.74,0.78,0.84,0.04,0.8333333333333334,2026-09-15,v2,SPY Top 150,False
JPM,JPMorgan Chase & Co,Financials,350.13,-1.71,14.2283,2.3228,2.89596,,0.07028246522775032,0.4305148958153952,0.3453086368596251,,17.810000000000002,,,,41.22809,38.1933,1.0794587008716188,-0.07645971259532333,3.3045,,108.9793,19.48,366.5,279.1,0.8127002288329519,False,16.523699999999998,381.727146,9.0,0.675,0.6666666666666666,0.008333333333333415,0.6,3,15,12,0,0,30,1.463788500270821,0.0,2026-06-30,True,0.7505405405405405,1.0,0.5909090909090909,0.5333333333333333,0.7272727272727273,0.473489932885906,0.3831659338116177,0.7505405405405405,0.4564310344827586,0.5714153008913482,0.3831659338116177,0.5337654274754021,27,0.58,0.5333333333333333,0.7166666666666667,0.44,0.58,0.8266666666666667,2026-09-15,v2,SPY Top 150,False
BK,BK,Financials,157.66,-3.07,15.7933,1.8182,2.12845,,0.06331798927393262,0.5499945000549994,0.46982545984166885,,13.48,,,,26.54159,28.68099,0.9254070379021087,-0.07752159728409598,1.1894,,284.5591,31.5,165.84,103.1103,0.8695992488406608,False,53.1784,143.663022,-8.9,,,,,0,0,0,0,0,0,,0.0,,False,0.775045045045045,1.0,0.6363636363636364,0.86,0.6818181818181818,0.352013422818792,0.3796551724137931,0.775045045045045,0.4552183908045977,0.576987324062191,0.352013422818792,0.5319925438135112,28,0.63,0.86,0.68,0.24666666666666667,0.56,0.82,2026-09-15,v2,SPY Top 150,False
AMZN,Amazon.com Inc,Cons Discretionary,253.54,-1.26,20.3294,4.6479,3.5455,16.7382,0.04918984328115931,0.21515092837625593,0.28204766605556336,0.059743580552269665,30.5,50.77,0.872,0.4427144,12.08,7.2,1.6777777777777778,-0.5174701664846593,0.2816,1.0331,15.77,89.71,287.2,196.0,0.6309210526315789,False,12.8188,328.13644800000003,29.4,0.8006756756756757,0.8033333333333333,-0.002657657657657686,0.9324324324324325,20,49,5,0,0,74,0.6841049144849262,0.0,2026-06-30,True,0.6378617979681811,0.8940397350993378,0.7,0.4866666666666667,0.6,0.5832214765100671,0.35302476278639205,0.57027379288546,0.5779508851622241,0.5732646763866389,0.35302476278639205,0.5292166936665895,29,0.6866666666666666,0.4866666666666667,0.5866666666666667,0.6333333333333333,0.5066666666666667,0.8133333333333334,2026-09-15,v2,SPY Top 150,False
MDT,Medtronic PLC,Healthcare,93.8,3.12,22.8267,2.176,3.1819,17.1442,0.043808347242483586,0.45955882352941174,0.3142776328608693,0.05832876424680066,10.61,65.74,0.4068,0.26743032,18.08,17.4,1.0390804597701149,-0.03833614874354703,0.5605,2.0671,9.77,12.25,106.33,73.31,0.6205330102967898,False,-3.8327,107.18792400000001,14.3,0.7426470588235294,0.7094594594594594,0.03318759936407001,0.6764705882352942,10,13,11,0,0,34,3.771075492872469,0.0,2026-09-30,False,0.6740348859497796,1.0,0.7619047619047619,0.26666666666666666,0.5238095238095238,0.6906040268456376,0.5296644295302013,0.6740348859497796,0.5247910512432268,0.5918561840843719,0.26666666666666666,0.5268182806008309,30,0.7466666666666667,0.26666666666666666,0.5133333333333333,0.8,0.8466666666666667,0.8066666666666666,2026-09-15,v2,SPY Top 150,False
PH,Parker-Hannifin Corp,Industrials,928.83,-2.25,32.0509,8.0062,5.4385,24.9532,0.03120037190843315,0.12490320001998452,0.18387423002666176,0.040075020438260424,25.11,37.84,0.7006,0.26510704,21.65,19.62,1.103465851172273,-0.09845600031128168,0.5531,1.2623,8.31,5.03,1099.94,715.37,0.5550614972566763,False,26.441699999999997,1186.289172,27.7,0.7647058823529411,0.7647058823529411,0.0,0.7941176470588235,9,18,7,0,0,34,4.28790922676389,0.0,2026-06-30,False,0.38155261644623345,1.0,0.32,0.64,0.76,0.588255033557047,0.5263503818560519,0.38155261644623345,0.544712500833262,0.5686035639898172,0.32,0.5188828511918537,31,0.29333333333333333,0.64,0.74,0.66,0.84,0.8,2026-09-15,v2,SPY Top 150,False
HCA,HCA Healthcare Inc,Healthcare,425.49,-0.34,13.4747,256.9178,1.1814,8.9459,0.07421315502385953,0.0038922955124168117,0.8464533604198409,0.11178305145373858,695.73,85.26,1.2728,1.08518928,15.48,15.39,1.0058479532163742,-0.005830920310793144,125.7976,0.993,7.31,25.46,556.52,353.99,0.35303411840221205,False,2.9663,462.27726,8.6,0.6833333333333333,0.7,-0.016666666666666607,0.5666666666666667,6,11,12,1,0,30,0.14601096312744102,0.0,2026-06-30,True,0.6985422656699253,1.0,0.8095238095238095,0.37333333333333335,1.0,0.15201342281879196,0.2354732700763712,0.6985422656699253,0.7779645458960661,0.6054379607894997,0.15201342281879196,0.5147530531953582,32,0.7933333333333333,0.37333333333333335,0.9733333333333334,0.06,0.28,0.7933333333333333,2026-09-15,v2,SPY Top 150,False
TXN,Texas Instruments Inc,Technology,263.42,-1.97,39.4378,15.0648,12.2694,26.5646,0.025356383976793836,0.0663799054750146,0.08150357800707451,0.037644082726636205,35.77,58.33,0.5563,0.32448978999999994,37.29,42.06,0.8865905848787445,-0.12037197608382441,0.7804,4.8573,16.66,20.26,334.03,152.73,0.6105350248207393,False,42.7697,315.719376,19.9,0.6395348837209303,0.625,0.014534883720930258,0.4883720930232558,7,14,19,2,1,43,1.6630994233063483,0.0,2026-06-30,True,0.22230017251293846,1.0,0.5588235294117647,0.8066666666666666,0.4411764705882353,0.6228187919463086,0.41277019208516547,0.22230017251293846,0.6111770800598043,0.539204777398115,0.41277019208516547,0.5139178603355251,33,0.5533333333333333,0.8066666666666666,0.43333333333333335,0.72,0.6533333333333333,0.7866666666666666,2026-09-15,v2,SPY Top 150,False
COF,Capital One Financial Corp,Financials,206.68,-0.78,12.0749,1.0861,1.11745,,0.08281642083992415,0.9207255317189945,0.8948946261577698,,9.28,,,,18.32824,28.31922,0.6472014412826342,-0.4350976862894166,0.3938,,38.19094,521.95,259.64,174.24,0.37985948477751763,False,-4.259,264.384,27.9,0.7758620689655172,0.7672413793103449,0.008620689655172376,0.8275862068965517,8,16,5,0,0,29,1.3736360514667123,0.0,2026-06-30,True,0.8724774774774774,1.0,0.9545454545454546,0.26,0.2727272727272727,0.7536912751677853,0.4791205739412173,0.8724774774774774,0.37562068965517237,0.5690608865792851,0.26,0.5072487092634281,34,0.9266666666666666,0.26,0.24333333333333335,0.86,0.7466666666666667,0.78,2026-09-15,v2,SPY Top 150,False
NOC,Northrop Grumman Corp,Industrials,527.39,1.62,16.6698,4.0449,1.7474,14.3469,0.0599887221202414,0.24722490049197754,0.5722788142382969,0.06970146860994361,26.58,20.06,0.8517,0.17085102,10.72,10.68,1.00374531835206,-0.003738322110607158,0.8494,1.1682,5.9,15.95,774.0,479.02,0.16397721879449453,False,-7.134199999999999,663.671058,25.8,0.6964285714285714,0.7053571428571429,-0.008928571428571508,0.6071428571428571,5,12,11,0,0,28,1.6843868957220978,0.0,2026-06-30,True,0.7816589994249569,1.0,0.88,0.22666666666666666,0.64,0.3634228187919463,0.4037121036797038,0.7816589994249569,0.5106871172947081,0.5679080459770115,0.22666666666666666,0.49965977011494256,35,0.86,0.22666666666666666,0.64,0.26,0.6133333333333333,0.7733333333333333,2026-09-15,v2,SPY Top 150,False
PWR,Quanta Services Inc,Technology,622.02,-4.39,70.6793,11.2108,2.8501,37.9151,0.014148414033528912,0.08919970028900702,0.35086488193396725,0.02637471614211752,14.74,15.46,1.2941,0.20006786000000001,6.19,5.39,1.1484230055658629,-0.13838970177559906,0.6334,1.0983,26.3,35.37,788.75,373.4,0.5985795112555675,False,59.8058,803.6281140000001,29.2,0.7708333333333334,0.75,0.02083333333333337,0.7777777777777778,11,17,8,0,0,36,4.549570905131631,0.0,2026-06-30,True,0.30246885183055394,1.0,0.7058823529411765,0.8733333333333333,0.17647058823529413,0.8503355704697987,0.6152233279333488,0.30246885183055394,0.3966932739098553,0.5790957113231777,0.17647058823529413,0.498570686705601,36,0.6933333333333334,0.8733333333333333,0.13333333333333333,0.9466666666666667,0.9466666666666667,0.7666666666666667,2026-09-15,v2,SPY Top 150,False
CRH,CRH PLC,Industrials,88.98,0.49,15.2792,2.9747,1.518,9.1417,0.06544845279857585,0.3361683531112381,0.6587615283267457,0.10938884452563527,16.259999999999998,36.25,0.6616,0.23983,15.09,12.76,1.182601880877743,-0.16771699486311373,0.7691,1.5788,6.29,17.98,131.55,86.84,0.04786401252516216,False,-16.5559,140.354142,57.7,0.8125,0.8055555555555556,0.00694444444444442,0.9285714285714286,9,17,2,0,0,28,1.17485306331291,0.0,2026-06-30,False,0.852934636764424,1.0,0.96,0.11333333333333333,0.4,0.8355704697986577,0.340735940754455,0.852934636764424,0.44676123951280367,0.5895578184062331,0.11333333333333333,0.49431292139165317,37,0.9333333333333333,0.11333333333333333,0.38666666666666666,0.94,0.46,0.76,2026-09-15,v2,SPY Top 150,False
KLAC,KLA Corp,Technology,169.09,-6.39,48.8565,62.0673,17.3802,39.604,0.020468105574488554,0.016111543437526684,0.05753673720670649,0.02524997475002525,85.38,61.57,0.8004,0.49280628000000004,41.77,38.55,1.0835278858625164,-0.08022227849974561,0.9272,2.8762,11.71,20.63,307.3743,93.75,0.3526752340440671,False,85.3459,233.856624,38.3,0.7428571428571429,0.7357142857142858,0.0071428571428571175,0.6857142857142857,10,14,11,0,0,35,1.4749887460556024,0.0,2026-06-30,True,0.09515046961855474,1.0,0.11764705882352941,0.92,0.8823529411764706,0.7080536912751678,0.39341819023374225,0.09515046961855474,0.7585433105733794,0.5867411138489185,0.11764705882352941,0.49292230284384064,38,0.08,0.92,0.8733333333333333,0.8066666666666666,0.6,0.7533333333333333,2026-09-15,v2,SPY Top 150,False
CAT,Caterpillar Inc,Industrials,784.0,-4.22,33.312,25.2892,4.8339,25.8334,0.03001921229586936,0.0395425715325119,0.2068722977306109,0.03870957752367091,54.2,34.67,0.7655,0.26539885,17.52,16.56,1.0579710144927537,-0.05635293655113178,2.3277,1.3684,18.36,18.21,1073.46,423.32,0.5547728181622419,False,87.1102,973.425984,24.2,0.6764705882352942,0.6911764705882353,-0.014705882352941124,0.5294117647058824,7,11,15,1,0,34,4.974415552729205,0.0,2026-06-30,True,0.312906843013226,1.0,0.24,0.9266666666666666,0.84,0.3083892617449664,0.577014579958343,0.312906843013226,0.5744633079069413,0.5528967060094114,0.24,0.49031736480752913,39,0.21333333333333335,0.9266666666666666,0.82,0.22,0.9,0.7466666666666667,2026-09-15,v2,SPY Top 150,False
FCX,Freeport-McMoRan Inc,Materials,69.34,-2.43,33.85,4.4959,3.8537,11.576,0.029542097488921712,0.22242487599813165,0.25949087889560685,0.08638562543192813,15.260000000000002,27.06,0.443,0.1198758,26.76,29.35,0.9117546848381601,-0.09238431101407775,0.4668,2.0661,-24.23,53.11,80.24,35.15,0.7582612552672434,False,60.934999999999995,75.06129,8.3,0.725,0.725,0.0,0.8,5,19,5,0,1,30,2.634569696508523,0.0,2026-06-30,True,0.5510456200881733,1.0,0.5510456200881733,0.88,0.43525044996143186,0.37416107382550334,0.5539967600092571,0.5510456200881733,0.43525044996143186,0.5142682687769621,0.37416107382550334,0.48624682978667033,40,0.5466666666666666,0.88,0.42,0.2866666666666667,0.88,0.74,2026-09-15,v2,SPY Top 150,False
CB,Chubb Limited,Financials,341.85,1.06,11.7672,1.7534,2.1296,8.7817,0.08498198381943027,0.5703205201323144,0.4695717505634861,0.11387316806540874,15.18,,0.2249,,23.26,19.24,1.2089397089397091,-0.1897437018529581,0.2425,0.162,8.02,24.7,365.91,265.3,0.7608587615545175,False,19.672800000000002,361.746978,5.8,0.6642857142857143,0.6714285714285714,-0.0071428571428571175,0.5142857142857142,8,10,15,1,1,35,0.8488979884416739,0.0,2026-06-30,True,0.8990138010350778,1.0,1.0,0.56,0.5909090909090909,0.16275167785234898,0.32193936588752603,0.8990138010350778,0.43750040472721385,0.564113967726326,0.16275167785234898,0.4838415097515306,41,0.9733333333333334,0.56,0.5733333333333334,0.06666666666666667,0.43333333333333335,0.7333333333333333,2026-09-15,v2,SPY Top 150,False
ACN,Accenture PLC,Technology,195.0,6.04,14.9605,3.7846,1.5942,8.5106,0.066842685739113,0.2642287163768958,0.6272738677706686,0.11750052875237939,24.89,32.01,1.0994,0.35191794,14.49,14.67,0.9877300613496933,-0.012345835822299266,0.1612,1.3392,6.74,-0.37,291.09,118.15,0.4443737712501446,False,-21.589399999999998,198.24924,1.7,0.6953125,0.6953125,0.0,0.59375,6,13,13,0,0,32,0.7184978836946156,0.0,2026-06-30,True,0.8448907418056355,1.0,1.0,0.06666666666666667,0.7647058823529411,0.2969798657718121,0.22870168942374453,0.8448907418056355,0.7123452561209039,0.5797796579404731,0.06666666666666667,0.47715705968571187,42,0.9733333333333334,0.06666666666666667,0.7533333333333333,0.18666666666666668,0.26,0.7266666666666667,2026-09-15,v2,SPY Top 150,False
REGN,Regeneron Pharmaceuticals Inc,Healthcare,793.74,1.57,18.6404,2.0614,5.1941,18.5145,0.05364691744812343,0.4851072086931212,0.19252613542288366,0.054011720543357906,13.81,85.97,0.3805,0.32711585,24.74,35.7,0.6929971988795517,-0.36672932182125173,0.0854,3.3353,9.29,1.88,859.34,541.0,0.7939310171514732,False,39.73909999999999,856.401894,7.9,0.7236842105263158,0.7368421052631579,-0.013157894736842035,0.6842105263157895,8,18,12,0,0,38,2.530298006330677,0.0,2026-06-30,True,0.6680026835345985,1.0,0.7142857142857143,0.7733333333333333,0.6190476190476191,0.2,0.4288498032862763,0.6680026835345985,0.533138745250407,0.545946518111989,0.2,0.4767572144895913,43,0.7,0.7733333333333333,0.6133333333333333,0.10666666666666667,0.68,0.72,2026-09-15,v2,SPY Top 150,False
ADBE,Adobe Inc,Technology,265.6,5.3,13.7646,9.0964,3.8607,11.0412,0.072650131496738,0.10993360010553627,0.25902038490429197,0.09056986559431945,62.39,89.25,0.855,0.7630874999999999,35.7,34.73,1.027929743737403,-0.027546822029611003,0.5769,0.7508,12.03,11.68,370.86,190.12,0.4176164656412527,False,-14.1945,284.323368,7.0,0.6086956521739131,0.6222222222222222,-0.01352657004830915,0.391304347826087,7,11,23,5,0,46,-3.0129188221236705,0.0,2026-09-30,False,0.6763379336783593,1.0,0.9705882352941176,0.14,0.9411764705882353,0.11140939597315437,0.08533209905114558,0.6763379336783593,0.7785971488158158,0.5740816940523026,0.08533209905114558,0.4763317750520712,44,0.94,0.14,0.9133333333333333,0.03333333333333333,0.04666666666666667,0.7133333333333334,2026-09-15,v2,SPY Top 150,False
BKNG,Booking Holdings Inc,Comm Services,175.35,0.82,18.2764,91.9014,4.6654,13.6703,0.05471537064192073,0.01088122705421245,0.21434389334247866,0.07315128417079363,139.63,98.09,0.9787,0.96000683,32.87,28.47,1.1545486476993325,-0.14370948638618175,11.2905,1.0943,12.85,57.21,225.0,150.14,0.33676195565054773,False,-8.274199999999999,242.76397799999998,38.4,0.776595744680851,0.7771739130434783,-0.0005781683626272516,0.8297872340425532,13,26,8,0,0,47,0.42937627612718865,0.0,2026-06-30,True,0.5265008625646923,1.0,0.5454545454545454,0.20666666666666667,0.7272727272727273,0.6026845637583893,0.30507752834991897,0.5265008625646923,0.6737598396327935,0.5415106632162869,0.20666666666666667,0.4745418639063629,45,0.5366666666666666,0.20666666666666667,0.7166666666666667,0.68,0.4066666666666667,0.7066666666666667,2026-09-15,v2,SPY Top 150,False
USB,US Bancorp,Financials,62.68,-0.25,12.0287,1.3955,2.0972,,0.08313450331290995,0.7165890361877464,0.4768262445164982,,12.479999999999999,,,,25.22268,35.30532,0.7144158444109839,-0.33629007103899267,1.4238,,84.11849,18.72,66.075,45.02,0.838755639990501,False,25.3667,70.914276,13.1,0.6944444444444444,0.6574074074074074,0.03703703703703698,0.5925925925925926,6,10,10,1,0,27,2.558705280264017,0.0,2026-06-30,True,0.8295045045045045,1.0,0.8181818181818182,0.62,0.22727272727272727,0.6375838926174496,0.48245776440638743,0.8295045045045045,0.35279310344827586,0.5346127159117208,0.22727272727272727,0.4731447181839221,46,0.8033333333333333,0.62,0.19333333333333333,0.74,0.76,0.7,2026-09-15,v2,SPY Top 150,False
AMGN,Amgen Inc,Healthcare,381.5,1.1,23.3963,16.7214,5.3696,16.4075,0.04274180105401281,0.05980360496130707,0.18623361144219308,0.06094773731525217,89.32,74.3,0.4131,0.3069333,30.32,28.53,1.0627409744128986,-0.06085139554876219,4.9028,1.3709,9.1,31.72,447.03,269.77,0.6303170484034752,False,45.6863,397.26756,4.1,0.627906976744186,0.6337209302325582,-0.005813953488372103,0.46511627906976744,6,14,20,2,1,43,3.6317970306339107,0.0,2026-06-30,False,0.46918918918918917,1.0,0.47619047619047616,0.8266666666666667,0.7619047619047619,0.163758389261745,0.5686554038417033,0.46918918918918917,0.6089119551657477,0.5483357027143188,0.163758389261745,0.471420240023804,47,0.4666666666666667,0.8266666666666667,0.7466666666666667,0.07333333333333333,0.8933333333333333,0.6933333333333334,2026-09-15,v2,SPY Top 150,False
SYK,Stryker Corp,Healthcare,281.87,2.29,29.3404,5.0316,4.2346,19.3786,0.03408269825905577,0.19874393830988155,0.23614981344164737,0.051603314996955404,16.36,65.31,0.5465,0.35691915,21.32,17.04,1.251173708920188,-0.22408207789647427,0.6229,2.1571,8.48,27.71,392.55,267.0,0.11843886897650341,False,-14.2256,385.783584,36.9,0.7867647058823529,0.7857142857142857,0.0010504201680672232,0.7941176470588235,12,15,7,0,0,34,1.1215459503060061,0.0,2026-06-30,True,0.5069235192639449,1.0,0.5714285714285714,0.13333333333333333,0.6666666666666666,0.7181208053691276,0.3651515852811849,0.5069235192639449,0.5407866897123104,0.5545873750564795,0.13333333333333333,0.47033656671185026,48,0.5666666666666667,0.13333333333333333,0.6566666666666666,0.82,0.5333333333333333,0.6866666666666666,2026-09-15,v2,SPY Top 150,False
PM,Philip Morris International Inc,Cons Staples,194.86,1.99,27.3854,1368.8571,6.9994,19.1003,0.03651580769315036,0.000730536445330926,0.1428693888047547,0.05235519860944592,575.44,67.51,0.6224,0.42018224,37.75,36.94,1.0219274499187874,-0.02169050092393995,186.0804,0.9798,8.93,31.96,207.76,142.11,0.8035034272658038,False,11.7864,204.72675,5.1,0.7685185185185185,0.7596153846153846,0.008903133903133909,0.7407407407407407,9,11,7,0,0,27,2.0212465868594633,0.0,2026-06-30,True,0.3121707878090857,1.0,0.125,0.4533333333333333,1.0,0.5395973154362416,0.4727192779449202,0.3121707878090857,0.6958227628108067,0.5554106881123196,0.125,0.4693285504898558,49,0.09333333333333334,0.4533333333333333,0.9733333333333334,0.5466666666666666,0.7333333333333333,0.68,2026-09-15,v2,SPY Top 150,False
HD,Home Depot Inc,Cons Discretionary,310.87,0.69,21.8419,20.4032,1.8368,14.8264,0.04578356278528883,0.04901191969887077,0.544425087108014,0.06744725624561593,102.67999999999999,33.21,1.5787,0.52428627,12.43,14.18,0.8765867418899859,-0.13171961558136172,3.1832,1.0781,2.5,-2.94,426.75,289.1,0.15815474028332718,False,-21.2611,381.108516,22.6,0.6902173913043478,0.6902173913043478,0.0,0.6086956521739131,9,19,17,0,1,46,0.46311599854457963,0.0,2026-09-30,False,0.5937329883074565,1.0,0.9,0.07333333333333333,0.7,0.46879194630872484,0.18351307567692665,0.5937329883074565,0.6472495976535345,0.5636186839466173,0.07333333333333333,0.4655616138239605,50,0.8733333333333333,0.07333333333333333,0.6866666666666666,0.4066666666666667,0.16,0.6733333333333333,2026-09-15,v2,SPY Top 150,False
UNH,UnitedHealth Group Inc,Healthcare,383.55,1.18,24.4115,3.6115,0.7659,15.0903,0.04096429961288737,0.27689325764917627,1.3056534795665231,0.0662677349025533,14.399999999999999,,1.4436,,4.74,7.2,0.6583333333333333,-0.41804389031502454,0.7016,0.7385,6.46,-32.66,461.62,255.97,0.6203744225626064,False,9.8559,482.64207,25.8,0.7573529411764706,0.7426470588235294,0.014705882352941124,0.7941176470588235,8,19,7,0,0,34,4.925330526420075,0.0,2026-06-30,True,0.7235988115775349,1.0,0.9047619047619048,0.43333333333333335,0.14285714285714285,0.7788590604026846,0.49227956491552877,0.7235988115775349,0.35795580378824665,0.5419946991988186,0.14285714285714285,0.4621671879304835,51,0.88,0.43333333333333335,0.10666666666666667,0.9,0.8,0.6666666666666666,2026-09-15,v2,SPY Top 150,False
LLY,Eli Lilly and Co,Healthcare,1138.28,2.02,39.8979,33.3408,13.3774,31.1118,0.02506397579822497,0.02999328150494289,0.07475294152824914,0.032142145423922755,92.58,83.4,0.6553,0.5465202,42.22,26.78,1.5765496639283045,-0.455238702157148,1.6207,1.3546,49.58,94.62,1292.65,712.05,0.7341198759903547,False,51.0718,1326.3134459999999,16.5,0.7631578947368421,0.7631578947368421,0.0,0.7894736842105263,11,19,7,1,0,38,3.587324693569875,0.0,2026-06-30,True,0.1565852022235001,0.9514448128848888,0.09523809523809523,0.8466666666666667,0.8571428571428571,0.4828859060402685,0.6094376301781995,0.14898217843008052,0.627962598443943,0.5536118733538312,0.09523809523809523,0.461937117730684,52,0.06666666666666667,0.8466666666666667,0.8333333333333334,0.47333333333333333,0.9266666666666666,0.66,2026-09-15,v2,SPY Top 150,False
ISRG,Intuitive Surgical Inc,Healthcare,377.94,2.38,41.9757,7.7521,11.9402,35.746,0.02382330729445846,0.12899730395634731,0.08375069094320027,0.027975158059643034,17.810000000000002,66.68,0.5463,0.36427284000000004,31.28,27.89,1.1215489422732163,-0.11471071403771285,0.0,4.9627,20.66,21.76,603.88,328.57,0.17932512440521595,False,-16.9735,490.3854,29.8,0.75625,0.7375,0.018749999999999933,0.725,13,16,10,1,0,40,2.196718857664023,0.0,2026-06-30,True,0.22987732413264328,1.0,0.14285714285714285,0.10666666666666667,0.9047619047619048,0.8208053691275168,0.45657949548715576,0.22987732413264328,0.657355612376082,0.5504575219581005,0.10666666666666667,0.46169935089981373,53,0.10666666666666667,0.10666666666666667,0.8866666666666667,0.9333333333333333,0.72,0.6533333333333333,2026-09-15,v2,SPY Top 150,False
QCOM,Qualcomm Inc,Technology,180.15,-1.0,20.3258,7.1918,4.2705,16.9884,0.049198555530409624,0.13904724825495704,0.23416461772626154,0.0588636952273316,37.330000000000005,54.23,0.8098,0.43915454,23.0,27.9,0.8243727598566308,-0.19313247289817023,0.5521,2.0156,1.88,-16.65,259.92,121.99,0.4216631624737186,False,5.9281,198.28341,10.1,0.6122448979591837,0.609375,0.002869897959183687,0.40816326530612246,5,15,26,3,0,49,-0.4818001792575668,0.0,2026-06-30,False,0.5853852788959173,1.0,0.9117647058823529,0.3933333333333333,0.6470588235294118,0.37919463087248323,0.09589446887294609,0.5853852788959173,0.6696912550352827,0.5516152533681835,0.09589446887294609,0.46047109646913603,54,0.9,0.3933333333333333,0.6466666666666666,0.30666666666666664,0.06,0.6466666666666666,2026-09-15,v2,SPY Top 150,False
ANET,Arista Networks Inc,Technology,187.81,-5.9,62.238,14.4559,23.8813,53.7627,0.016067354349432822,0.06917590741496552,0.0418737673409739,0.018600256311531973,30.78,63.0,0.5088,0.320544,43.14,37.92,1.1376582278481013,-0.12897196357418933,0.0,2.9572,32.57,24.69,214.89,114.52,0.7301982664142673,False,28.424,242.09516399999998,28.9,0.8,0.8014705882352942,-0.0014705882352941124,0.9428571428571428,9,24,2,0,0,35,7.291434652164328,0.0,2026-06-30,False,0.11866781675292314,1.0,0.2647058823529412,0.66,0.5588235294117647,0.5869127516778523,0.6125063642675307,0.11866781675292314,0.6574835061756611,0.5090820343874647,0.2647058823529412,0.46020680398056,55,0.23333333333333334,0.66,0.5466666666666666,0.6466666666666666,0.9333333333333333,0.64,2026-09-15,v2,SPY Top 150,False
PNC,PNC Financial Services Group Inc,Financials,242.72,-0.62,12.8229,1.5348,2.34179,,0.07798547910379088,0.6515506906437321,0.4270237724134103,,12.34,,,,34.5423,,,,0.7078,,72.26733,22.76,258.96,176.88,0.8021442495126707,False,18.5398,280.016826,15.4,0.75,0.7592592592592593,-0.0092592592592593,0.7037037037037037,8,11,8,0,0,27,1.8742588172348609,0.0,2026-06-30,True,0.8067567567567566,1.0,0.6818181818181818,0.5466666666666666,0.5,0.2953020134228188,0.4419625086785467,0.8067567567567566,0.42533333333333334,0.5004759911075578,0.2953020134228188,0.45944119557061003,56,0.68,0.5466666666666666,0.4866666666666667,0.18,0.7066666666666667,0.6333333333333333,2026-09-15,v2,SPY Top 150,False
DUK,Duke Energy Corp,Utilities,119.02,-0.33,17.8676,1.8024,2.8196,11.6325,0.05596722559269292,0.5548158011540169,0.3546602354943964,0.08596604341285193,9.879999999999999,45.96976,0.169,0.0776888944,27.75,24.09,1.1519302615193026,-0.14143902356566346,1.6664,0.6612,6.33,7.71,134.49,113.9,0.24866440019426855,False,-1.7943,138.83393400000003,16.6,0.6666666666666666,0.6517857142857143,0.014880952380952328,0.5555555555555556,4,11,11,1,0,27,1.6620938571337012,0.0,2026-06-30,False,0.8035691010159095,1.0,1.0,0.29333333333333333,0.2,0.6151006711409396,0.37769034945614444,0.8035691010159095,0.18852592158767345,0.5190070199799429,0.2,0.45520561598395437,57,0.9733333333333334,0.29333333333333333,0.17333333333333334,0.7133333333333334,0.5533333333333333,0.6266666666666667,2026-09-15,v2,SPY Top 150,False
STX,Seagate Technology Holdings PLC,Technology,805.55,-2.97,59.2886,84.8655,15.4797,45.1851,0.016866648900463157,0.01178335130294407,0.06460073515636608,0.022131189263717464,212.44,45.58,1.3545,0.6173811,32.33,15.81,2.044908285895003,-0.7153529405159611,1.6451,1.6697,34.06,104.53,1145.0,192.99,0.6434386193422338,False,321.59680000000003,1111.99431,38.0,0.775,0.7666666666666667,0.008333333333333304,0.8666666666666667,7,19,4,0,0,30,3.784277326409649,0.0,2026-06-30,True,0.08303526931186506,0.7335292298175069,0.08823529411764706,0.98,0.5882352941176471,0.7758389261744967,0.6337097894006017,0.06090879714602164,0.6588833814244494,0.5467536654096956,0.08823529411764706,0.4550499911512859,58,0.04666666666666667,0.98,0.5666666666666667,0.8933333333333333,0.96,0.62,2026-09-15,v2,SPY Top 150,False
WMT,Walmart Inc,Cons Staples,109.08,1.8,38.5079,9.0081,1.1553,18.9098,0.025968697332235724,0.11101120103018394,0.8655760408551891,0.05288263228590466,22.74,25.23,2.5443,0.64192689,4.39,3.99,1.1002506265664158,-0.09553799618530769,0.5827,0.7671,6.16,4.13,135.16,98.88,0.2811466372657112,False,2.2096999999999998,130.01481,19.2,0.78125,0.796875,-0.015625,0.875,12,30,6,0,0,48,1.8727998000694324,0.0,2026-09-30,False,0.5070576959938662,1.0,0.5,0.36,0.625,0.3677852348993289,0.3765378384633187,0.5070576959938662,0.6361716233846623,0.47853772274936357,0.36,0.4548301781994909,59,0.49333333333333335,0.36,0.62,0.2733333333333333,0.5466666666666666,0.6133333333333333,2026-09-15,v2,SPY Top 150,False
BSX,Boston Scientific Corp,Healthcare,45.05,4.82,17.7161,2.5446,3.1009,15.2252,0.05644583175755386,0.3929890749037177,0.3224870198974491,0.06568058219268055,14.940000000000001,69.5,0.4773,0.3317235,19.78,14.58,1.356652949245542,-0.30502059961405403,0.5064,1.2402,13.53,46.78,105.72,42.2,0.0448677581863979,False,-47.7932,66.41148600000001,47.4,0.7697368421052632,0.7756410256410257,-0.005904183535762497,0.7894736842105263,11,19,8,0,0,38,1.2145447269007514,0.0,2026-06-30,True,0.7485096798926586,1.0,1.0,0.013333333333333334,0.47619047619047616,0.5463087248322147,0.406160610969683,0.7485096798926586,0.4815296260320544,0.5643763128023715,0.013333333333333334,0.4541677169085639,60,0.9733333333333334,0.013333333333333334,0.46,0.5566666666666666,0.6266666666666667,0.6066666666666667,2026-09-15,v2,SPY Top 150,False
SLB,SLB NV,Energy,53.32,-4.89,25.7583,2.6657,2.1965,12.9828,0.03882243781616023,0.37513598679521326,0.45526974732529024,0.07702498690575223,11.93,17.07,0.6611,0.11284977,11.44,14.66,0.7803547066848567,-0.2480067105068536,0.4908,1.4392,2.5,-29.35,60.46,31.64,0.7522553782095767,False,62.314699999999995,63.267234,18.7,0.7720588235294118,0.75,0.022058823529411797,0.8529411764705882,10,19,3,2,0,34,2.4499571496668424,0.0,2026-06-30,True,0.6952606862181331,1.0,0.3333333333333333,0.8866666666666667,0.3333333333333333,0.7644295302013423,0.3829206202267994,0.6952606862181331,0.31446580769267396,0.48232399907428836,0.3333333333333333,0.45252586592609734,61,0.31,0.8866666666666667,0.31,0.8666666666666667,0.5733333333333334,0.6,2026-09-15,v2,SPY Top 150,False
PGR,Progressive Corp,Financials,221.02,1.56,10.8131,3.6993,1.3894,8.7458,0.09248041727164273,0.27032141215905714,0.7197351374694113,0.11434059777264517,35.4,,0.7404,,16.56,10.22,1.6203522504892365,-0.4826435641815551,0.2443,0.08,10.49,12.3,249.71,189.2,0.5258634936374155,False,-12.321299999999999,232.79001000000002,5.3,0.6129032258064516,0.6129032258064516,0.0,0.3870967741935484,3,9,18,1,0,31,-0.04697002824184976,0.0,2026-06-30,False,0.8844862948054438,0.9257246376811596,0.7727272727272727,0.16666666666666666,0.7727272727272727,0.27248322147651005,0.1820504512844249,0.8187907547927209,0.4647616966164805,0.5234708786546324,0.16666666666666666,0.45211003625703927,62,0.76,0.16666666666666666,0.76,0.16,0.15333333333333332,0.5933333333333334,2026-09-15,v2,SPY Top 150,False
TT,Trane Technologies PLC,Industrials,426.01,-3.73,33.0162,12.5913,4.3838,23.0092,0.030288161569169077,0.07941991692676689,0.22811259637757197,0.043460876518957636,34.57,35.39,0.9929,0.35138731,17.94,16.35,1.0972477064220183,-0.09280495928738762,0.5354,1.0734,7.04,4.73,505.87,348.06,0.49394841898485514,False,7.0852,532.937148,25.1,0.7121212121212122,0.7121212121212122,0.0,0.5757575757575758,9,10,14,0,0,33,-1.2576880633455574,0.0,2026-06-30,True,0.38657082614529426,1.0,0.36,0.4066666666666667,0.96,0.5144295302013423,0.0940615598241148,0.38657082614529426,0.6306647096915503,0.5356618066805523,0.0940615598241148,0.44734175730926484,63,0.32666666666666666,0.4066666666666667,0.9333333333333333,0.52,0.05333333333333334,0.5866666666666667,2026-09-15,v2,SPY Top 150,False
BLK,BlackRock Inc,Financials,1065.6,-1.3,26.6754,2.7178,6.4258,17.8293,0.03748772277079256,0.3679446611229671,0.15562264620747612,0.05608745155446372,11.65,81.73,0.1609,0.13150357,32.57,35.1,0.9279202279202279,-0.07480951118367804,0.2212,2.3899,26.54,-3.67,1219.94,917.39,0.48986944306726127,False,1.7652999999999999,1320.923358,24.0,0.7608695652173914,0.75,0.010869565217391353,0.8695652173913043,4,16,3,0,0,23,3.9992167555497815,0.0,2026-06-30,True,0.5447115200306689,1.0,0.2727272727272727,0.35333333333333333,0.5454545454545454,0.7318791946308725,0.4908585975468642,0.5447115200306689,0.43725027854755305,0.48715614370971927,0.2727272727272727,0.44427036951323,64,0.24,0.35333333333333333,0.5366666666666666,0.8466666666666667,0.7933333333333333,0.58,2026-09-15,v2,SPY Top 150,False
C,Citigroup Inc,Financials,136.18,-1.9,13.0535,1.1259,1.09533,,0.07660780633546559,0.8881783462119194,0.9129668684323446,,8.41,,,,23.01502,28.99823,0.7936698205373225,-0.23108774737372909,3.8387,,99.23775,35.24,147.96,93.66,0.7830570902394107,False,35.0073,158.566548,16.4,0.7589285714285714,0.7589285714285714,0.0,0.7857142857142857,7,15,6,0,0,28,3.1371311729611766,0.0,2026-06-30,True,0.8623423423423423,1.0,0.9090909090909091,0.72,0.13636363636363635,0.4748322147651006,0.5520620226799352,0.8623423423423423,0.3122988505747127,0.5179575645368286,0.13636363636363635,0.4416387789021902,65,0.89,0.72,0.1,0.44666666666666666,0.8733333333333333,0.5733333333333334,2026-09-15,v2,SPY Top 150,False
CMCSA,Comcast Corp,Comm Services,24.88,-1.27,7.9677,0.977,0.7144,5.0458,0.12550673343624885,1.0235414534288638,1.3997760358342664,0.19818462880019028,12.04,69.39,0.4699,0.32606360999999995,14.66,16.83,0.87106357694593,-0.13804031174420914,1.0069,0.7958,0.58,-49.0,32.86,21.28,0.3108808290155439,False,-14.154500000000002,32.057376,28.8,0.6125,0.6125,0.0,0.4,5,11,21,3,0,40,1.574690361946826,0.0,2026-06-30,True,0.9946396396396397,1.0,1.0,0.14666666666666667,0.36363636363636365,0.47281879194630877,0.3083128905345985,0.9946396396396397,0.4005963345998914,0.5145682677270272,0.14666666666666667,0.4409879475149551,66,0.9733333333333334,0.14666666666666667,0.3433333333333333,0.4266666666666667,0.41333333333333333,0.5666666666666667,2026-09-15,v2,SPY Top 150,False
ADI,Analog Devices Inc,Technology,361.02,-4.69,42.6417,5.2265,12.7018,32.2358,0.02345122262949179,0.19133263178035015,0.07872899903950621,0.03102141097785692,12.26,65.8,0.2887,0.18996459999999998,35.55,25.34,1.4029202841357535,-0.33855598135625675,0.2719,1.2504,33.65,114.38,445.91,223.47,0.6183689983815859,False,47.991299999999995,477.65814600000004,32.3,0.8076923076923077,0.7894736842105263,0.018218623481781382,0.8974358974358975,13,22,4,0,0,39,1.5955163581443985,0.0,2026-09-30,False,0.27302760207015525,1.0,0.6470588235294118,0.8333333333333334,0.08823529411764706,0.9053691275167786,0.4854616986808609,0.27302760207015525,0.3671749088173395,0.5254617077564653,0.08823529411764706,0.43801642502870164,67,0.6466666666666666,0.8333333333333334,0.04666666666666667,1.0,0.7666666666666667,0.56,2026-09-15,v2,SPY Top 150,False
SHW,Sherwin-Williams Co,Materials,324.5,0.37,29.3424,22.0307,3.2313,23.4443,0.034080375156769725,0.04539120409247096,0.3094729675362857,0.0426542912349697,62.12,48.98,0.9261,0.45360377999999996,14.29,13.15,1.0866920152091253,-0.08313823331800231,3.1318,0.727,5.76,7.65,377.77,289.86,0.3940393584347628,False,-7.731300000000001,400.062564,23.3,0.6796875,0.675,0.004687499999999956,0.5625,5,13,14,0,0,32,3.1691329705456672,0.0,2026-06-30,True,0.39436457734330077,1.0,0.39436457734330077,0.22,0.6149195973678446,0.5590604026845637,0.48704929414487386,0.39436457734330077,0.6149195973678446,0.48993649820482243,0.22,0.43594919856385794,68,0.36666666666666664,0.22,0.6,0.5733333333333334,0.78,0.5533333333333333,2026-09-15,v2,SPY Top 150,False
VRTX,Vertex Pharmaceuticals Inc,Healthcare,519.51,0.79,29.6567,6.2265,10.3791,24.5622,0.03371919330201944,0.16060387055328035,0.0963474675068166,0.040712965450977516,23.31,86.0,0.4822,0.414692,37.95,31.29,1.2128475551294344,-0.19297094616084826,0.0,3.1854,10.23,22.46,560.25,374.17,0.7810619088564058,False,35.0534,581.0559539999999,11.8,0.7638888888888888,0.775,-0.011111111111111183,0.8055555555555556,11,18,6,0,1,36,-0.5918047795177966,0.0,2026-06-30,False,0.365493578685068,1.0,0.23809523809523808,0.7266666666666667,0.9523809523809523,0.28926174496644297,0.17074751214996528,0.365493578685068,0.6684362102295993,0.5013692377205453,0.17074751214996528,0.4352448926064293,69,0.20666666666666667,0.7266666666666667,0.92,0.17333333333333334,0.13333333333333333,0.5466666666666666,2026-09-15,v2,SPY Top 150,False
VRT,Vertiv Holdings Co,Technology,237.39,-7.65,57.1392,27.032,8.621,41.7679,0.017501120071684587,0.03699319325244155,0.11599582415033058,0.02394183092757836,42.11,38.04,0.8775,0.333801,18.41,8.12,2.267241379310345,-0.8185638410714001,0.6179,1.3786,26.23,111.16,379.935,132.685,0.42347826086956514,False,90.0602,337.638258,42.2,0.7916666666666666,0.7794117647058824,0.01225490196078427,0.8888888888888888,10,22,4,0,0,36,1.1606471166956316,0.0,2026-06-30,True,0.14956584243818286,0.6615969581749048,0.17647058823529413,0.9333333333333333,0.4117647058823529,0.8711409395973155,0.42703540847026156,0.09895230640396886,0.5441138473845099,0.4992638913468651,0.17647058823529413,0.4347052307245509,70,0.13333333333333333,0.9333333333333333,0.4066666666666667,0.9666666666666667,0.6733333333333333,0.54,2026-09-15,v2,SPY Top 150,False
GLW,Corning Inc,Technology,143.6,-13.7,68.4985,17.5026,7.672,50.4326,0.01459885982904735,0.05713436860809251,0.13034410844629823,0.019828444299917116,15.93,36.38,0.5424,0.19732512,15.31,11.09,1.3805229936880072,-0.32246240830731676,0.6707,1.8132,19.41,131.21,271.78,74.6,0.34993407039253477,False,108.6044,199.053,38.6,0.7738095238095238,0.75,0.023809523809523836,0.7619047619047619,7,9,5,0,0,21,1.6470158235621497,0.0,2026-06-30,True,0.16350872148744489,1.0,0.3235294117647059,0.9466666666666667,0.20588235294117646,0.8993288590604027,0.49571395510298544,0.16350872148744489,0.3999737117770858,0.4915365905677245,0.20588235294117646,0.4344057430424149,71,0.3,0.9466666666666667,0.18666666666666668,0.9933333333333333,0.8066666666666666,0.5333333333333333,2026-09-15,v2,SPY Top 150,False
GEV,GE Vernova Inc,Industrials,874.76,-8.62,26.7583,26.4036,6.1631,34.6596,0.03737158190169032,0.03787362329379327,0.16225600752867875,0.0288520352225646,83.39,20.32,0.6043,0.12279375999999999,15.44,-1.22,,,0.2337,0.8496,12.98,744.44,1195.94,530.16,0.5175883925621075,False,44.4159,1241.200566,41.9,0.7738095238095238,0.7559523809523809,0.017857142857142905,0.8333333333333334,11,24,7,0,0,42,-1.5223560631082702,0.0,2026-06-30,True,0.30140789725896105,1.0,0.16,0.8133333333333334,0.56,0.8795302013422819,0.23020134228187922,0.30140789725896105,0.49527533830433584,0.4997695749440716,0.16,0.4318156599552573,72,0.12,0.8133333333333334,0.5533333333333333,0.9866666666666667,0.2733333333333333,0.5266666666666666,2026-09-15,v2,SPY Top 150,False
ORLY,O'Reilly Automotive Inc,Cons Discretionary,87.22,1.63,26.4539,182.0263,3.7751,18.434,0.03780160959253645,0.005493711622990744,0.2648936452014516,0.05424758598242378,423.35,51.64,1.1064,0.57134496,19.56,20.29,0.9640216855593888,-0.03664148923105213,17.5459,0.7519,8.47,-76.61,108.72,82.59,0.1771909682357442,False,-17.048499999999997,109.385616,25.4,0.7638888888888888,0.7638888888888888,0.0,0.8055555555555556,9,20,7,0,0,36,-1.0669177486446446,0.0,2026-06-30,True,0.40797968180946903,1.0,0.5,0.1,0.9,0.5802013422818791,0.04638278176348067,0.40797968180946903,0.71583619499281,0.527997685720898,0.04638278176348067,0.43167470492941457,73,0.49333333333333335,0.1,0.88,0.6266666666666667,0.03333333333333333,0.52,2026-09-15,v2,SPY Top 150,False
NEM,Newmont Corporation,Materials,123.07,-2.95,15.5425,2.8292,5.1857,8.3051,0.06433971368827408,0.35345680757811393,0.19283799679888927,0.12040794210786145,25.05,68.94,0.4538,0.31284972,50.97,14.04,3.6303418803418803,-1.2893268257542854,0.1588,2.5461,25.18,42.23,135.29,76.05,0.7937204591492235,False,58.614000000000004,136.25160000000002,10.7,0.7890625,0.7903225806451613,-0.0012600806451612545,0.84375,10,17,5,0,0,32,0.4196666916223682,0.0,2026-06-30,True,0.7518947671075331,0.5,0.37594738355376656,0.8666666666666667,0.5243511222847566,0.42818791946308726,0.28930803054848414,0.37594738355376656,0.5243511222847566,0.4669926377154253,0.28930803054848414,0.4314557162820371,74,0.3466666666666667,0.8666666666666667,0.52,0.34,0.36666666666666664,0.5133333333333333,2026-09-15,v2,SPY Top 150,False
SO,Southern Co,Utilities,87.0,-0.2,21.5326,2.7267,3.4675,13.2451,0.04644121007216964,0.3667436828400631,0.28839221341023796,0.07549961872692543,12.61,40.03546,0.1842,0.07374531732,25.26,22.53,1.1211717709720372,-0.11437436247819194,1.9101,0.7867,6.85,6.93,100.84,83.8,0.18779342723004705,False,-4.4405,101.76825600000001,17.0,0.6328125,0.6363636363636364,-0.0035511363636363535,0.4375,5,9,16,2,0,32,2.1146499248146036,0.0,2026-06-30,True,0.6958242284838029,1.0,0.6,0.25333333333333335,0.6,0.3,0.40435084471187227,0.6958242284838029,0.2332849089125694,0.4759859600401142,0.25333333333333335,0.4314554346987581,75,0.5933333333333334,0.25333333333333335,0.5866666666666667,0.2,0.62,0.5066666666666667,2026-09-15,v2,SPY Top 150,False
CSX,CSX Corp,Industrials,48.91,-0.08,28.0199,6.2716,6.223,16.3639,0.035688921088226584,0.15944894444798774,0.1606941989394183,0.0611101265590721,24.07,71.47,0.33,0.235851,34.15,38.18,0.894447354635935,-0.11154923228080248,1.3396,0.8204,2.52,6.36,53.6,31.96,0.7832717190388168,False,52.099199999999996,53.9733,10.4,0.725,0.7142857142857143,0.010714285714285676,0.7,7,14,8,1,0,30,0.7421500915534914,0.0,2026-06-30,True,0.48304006133793365,1.0,0.56,0.8533333333333334,0.32,0.5647651006711409,0.2519648229576487,0.48304006133793365,0.4268837575826834,0.4720810769112089,0.2519648229576487,0.42805782612049686,76,0.56,0.8533333333333334,0.29333333333333333,0.5866666666666667,0.32666666666666666,0.5,2026-09-15,v2,SPY Top 150,False
MCK,McKesson Corp,Healthcare,910.95,3.34,22.7229,4.0599,0.2539,16.1155,0.04400846722909488,0.24631148550456908,3.9385584875935407,0.062052061679749304,39.43,3.64,4.8493,0.17651452000000004,1.58,1.26,1.253968253968254,-0.22631312607548879,1.2917,0.8931,8.84,49.07,999.0,687.68,0.717172041629192,False,22.8964,1001.9970000000001,10.0,0.78125,0.8152173913043478,-0.03396739130434778,0.7916666666666666,8,11,5,0,0,24,1.2166907739266106,0.0,2026-06-30,False,0.7188278704236151,1.0,0.8571428571428571,0.5933333333333334,0.2857142857142857,0.2516778523489933,0.41089562601249713,0.7188278704236151,0.3958096163186013,0.4713032477050065,0.2516778523489933,0.42737816863380385,77,0.84,0.5933333333333334,0.26666666666666666,0.14,0.6466666666666666,0.49333333333333335,2026-09-15,v2,SPY Top 150,False
ETN,Eaton Corporation PLC,Industrials,393.16,-7.57,43.1255,8.1694,5.5025,28.7441,0.02318813694913682,0.12240801038019929,0.1817355747387551,0.03478974815701309,19.59,35.9,0.6217,0.2231903,17.53,17.02,1.0299647473560518,-0.02952457578791516,1.0176,1.2404,15.53,-1.15,478.0,311.92,0.48916184971098275,False,12.287100000000002,484.98154200000005,23.4,0.7727272727272727,0.7651515151515151,0.007575757575757569,0.8181818181818182,9,18,6,0,0,33,2.705803827377525,0.0,2026-06-30,False,0.3095112133410006,1.0,0.2,0.47333333333333333,0.6,0.6848993288590604,0.4407081694052303,0.3095112133410006,0.5067979316058624,0.48041942451592995,0.2,0.42433553961274395,78,0.16666666666666666,0.47333333333333333,0.5866666666666667,0.78,0.7,0.4866666666666667,2026-09-15,v2,SPY Top 150,False
CVS,CVS Health Corp,Healthcare,95.55,0.94,24.9896,1.6561,0.2944,19.642,0.04001664692512085,0.6038282712396594,3.3967391304347827,0.05091131249363609,6.41,14.15,1.6348,0.23132420000000004,2.11,2.88,0.7326388888888888,-0.3111023466598795,0.7705,0.8656,7.36,5.27,110.68,69.51,0.6324993927617195,False,25.9725,115.18656,20.6,0.7727272727272727,0.7727272727272727,0.0,0.8484848484848485,8,20,5,0,0,33,2.4974326388402797,0.0,2026-06-30,True,0.7297402721870807,1.0,0.9523809523809523,0.6333333333333333,0.09523809523809523,0.5463087248322147,0.43376996065725526,0.7297402721870807,0.2824038368139874,0.5043272390650313,0.09523809523809523,0.4225094102996441,79,0.92,0.6333333333333333,0.06666666666666667,0.5566666666666666,0.6933333333333334,0.48,2026-09-15,v2,SPY Top 150,False
JNJ,Johnson & Johnson,Healthcare,266.32,0.28,30.7798,7.3236,6.6121,20.8992,0.032488840083431336,0.13654486864383636,0.15123788206469957,0.047848721482161995,25.740000000000002,68.05,0.4934,0.3357587,25.73,23.93,1.075219389887171,-0.07252472437337085,0.5771,1.0889,8.06,-7.75,281.07,173.33,0.8630963430480787,False,48.8859,279.616884,5.0,0.7338709677419355,0.7258064516129032,0.008064516129032251,0.7096774193548387,7,15,9,0,0,31,0.35772413699001365,0.0,2026-06-30,True,0.3992706536323558,1.0,0.2857142857142857,0.84,0.7142857142857143,0.4791946308724832,0.15450590141171025,0.3992706536323558,0.6050802931177328,0.4887290971005388,0.15450590141171025,0.42188445796277313,80,0.25333333333333335,0.84,0.7,0.4533333333333333,0.12666666666666668,0.47333333333333333,2026-09-15,v2,SPY Top 150,False
AVGO,Broadcom Inc,Technology,344.72,-4.77,45.0071,18.7187,19.3279,39.2628,0.022218716602491605,0.05342251331556145,0.05173867828372457,0.025469401061564638,43.91,68.82,0.5032,0.34630223999999993,47.97,37.02,1.2957860615883305,-0.259117508368621,0.596,2.5037,48.69,100.1,495.0,289.96,0.26706984003121365,False,2.9109000000000003,529.65081,53.6,0.8026315789473685,0.8026315789473685,0.0,0.9122807017543859,17,35,5,0,0,57,0.5467102747121745,0.0,2026-09-30,False,0.13634368410964154,1.0,0.29411764705882354,0.36666666666666664,0.47058823529411764,0.7130872483221476,0.3403841703309419,0.13634368410964154,0.6176232322943748,0.44504762423367866,0.29411764705882354,0.4148616287987077,81,0.26,0.36666666666666664,0.4533333333333333,0.8133333333333334,0.4533333333333333,0.4666666666666667,2026-09-15,v2,SPY Top 150,False
ABT,Abbott Laboratories,Healthcare,103.09,1.12,33.15,3.0924,3.8604,22.3069,0.030165912518853696,0.32337343163885657,0.25904051393637967,0.04482917841564718,10.52,56.78,0.4771,0.27089738,15.83,17.73,0.8928369994359842,-0.1133512461931958,0.638,1.3763,8.06,-61.21,137.49,81.97,0.3804034582132565,False,-15.5231,123.390216,19.7,0.7803030303030303,0.7571428571428571,0.02316017316017316,0.7575757575757576,12,13,8,0,0,33,2.430193871653292,0.0,2026-06-30,True,0.5021324516005368,1.0,0.5238095238095238,0.12,0.42857142857142855,0.8,0.3712890534598473,0.5021324516005368,0.43802862135626475,0.48721716754278666,0.12,0.41377373403422935,82,0.52,0.12,0.41333333333333333,0.9066666666666666,0.54,0.46,2026-09-15,v2,SPY Top 150,False
COST,Costco Wholesale Corp,Cons Staples,918.91,1.56,45.7516,13.2328,1.3773,28.3595,0.021857159093889612,0.07556979626382927,0.7260582298700355,0.03526155256615949,28.27,12.88,3.5591,0.45841208,3.82,3.52,1.0852272727272727,-0.08178943300847807,0.1692,1.0725,9.23,12.79,1096.5,844.06,0.29650610045951514,False,-2.0307000000000004,1094.36106,19.1,0.7282608695652174,0.7333333333333333,-0.005072463768115876,0.6521739130434783,13,17,15,1,0,46,-0.7934876073053161,0.0,2026-06-30,True,0.4042399846655166,1.0,0.375,0.2866666666666667,0.875,0.3751677852348993,0.13980560055542698,0.4042399846655166,0.6936738041501205,0.48092106379696065,0.13980560055542698,0.4126979711486539,83,0.34,0.2866666666666667,0.86,0.29333333333333333,0.11333333333333333,0.4533333333333333,2026-09-15,v2,SPY Top 150,False
INTU,Intuit Inc,Technology,339.15,5.47,19.9245,4.5523,4.2417,14.7494,0.05018946523124797,0.2196691782176043,0.23575453238088503,0.06779936810988922,23.419999999999998,80.17,0.5975,0.47901575,27.43,23.58,1.1632739609838847,-0.15123840984028702,0.4038,1.5065,13.9,20.37,705.08,252.84,0.19084999115513882,False,-40.814600000000006,419.2608,23.6,0.6845238095238095,0.7439024390243902,-0.059378629500580704,0.5714285714285714,9,15,16,2,0,42,1.5152025718826476,0.0,2026-09-30,False,0.6512775541498945,1.0,0.9411764705882353,0.03333333333333333,0.5294117647058824,0.24463087248322146,0.39875028928488776,0.6512775541498945,0.6412272662343228,0.5061896982815343,0.03333333333333333,0.4116184252918941,84,0.9133333333333333,0.03333333333333333,0.5266666666666666,0.13333333333333333,0.6066666666666667,0.44666666666666666,2026-09-15,v2,SPY Top 150,False
CRM,Salesforce Inc,Technology,259.43,4.73,21.7194,3.9271,4.7761,25.6476,0.04604178752635892,0.2546408291105396,0.20937585058939304,0.038990002963240226,20.150000000000002,77.28,0.4148,0.32055744,18.78,10.6,1.7716981132075473,-0.5719384726620955,1.0237,0.8385,11.23,59.27,269.11,146.32,0.921166218747455,False,4.3977,285.919464,10.2,0.7330508474576272,0.7327586206896551,0.00029222676797202585,0.7457627118644068,14,30,13,1,1,59,8.494069412172767,0.0,2026-09-30,False,0.5384013801035078,0.8466453674121405,0.8235294117647058,0.38666666666666666,0.14705882352941177,0.44563758389261743,0.6655172413793103,0.45583503427293787,0.3931718233675209,0.4776217696520867,0.14705882352941177,0.41150918042755175,85,0.8133333333333334,0.38666666666666666,0.11333333333333333,0.36,1.0,0.44,2026-09-15,v2,SPY Top 150,False
AAPL,Apple Inc,Technology,333.08,0.24,37.6112,38.486,10.3877,29.1381,0.02658782490322032,0.025983474510211508,0.09626770122356247,0.03431932761573335,137.17999999999998,48.65,1.2508,0.6085141999999999,33.17,30.67,1.0815128790348876,-0.07836087483280095,0.7844,1.0033,14.24,32.61,344.5699,226.65,0.9025618237464581,False,39.579699999999995,329.046798,-1.2,0.6933962264150944,0.7175925925925926,-0.024196366177498208,0.6415094339622641,12,22,15,3,1,53,-0.3649840802328873,0.0,2026-06-30,True,0.1822819628138777,1.0,0.4411764705882353,0.7666666666666667,0.8529411764705882,0.087248322147651,0.21235362184679474,0.1822819628138777,0.7506025435915016,0.49214584496145136,0.087248322147651,0.4111663403986913,86,0.43333333333333335,0.7666666666666667,0.8266666666666667,0.02,0.22666666666666666,0.43333333333333335,2026-09-15,v2,SPY Top 150,False
META,Meta Platforms Inc,Comm Services,665.6,2.71,24.2424,5.4738,7.2328,15.6769,0.04125004125004125,0.18268844312908766,0.13825904214135604,0.06378812137603736,29.73,81.75,0.6026,0.49262550000000005,38.08,36.55,1.041860465116279,-0.04100802372737704,0.3203,2.2256,27.65,-3.69,790.8,520.26,0.5372218525911142,False,-26.924300000000002,771.2980920000001,15.9,0.7887323943661971,0.795774647887324,-0.007042253521126862,0.8732394366197183,20,42,9,0,0,71,-3.847423073129104,0.0,2026-06-30,True,0.5141422273337167,1.0,0.45454545454545453,0.04666666666666667,1.0,0.3912751677852349,0.03645915297384865,0.5141422273337167,0.7659733356188517,0.5020269368061546,0.03645915297384865,0.40891338003969346,87,0.44333333333333336,0.04666666666666667,0.9733333333333334,0.32666666666666666,0.02,0.4266666666666667,2026-09-15,v2,SPY Top 150,False
MCD,McDonald's Corp,Cons Discretionary,257.49,1.96,20.7025,160.4594,6.5658,16.6478,0.048303345006641706,0.0062321060654595495,0.15230436504310213,0.06006799697257295,95.13000000000001,57.38,0.4616,0.26486608,46.22,43.93,1.0521283860687458,-0.05081514685854655,40.6406,1.0814,6.3,5.44,341.75,252.15,0.05959821428571433,False,-13.946299999999999,322.451886,25.2,0.6951219512195121,0.6890243902439024,0.0060975609756097615,0.6097560975609756,8,17,15,1,0,41,0.516204398254754,0.0,2026-06-30,False,0.43319915660341196,1.0,0.6,0.16,0.5,0.6016778523489932,0.21702846563295533,0.43319915660341196,0.5564044653315431,0.4688898403147419,0.16,0.40711187225179357,88,0.5933333333333334,0.16,0.4866666666666667,0.6733333333333333,0.24666666666666667,0.42,2026-09-15,v2,SPY Top 150,False
HON,Honeywell International Inc,Industrials,201.38,-0.48,7.4378,3.8268,1.6433,7.625,0.13444835838554411,0.2613149367617853,0.6085316132173066,0.13114754098360656,53.6,36.41,0.5096,0.18554536000000002,28.84,18.49,1.559762033531639,-0.44453326701771495,1.8335,1.2106,-0.11,169.74,496.36,201.08,0.0010159848279598447,False,-44.9093,285.316236,41.7,0.7016129032258065,0.6875,0.014112903225806495,0.6451612903225806,5,15,11,0,0,31,-1.9505956392824528,0.0,2026-06-30,True,0.8809929078014185,0.9616851595006933,0.92,0.02666666666666667,0.28,0.7651006711409395,0.21323767646378156,0.8472378050579867,0.4082754859107315,0.5016724523644218,0.02666666666666667,0.40667129522487083,89,0.9066666666666666,0.02666666666666667,0.26,0.8733333333333333,0.23333333333333334,0.41333333333333333,2026-09-15,v2,SPY Top 150,False
GILD,"Gilead Sciences, Inc",Healthcare,146.41,1.87,,13.2617,5.8511,18.4198,,0.07540511397482978,0.17090803438669652,0.054289405965319934,-16.3,79.6,0.5458,0.4344567999999999,-8.2,26.21,-0.3128576879053796,,2.219,1.2654,5.52,,157.29,108.46,0.7771861560516077,False,23.731699999999996,161.704374,10.4,0.7635135135135135,0.7702702702702703,-0.006756756756756799,0.8108108108108109,9,21,7,0,0,37,4.0254626656897345,0.0,2026-06-30,True,0.44156028368794326,1.0,0.42857142857142855,0.6,0.38095238095238093,0.31476510067114094,0.5597315436241611,0.44156028368794326,0.4360796741231705,0.4283413231064238,0.31476510067114094,0.4056260786193673,90,0.42,0.6,0.36666666666666664,0.23333333333333334,0.8866666666666667,0.4066666666666667,2026-09-15,v2,SPY Top 150,False
T,AT&T Inc,Comm Services,26.51,1.73,8.3899,1.3023,1.4215,6.6823,0.11919093195389693,0.7678722260615833,0.7034822370735139,0.14964907292399324,19.54,59.72,0.3006,0.17951831999999998,20.12,13.9,1.4474820143884892,-0.36982550509489237,1.3034,0.971,2.63,72.22,29.79,19.89,0.6686868686868689,False,-12.2877,29.002476,9.4,0.7,0.7,0.0,0.5714285714285714,9,11,14,1,0,35,3.2129308745768217,0.0,2026-06-30,True,0.9664423998466551,1.0,0.9090909090909091,0.17333333333333334,0.18181818181818182,0.36006711409395975,0.5938532747049294,0.9664423998466551,0.3197402413126494,0.46024292917604653,0.17333333333333334,0.4028610100075039,91,0.89,0.17333333333333334,0.14333333333333334,0.25333333333333335,0.9133333333333333,0.4,2026-09-15,v2,SPY Top 150,False
ADP,Automatic Data Processing Inc,Industrials,276.63,3.12,24.6401,14.8429,4.9549,17.2012,0.04058425087560521,0.0673722790020818,0.2018204201901148,0.05813547892007535,70.19999999999999,46.53,0.3292,0.15317676,26.33,25.27,1.0419469726948951,-0.04109105210811516,0.8231,1.0507,6.74,9.61,299.22,188.16,0.7965964343598053,False,-3.733699999999999,291.40308600000003,5.3,0.5869565217391305,0.5869565217391305,0.0,0.34782608695652173,3,5,13,1,1,23,0.6835394284682381,0.0,2026-06-30,True,0.4619858156028369,1.0,0.48,0.2733333333333333,0.68,0.26375838926174494,0.24622078222633648,0.4619858156028369,0.5277883086211659,0.4410181285196328,0.24622078222633648,0.40205865926097356,92,0.47333333333333333,0.2733333333333333,0.6733333333333333,0.15333333333333332,0.30666666666666664,0.3933333333333333,2026-09-15,v2,SPY Top 150,False
MS,Morgan Stanley,Financials,206.58,-3.64,16.375,2.8248,2.5625,38.0138,0.061068702290076333,0.35400736335315774,0.3902439024390244,0.02630623615634322,17.83,56.72,0.0853,0.04838216,20.3,20.12,1.0089463220675945,-0.00890654081620325,8.5222,0.354,13.96,38.56,232.25,151.84,0.6807610993657507,False,36.5046,246.783288,19.5,0.696969696969697,0.6875,0.009469696969697017,0.6060606060606061,8,12,12,0,1,33,2.5921168622841213,0.0,2026-06-30,True,0.6504648265286563,1.0,0.5,0.7333333333333333,0.18181818181818182,0.6040268456375839,0.5354686415181671,0.6504648265286563,0.3125127417649916,0.4540044532340297,0.18181818181818182,0.3995671989508602,93,0.49333333333333335,0.7333333333333333,0.14333333333333334,0.6866666666666666,0.8533333333333334,0.38666666666666666,2026-09-15,v2,SPY Top 150,False
V,Visa Inc,Financials,375.28,1.3,31.0891,18.3758,15.7877,25.191,0.032165614314985,0.05441939942750791,0.06334044857705683,0.039696717081497364,61.260000000000005,80.18,0.4609,0.36954962,60.68,63.94,0.9490147012824524,-0.05233098915136383,0.6782,0.9852,14.39,14.72,385.5699,293.89,0.8877627484323167,False,10.200099999999999,424.79379,13.2,0.7794117647058824,0.7857142857142857,-0.006302521008403339,0.8823529411764706,12,33,6,0,0,51,0.43606339407454564,0.0,2026-06-30,True,0.24074276404063638,1.0,0.09090909090909091,0.44,1.0,0.3697986577181208,0.2298125433927332,0.24074276404063638,0.6763667780856878,0.4751588857798069,0.09090909090909091,0.39830892680566377,94,0.056666666666666664,0.44,0.9733333333333334,0.28,0.26666666666666666,0.38,2026-09-15,v2,SPY Top 150,False
ICE,Intercontinental Exchange Inc,Financials,157.75,0.22,22.1499,2.3559,6.6618,15.4248,0.04514693068591732,0.42446623371110825,0.15010957999339516,0.06483066231004617,13.850000000000001,78.64,0.0851,0.06692263999999999,40.72,40.75,0.9992638036809816,-0.0007364674446044524,0.6716,1.0123,6.95,35.87,176.59,121.79,0.6562043795620437,False,-8.601,190.334958,20.7,0.7875,0.7857142857142857,0.0017857142857142794,0.9,5,13,2,0,0,20,1.2753151666399876,0.0,2026-06-30,True,0.6129470960322024,1.0,0.45454545454545453,0.19333333333333333,0.4090909090909091,0.6476510067114094,0.4085489470030086,0.6129470960322024,0.39995927015779603,0.4465095130897029,0.19333333333333333,0.395874277138429,95,0.44333333333333336,0.19333333333333333,0.4,0.7533333333333333,0.64,0.37333333333333335,2026-09-15,v2,SPY Top 150,False
PEP,PepsiCo Inc,Cons Staples,136.34,0.01,17.8059,9.0456,1.9203,12.9584,0.0561611600649223,0.11055098611479613,0.5207519658386711,0.07717002099024571,50.2,54.17,0.8874,0.48070458000000005,14.53,13.13,1.1066260472201066,-0.10131578926748669,2.4081,0.9336,5.62,38.92,171.48,133.73,0.06913907284768248,False,-2.6198,158.34174,16.1,0.6083333333333333,0.625,-0.01666666666666672,0.4,2,10,17,1,0,30,-1.0054170413390933,0.0,2026-06-30,True,0.6999223691776884,1.0,1.0,0.28,0.375,0.16644295302013423,0.19594538301319142,0.6999223691776884,0.6187083630926873,0.4531803980560056,0.16644295302013423,0.39583290904883134,96,0.9733333333333334,0.28,0.35333333333333333,0.08,0.19333333333333333,0.36666666666666664,2026-09-15,v2,SPY Top 150,False
VZ,Verizon Communications Inc,Comm Services,51.29,1.34,13.0023,1.7012,1.5139,7.8472,0.07690946986302423,0.587820362097343,0.6605456106744171,0.12743398919359772,15.52,59.41,0.3428,0.20365747999999997,20.59,21.42,0.96125116713352,-0.03951954397990472,1.59,0.6039,1.38,-10.78,51.68,38.39,0.9706546275395034,False,13.4784,52.393014,2.2,0.6736111111111112,0.6736111111111112,0.0,0.5,7,11,18,0,0,36,-0.1253362013945896,0.0,2026-06-30,True,0.9289438374544758,1.0,0.8181818181818182,0.5,0.45454545454545453,0.28624161073825505,0.11543161305253413,0.9289438374544758,0.4050579712215143,0.4654721550146221,0.11543161305253413,0.39546404662220447,97,0.8033333333333333,0.5,0.44333333333333336,0.16666666666666666,0.08666666666666667,0.36,2026-09-15,v2,SPY Top 150,False
JCI,Johnson Controls International PLC,Industrials,137.76,-5.65,24.712,6.6121,4.1911,25.8307,0.040466170281644544,0.15123788206469957,0.23860084464699008,0.03871362371132025,26.939999999999998,43.41,0.5516,0.23944955999999998,14.17,8.99,1.5761957730812013,-0.4550142052190601,0.7028,0.9998,5.08,70.9,157.06,104.49,0.6328704584363704,False,29.7994,167.254806,21.4,0.7019230769230769,0.7019230769230769,0.0,0.6153846153846154,5,11,10,0,0,26,7.045665528882793,0.0,2026-06-30,False,0.4751360935403488,0.9516584333098095,0.4,0.6666666666666666,0.24,0.4808724832214765,0.66294376301782,0.45216727038755145,0.4075095420392538,0.434282727763635,0.24,0.39542618221090803,98,0.38666666666666666,0.6666666666666666,0.22,0.46,0.9866666666666667,0.35333333333333333,2026-09-15,v2,SPY Top 150,False
WM,Waste Management Inc,Industrials,218.09,2.17,29.9065,9.018,3.3242,14.451,0.033437547021550496,0.11088933244621867,0.3008242584682029,0.06919936336585703,28.92,40.88,0.5592,0.22860096000000005,17.57,17.07,1.0292911540714704,-0.02887036539265659,2.3532,0.9074,7.17,4.83,248.13,194.11,0.44390966308774527,False,-0.6985999999999999,264.44316,21.3,0.7564102564102564,0.7564102564102564,0.0,0.717948717948718,12,16,11,0,0,39,-0.33391607077263674,0.0,2026-06-30,True,0.51037569484378,1.0,0.64,0.3,0.48,0.52751677852349,0.1357093265447813,0.51037569484378,0.48051319886866845,0.45985975468641516,0.1357093265447813,0.3950296690580884,99,0.64,0.3,0.4666666666666667,0.5266666666666666,0.1,0.3466666666666667,2026-09-15,v2,SPY Top 150,False
AMT,American Tower Corp,Real Estate,176.94,-0.51,24.2978,20.4872,7.5526,16.9384,0.04115598943114192,0.048810964895154046,0.13240473479331621,0.05903745336041184,91.62,73.77,0.1726,0.12732701999999999,44.77,36.56,1.224562363238512,-0.20258352566692495,9.998,0.352,6.65,164.05,199.13,160.06,0.4320450473509086,False,-10.7378,219.3,23.9,0.7844827586206896,0.7586206896551724,0.025862068965517238,0.8620689655172413,8,17,4,0,0,29,0.4945093976482505,0.0,2026-06-30,True,0.4041010159095266,1.0,0.4041010159095266,0.18,0.3434139930863069,0.8583892617449664,0.34608655403841704,0.4041010159095266,0.3434139930863069,0.4456402873580295,0.18,0.3925122298864236,100,0.4,0.18,0.32,0.9533333333333334,0.48,0.34,2026-09-15,v2,SPY Top 150,False
PLTR,Palantir Technologies Inc,Technology,173.31,3.64,133.2152,28.6156,65.2815,150.167,0.007506650892690924,0.03494597352493046,0.015318275468547752,0.006659252698662156,37.47,84.8,0.6331,0.5368688,42.8,2.54,16.8503937007874,-2.824374021557306,0.0,7.2282,78.92,290.0,207.52,106.37,0.6617894216510133,False,12.0209,203.669724,17.5,0.7371794871794872,0.7243589743589743,0.012820512820512886,0.717948717948718,12,16,9,1,1,39,3.681511298949538,0.0,2026-06-30,False,0.04569676059037761,0.5,0.029411764705882353,0.46,0.6764705882352942,0.651006711409396,0.6374357787549179,0.022848380295188805,0.6825104800540905,0.48211082674217576,0.029411764705882353,0.3915710143349171,101,0.006666666666666667,0.46,0.6666666666666666,0.7666666666666667,0.9666666666666667,0.3333333333333333,2026-09-15,v2,SPY Top 150,False
MA,Mastercard Inc,Financials,574.42,0.92,31.0885,80.8784,14.406,23.95,0.03216623510301237,0.01236424063779699,0.06941552131056504,0.04175365344467641,232.48000000000002,,0.6449,,58.33,55.46,1.051749008294266,-0.050454500577914126,4.3919,1.0607,16.01,22.62,601.62,464.52,0.8016046681254556,False,0.09520000000000017,678.691374,18.2,0.7870370370370371,0.7884615384615384,-0.0014245014245013454,0.9074074074074074,13,36,5,0,0,54,0.9749560240375839,0.0,2026-06-30,True,0.21936553574851447,1.0,0.045454545454545456,0.32,0.9545454545454546,0.487248322147651,0.33655635269613515,0.21936553574851447,0.6077822567589444,0.4776603900612232,0.045454545454545456,0.39121922113988766,102,0.02,0.32,0.9266666666666666,0.48333333333333334,0.44,0.32666666666666666,2026-09-15,v2,SPY Top 150,False
CEG,Constellation Energy Corp,Utilities,264.57,-7.09,29.1166,2.7892,3.2264,20.9375,0.034344669363868034,0.35852574214828625,0.3099429704934292,0.04776119402985075,14.69,43.91,0.4053,0.17796723,14.7,7.46,1.970509383378016,-0.6782920795690212,0.7724,1.4553,25.98,7.2,412.7,228.63,0.19525180637800837,False,-14.088099999999999,354.12615,33.8,0.75,0.75,0.0,0.8214285714285714,5,18,5,0,0,28,0.28702461097243437,0.0,2026-06-30,False,0.5600143760782058,0.7612244897959184,0.2,0.15333333333333332,0.8,0.5895973154362416,0.18089794029159917,0.4262966577085118,0.31615181079716975,0.45038748746432156,0.15333333333333332,0.3909766566381239,103,0.16666666666666666,0.15333333333333332,0.78,0.6666666666666666,0.14666666666666667,0.32,2026-09-15,v2,SPY Top 150,False
BX,Blackstone Inc,Financials,128.29,-0.17,45.35,15.5015,9.9059,22.3591,0.022050716648291068,0.06450988614005096,0.10094993892528695,0.04472451932322857,40.87,83.07,0.3348,0.27811835999999995,47.2,46.47,1.0157090596083496,-0.015586949494622828,1.4637,0.6789,17.19,20.32,190.09,101.73,0.30058850158442724,False,-19.843799999999998,150.90073800000002,17.6,0.7196969696969697,0.7196969696969697,0.0,0.6666666666666666,7,15,11,0,0,33,1.3645572754555086,0.0,2026-06-30,True,0.2514797776499904,1.0,0.13636363636363635,0.08,0.9090909090909091,0.45234899328859063,0.38059245545012726,0.2514797776499904,0.5695412012303708,0.462376848793419,0.08,0.38590147903473526,104,0.1,0.08,0.8933333333333333,0.38,0.5666666666666667,0.31333333333333335,2026-09-15,v2,SPY Top 150,False
HWM,Howmet Aerospace Inc,Industrials,227.13,-1.08,48.9411,18.7671,10.0437,34.3179,0.020432724233823925,0.05328473765259417,0.09956490138096519,0.029139312137397684,34.410000000000004,36.03,0.7492,0.26993676,27.2,18.43,1.475854584915898,-0.3892372016202197,0.7852,1.8183,18.08,35.22,310.0,181.36,0.3557991293532337,False,30.9083,338.403258,49.0,0.7857142857142857,0.7857142857142857,0.0,0.8214285714285714,9,14,5,0,0,28,2.543778965881253,0.0,2026-06-30,True,0.17422273337166955,1.0,0.08,0.6866666666666666,0.52,0.6875838926174497,0.5204813700532285,0.17422273337166955,0.49167962746050337,0.4602556506981409,0.08,0.38420452055851273,105,0.04,0.6866666666666666,0.5066666666666667,0.7933333333333333,0.82,0.30666666666666664,2026-09-15,v2,SPY Top 150,False
MRSH,Marsh & McLennan Companies Inc,Financials,180.43,1.99,21.5213,5.2889,3.0649,,0.04646559455051507,0.18907523303522472,0.32627491924695745,,26.529999999999998,,0.4742,,21.62,22.5,0.9608888888888889,-0.03989649699931221,1.3542,1.1392,8.33,-1.95,207.83,156.6,0.465157134491509,False,-6.2578000000000005,208.85316,15.8,0.6129032258064516,0.6290322580645161,-0.016129032258064502,0.3870967741935484,3,9,18,1,0,31,0.0941402621867388,0.0,2026-06-30,True,0.6025675675675676,1.0,0.4090909090909091,0.23333333333333334,0.8636363636363636,0.17315436241610738,0.14935894468872946,0.6025675675675676,0.5485923587502023,0.4417316838835006,0.14935894468872946,0.38325713604454636,106,0.4066666666666667,0.23333333333333334,0.8466666666666667,0.08666666666666667,0.12,0.3,2026-09-15,v2,SPY Top 150,False
AEP,American Electric Power Company Inc,Utilities,122.23,-0.89,21.3755,2.4161,3.012,13.6637,0.046782531402774205,0.41389015355324693,0.33200531208499334,0.07318661855866274,10.0,41.85097,0.1921,0.08039571337,23.52,21.07,1.1162790697674418,-0.11000089521432849,1.6438,0.504,10.6,-15.36,140.58,105.7,0.4739105504587155,False,12.6822,147.246078,20.5,0.6964285714285714,0.6964285714285714,0.0,0.5714285714285714,6,10,12,0,0,28,-2.4882391142798244,0.0,2026-06-30,True,0.7267931761548784,1.0,0.8,0.48,0.4,0.4560402684563758,0.03351538995602869,0.7267931761548784,0.21650236170233028,0.4642353621846795,0.03351538995602869,0.37809136773894936,107,0.78,0.48,0.38666666666666666,0.38666666666666666,0.013333333333333334,0.29333333333333333,2026-09-15,v2,SPY Top 150,False
TMO,Thermo Fisher Scientific Inc,Healthcare,613.62,0.62,32.3139,3.572,4.858,27.8777,0.030946434815977027,0.2799552071668533,0.2058460271716756,0.03587096496482852,13.33,40.93,0.4214,0.17247902,17.58,18.55,0.947708894878706,-0.0537078967964134,0.8076,1.5505,7.23,7.52,647.0,435.27,0.8423463845463562,False,25.2757,663.620772,8.1,0.7777777777777778,0.7847222222222222,-0.00694444444444442,0.8055555555555556,11,18,7,0,0,36,3.1505493546671413,0.0,2026-06-30,True,0.440973739697144,1.0,0.38095238095238093,0.6133333333333333,0.3333333333333333,0.3110738255033557,0.4823142791020597,0.440973739697144,0.4194126265367731,0.39113333553740864,0.3110738255033557,0.37512143353059807,108,0.35333333333333333,0.6133333333333333,0.31,0.22666666666666666,0.7533333333333333,0.2866666666666667,2026-09-15,v2,SPY Top 150,False
ABBV,AbbVie Inc,Healthcare,261.77,1.81,72.0065,261.0115,7.0568,29.3882,0.013887635144049495,0.0038312488147073977,0.14170728942296792,0.03402726264282943,95.59,72.79,0.4774,0.34749946000000004,26.2,25.49,1.0278540604158495,-0.02747319237902722,49.2176,0.8085,10.39,67.6,267.47,190.75,0.9257038581856094,False,16.483,282.858342,8.1,0.7692307692307693,0.7564102564102564,0.012820512820512886,0.8205128205128205,10,22,7,0,0,39,-1.5858431005586042,0.0,2026-06-30,True,0.142214874448917,1.0,0.047619047619047616,0.52,0.8095238095238095,0.6046979865771812,0.19512149965285813,0.142214874448917,0.6263374091744517,0.4569697270252697,0.047619047619047616,0.37509959114402536,109,0.02666666666666667,0.52,0.7933333333333333,0.6933333333333334,0.18666666666666668,0.28,2026-09-15,v2,SPY Top 150,False
ORCL,Oracle Corp,Technology,144.79,-3.65,21.72,6.3923,5.7253,20.3962,0.04604051565377532,0.15643821472709354,0.1746633364190523,0.04902874064776772,42.480000000000004,63.96,0.2828,0.18087888000000002,32.12,28.47,1.1282051282051282,-0.12062798778861472,1.8652,1.1708,21.62,49.08,331.0,114.5,0.13990762124711312,False,-51.9635,252.483966,74.4,0.7704081632653061,0.7755102040816326,-0.005102040816326481,0.7959183673469388,15,24,9,1,0,49,0.6925718042827986,0.0,2026-09-30,False,0.512580026835346,1.0,0.8823529411764706,0.006666666666666667,0.2647058823529412,0.5724832214765101,0.33844943300162,0.512580026835346,0.45057863135540765,0.4659307259122117,0.006666666666666667,0.3740779140631027,110,0.8666666666666667,0.006666666666666667,0.23333333333333334,0.6,0.44666666666666666,0.2733333333333333,2026-09-15,v2,SPY Top 150,False
MO,Altria Group Inc,Cons Staples,70.61,2.36,14.7896,27.0919,5.027,12.6503,0.06761508086763672,0.036911401562828745,0.1989258006763477,0.07904950870730339,149.65,62.86,0.68,0.42744800000000005,46.78,45.18,1.0354138999557327,-0.034801250116175866,8.6709,0.5176,-0.58,-8.27,77.06,54.7,0.7115384615384615,False,3.2180999999999997,71.4204,1.1,0.6458333333333334,0.6521739130434783,-0.0063405797101449,0.5,6,6,9,2,1,24,-1.9793581876732331,0.0,2026-06-30,True,0.5828042936553575,1.0,0.625,0.38,0.75,0.1506711409395973,0.04436473038648461,0.5828042936553575,0.6635689940862212,0.45603893774589216,0.04436473038648461,0.3737040962740107,111,0.62,0.38,0.7333333333333333,0.05333333333333334,0.02666666666666667,0.26666666666666666,2026-09-15,v2,SPY Top 150,False
SNPS,Synopsys Inc,Technology,381.43,-4.01,69.2978,2.3895,7.9226,33.7774,0.014430472540253805,0.4184975936388366,0.12622119001337945,0.029605594273093845,3.5700000000000003,72.38,0.1982,0.14345716,18.87,21.84,0.864010989010989,-0.1461697914962454,0.3222,1.3369,46.33,-55.62,539.48,366.0,0.08894397048651144,False,0.30739999999999945,556.9867079999999,46.0,0.7734375,0.7580645161290323,0.015372983870967749,0.8125,10,16,5,1,0,32,0.875491545873812,0.0,2026-09-30,False,0.3294249568717654,1.0,0.7647058823529411,0.3333333333333333,0.058823529411764705,0.8778523489932886,0.2163295533441333,0.3294249568717654,0.32425225456865603,0.4501767655453757,0.058823529411764705,0.37190611831865356,112,0.7533333333333333,0.3333333333333333,0.03333333333333333,0.98,0.24,0.26,2026-09-15,v2,SPY Top 150,False
GS,Goldman Sachs Group Inc,Financials,988.45,-3.96,13.9787,2.4257,2.1714,51.4908,0.07153741048881512,0.4122521334047904,0.4605323754259924,0.01942094510087239,16.939999999999998,41.8,0.0692,0.0289256,19.48,20.62,0.9447138700290979,-0.05687318037442489,11.0081,0.3193,6.67,41.66,1153.99,740.01,0.6001256099328471,False,30.8311,1198.3866779999998,21.2,0.6484375,0.640625,0.0078125,0.46875,6,9,16,0,1,32,6.8061131646013395,0.0,2026-06-30,True,0.6823605520414031,1.0,0.5454545454545454,0.68,0.09090909090909091,0.5600671140939597,0.6402777134922472,0.6823605520414031,0.2578524316963308,0.4396914434789927,0.09090909090909091,0.3699349729650124,113,0.5366666666666666,0.68,0.056666666666666664,0.58,0.9733333333333334,0.25333333333333335,2026-09-15,v2,SPY Top 150,False
MDLZ,Mondelez International Inc,Cons Staples,62.39,-0.08,22.9888,2.7871,2.0373,22.0049,0.043499443207126946,0.35879588102328586,0.4908457271879448,0.04544442374198474,13.469999999999999,31.15,0.5564,0.1733186,11.22,13.68,0.8201754385964913,-0.198237012099854,0.8052,0.5992,6.93,-0.41,66.65,51.2,0.7242718446601939,False,0.032399999999999984,70.317984,12.7,0.7196969696969697,0.7132352941176471,0.0064616755793226455,0.6363636363636364,8,13,12,0,0,33,0.8102633869396869,0.0,2026-06-30,True,0.6559382787042362,1.0,0.875,0.31333333333333335,0.125,0.5006711409395973,0.2441009025688498,0.6559382787042362,0.28430945918921235,0.4243326969065802,0.125,0.36446615752526423,114,0.8533333333333334,0.31333333333333335,0.09333333333333334,0.5066666666666667,0.3,0.24666666666666667,2026-09-15,v2,SPY Top 150,False
RTX,RTX Corp,Industrials,195.34,-1.18,34.4307,3.8493,2.8495,19.8524,0.029043847496565564,0.259787493830047,0.350938761186173,0.05037174346678487,11.799999999999999,20.35,0.5467,0.11125345,11.21,7.79,1.4390243902439026,-0.36396537720141175,0.5632,1.0105,11.84,24.78,226.88,154.36,0.5650854936569222,False,30.2297,229.473582,17.5,0.7083333333333334,0.7,0.008333333333333415,0.6666666666666666,7,13,9,0,1,30,2.8071139588492993,0.0,2026-06-30,True,0.5180966072455434,1.0,0.68,0.6733333333333333,0.04,0.574496644295302,0.5260402684563759,0.5180966072455434,0.25673070403489223,0.44313870246085013,0.04,0.36251096196868016,115,0.6733333333333333,0.6733333333333333,0.013333333333333334,0.6066666666666667,0.8333333333333334,0.24,2026-09-15,v2,SPY Top 150,False
EQIX,Equinix Inc,Real Estate,998.72,-3.76,64.2827,7.1482,10.0505,27.0121,0.015556284972473152,0.13989535827201252,0.09949753743594847,0.0370204463925426,10.76,51.49,0.2449,0.12609901,21.82,16.84,1.2957244655581948,-0.2590699715907441,1.5289,1.1314,9.64,52.11,1128.68,720.62,0.6815174239082488,False,30.9847,1236.5565060000001,23.8,0.78125,0.7692307692307693,0.012019230769230727,0.825,12,21,7,0,0,40,0.011514961386430985,0.0,2026-06-30,True,0.24894575426490317,1.0,0.24894575426490317,0.6933333333333334,0.23124405050995628,0.7697986577181208,0.2626475352927563,0.24894575426490317,0.23124405050995628,0.3942998488900837,0.23124405050995628,0.3616886892140582,116,0.22,0.6933333333333334,0.2,0.8866666666666667,0.3333333333333333,0.23333333333333334,2026-09-15,v2,SPY Top 150,False
AXP,American Express Co,Financials,327.78,0.95,19.2397,6.7327,2.7109,23.5297,0.05197586240949703,0.14852882201791257,0.36888118337083625,0.04249947938137758,34.12,60.62,0.2675,0.1621585,18.18,18.88,0.9629237288135594,-0.03778107196802181,6.3017,0.2566,9.48,15.53,387.49,290.97,0.3813717364276829,False,0.2539,383.44543799999997,17.0,0.6554054054054054,0.6458333333333334,0.009572072072072002,0.5405405405405406,5,15,16,0,1,37,0.8756622349151112,0.0,2026-06-30,True,0.5996578493387004,1.0,0.36363636363636365,0.32666666666666666,0.3181818181818182,0.5557046979865772,0.2983059476972923,0.5996578493387004,0.3974541229799351,0.3749171347822123,0.2983059476972923,0.3595948973652283,117,0.3333333333333333,0.32666666666666666,0.2866666666666667,0.5666666666666667,0.38666666666666666,0.22666666666666666,2026-09-15,v2,SPY Top 150,False
APP,Applovin Corp,Technology,334.24,3.17,24.5838,54.7219,15.8752,20.3743,0.04067719392445431,0.018274219279666826,0.06299133239266277,0.04908144083477714,193.1,88.46,0.9235,0.8169280999999999,77.44,31.36,2.4693877551020407,-0.9039702474861144,1.1113,4.3002,60.59,84.72,745.61,297.5,0.08198879739349715,False,-47.1086,521.9082960000001,56.1,0.7635135135135135,0.7986111111111112,-0.035097597597597674,0.7837837837837838,10,19,8,0,0,37,0.011789255039797568,0.0,2026-06-30,False,0.28823270078589225,0.6074380165289257,0.35294117647058826,0.02,0.7352941176470589,0.43657718120805367,0.28117565378384635,0.1750835000641577,0.7004180546429354,0.44031531372095245,0.02,0.356252250976762,118,0.32,0.02,0.7266666666666667,0.3466666666666667,0.35333333333333333,0.22,2026-09-15,v2,SPY Top 150,False
DHR,Danaher Corp,Healthcare,203.25,1.55,35.1388,2.6408,5.6038,27.6111,0.028458570013773946,0.37867312935474096,0.17845033727113746,0.036217318397311224,7.66,58.57,0.296,0.1733672,20.42,23.08,0.8847487001733103,-0.12245162890337923,0.5051,1.651,4.56,19.66,242.8,160.93,0.5169170636374739,False,8.8357,231.277554,13.8,0.8046875,0.796875,0.0078125,0.84375,12,15,5,0,0,32,1.129856034931391,0.0,2026-06-30,True,0.43450929653057313,1.0,0.3333333333333333,0.4266666666666667,0.23809523809523808,0.642281879194631,0.3409210830826198,0.43450929653057313,0.3726068098924854,0.3770231097298906,0.23809523809523808,0.34923753540296015,119,0.31,0.4266666666666667,0.21333333333333335,0.7466666666666667,0.4666666666666667,0.21333333333333335,2026-09-15,v2,SPY Top 150,False
TMUS,T-Mobile US Inc,Comm Services,182.9,0.31,18.5544,3.2261,2.1254,8.7427,0.05389557193980942,0.3099717925668764,0.4704996706502306,0.11438114083749873,18.22,62.69,0.4265,0.26737285,19.8,15.56,1.2724935732647815,-0.24097841895024402,1.6063,0.9242,9.68,-9.81,244.24,165.66,0.21939424790022916,False,-25.514,246.95301600000002,35.0,0.75,0.7567567567567568,-0.006756756756756799,0.8108108108108109,7,23,7,0,0,37,2.4012470553045873,0.0,2026-06-30,True,0.7924587885758099,1.0,0.7272727272727273,0.05333333333333334,0.2727272727272727,0.4708053691275167,0.3852672992362879,0.7924587885758099,0.3798824005561428,0.42092086568064346,0.05333333333333334,0.34740335921118143,120,0.7166666666666667,0.05333333333333334,0.24333333333333335,0.41333333333333333,0.5933333333333334,0.20666666666666667,2026-09-15,v2,SPY Top 150,False
PG,Procter & Gamble Co,Cons Staples,146.13,0.59,21.1746,6.2872,3.9034,15.7637,0.04722639388701557,0.15905331467107775,0.2561869139724343,0.06343688347278875,29.830000000000002,50.87,0.6829,0.34739122999999994,22.89,22.46,1.0191451469278718,-0.01896418465417827,0.6286,0.6773,3.26,1.72,167.25,137.62,0.28720890988862613,False,-8.525500000000001,163.24488000000002,11.7,0.6621621621621622,0.6959459459459459,-0.03378378378378377,0.5135135135135135,6,13,17,1,0,37,-0.8288154760384036,0.0,2026-06-30,True,0.6025436074372245,1.0,0.75,0.2,0.5,0.13758389261744966,0.10196713723675076,0.6025436074372245,0.6244478616118618,0.4003118491090026,0.10196713723675076,0.3406429067345523,121,0.7333333333333333,0.2,0.4866666666666667,0.04,0.07333333333333333,0.2,2026-09-15,v2,SPY Top 150,False
AMD,Advanced Micro Devices Inc,Technology,493.41,-4.4,130.9558,13.086,20.3987,109.7388,0.0076361642630566945,0.07641754546843955,0.049022731840754556,0.009112547248557484,10.07,53.2,0.5197,0.2764804,15.71,9.46,1.660676532769556,-0.5072250692037429,0.048,2.6092,39.54,124.33,584.73,149.85,0.7900110375275939,False,221.907,615.62355,24.8,0.7796610169491526,0.7763157894736842,0.003345227475468393,0.8305084745762712,17,32,10,0,0,59,0.4165501684478027,0.0,2026-06-30,False,0.10722733371669542,0.9032463399108848,0.14705882352941177,0.9666666666666667,0.23529411764705882,0.67751677852349,0.31845869011802824,0.09685269671800814,0.4429840156558009,0.3872917670655395,0.14705882352941177,0.339245178358314,122,0.11333333333333333,0.9666666666666667,0.20666666666666667,0.7733333333333333,0.4266666666666667,0.19333333333333333,2026-09-15,v2,SPY Top 150,False
PLD,Prologis Inc,Real Estate,135.19,-0.41,30.9798,2.3509,14.1864,26.3483,0.03227909799288568,0.4253690076141052,0.07049004680539107,0.037953112724540106,7.9,74.31,0.0928,0.06895968,38.37,36.59,1.0486471713582945,-0.04750092522774551,0.6783,0.2736,7.35,21.55,153.35,111.0,0.5711924439197167,False,21.2088,161.815758,19.7,0.717391304347826,0.73,-0.012608695652173929,0.6521739130434783,5,10,8,0,0,23,1.0814942485960324,0.0,2026-06-30,True,0.3996195131301514,1.0,0.3996195131301514,0.5733333333333334,0.278545434200878,0.30268456375838926,0.3411062254107845,0.3996195131301514,0.278545434200878,0.3525046884394301,0.278545434200878,0.3377128375917197,123,0.37333333333333335,0.5733333333333334,0.25333333333333335,0.21333333333333335,0.47333333333333333,0.18666666666666668,2026-09-15,v2,SPY Top 150,False
MAR,Marriott International Inc,Cons Discretionary,340.46,1.72,33.5917,366.336,3.2301,22.8257,0.02976925847754058,0.0027297344514325647,0.3095879384539178,0.0438102664978511,309.12,19.81,0.9668,0.19152307999999998,15.8,15.05,1.0498338870431894,-0.04863194883803638,76.1214,0.5347,4.72,8.84,410.98,256.76,0.5427311632732459,False,26.980999999999998,387.27717,13.8,0.65625,0.6612903225806451,-0.005040322580645129,0.5,5,11,15,1,0,32,1.0291995111072474,0.0,2026-06-30,False,0.32821449108683154,1.0,0.4,0.6533333333333333,0.3,0.260738255033557,0.30188845174728074,0.32821449108683154,0.5038374853583979,0.35276425210213685,0.260738255033557,0.3343590526884209,124,0.38666666666666666,0.6533333333333333,0.28,0.14666666666666667,0.3933333333333333,0.18,2026-09-15,v2,SPY Top 150,False
XOM,Exxonmobil Holdings Corp,Energy,165.08,-0.55,20.8363,2.1848,1.8904,10.4663,0.047993165773193895,0.4577077993409008,0.5289885738468049,0.09554474838290514,12.68,28.84,0.7882,0.22731688,11.53,12.88,0.8951863354037266,-0.11072338639524001,0.1633,1.1347,9.62,10.18,176.41,110.39,0.8283853377764316,False,44.8889,172.785042,4.7,0.6583333333333333,0.6833333333333333,-0.025000000000000022,0.4666666666666667,5,9,16,0,0,30,-1.4476239329977831,0.0,2026-06-30,True,0.8048955338317041,1.0,0.5,0.82,0.5,0.07651006711409397,0.11415413098819718,0.8048955338317041,0.4571984448951994,0.38942513307104837,0.07651006711409397,0.3268421198796575,125,0.49333333333333335,0.82,0.4866666666666667,0.013333333333333334,0.08,0.17333333333333334,2026-09-15,v2,SPY Top 150,False
BA,Boeing Co,Industrials,210.27,-0.09,68.2185,27.9744,1.7672,30.1314,0.014658780242895988,0.035746968657057884,0.565866908103214,0.03318797002462547,132.92,4.68,0.5794,0.027115919999999998,4.89,-4.44,,,7.5246,1.1375,24.78,,254.35,176.77,0.43181232276359893,False,-5.6216,275.651634,31.1,0.8108108108108109,0.7972972972972973,0.013513513513513598,0.8648648648648649,14,18,5,0,0,37,-0.30552127747797514,0.0,2026-06-30,True,0.3205712095073797,1.0,0.28,0.24,0.2,0.8644295302013423,0.18389261744966445,0.3205712095073797,0.39691010770505386,0.3544697986577181,0.18389261744966445,0.3203543624161074,126,0.24666666666666667,0.24,0.17333333333333334,0.96,0.16666666666666666,0.16666666666666666,2026-09-15,v2,SPY Top 150,False
HLT,Hilton Worldwide Holdings Inc,Cons Discretionary,310.6,1.44,43.5054,245.967,5.5196,26.1495,0.02298565235579951,0.004065586033898856,0.18117254873541563,0.038241648979904015,171.01,37.9,0.7484,0.2836436,23.35,21.09,1.1071597913703177,-0.10179798962422312,73.65,0.6491,8.74,4.49,358.0,253.54,0.5462377943710514,False,13.243400000000001,357.054264,15.0,0.696969696969697,0.6774193548387096,0.019550342130987386,0.6363636363636364,5,16,12,0,0,33,-0.4876022185668842,0.0,2026-06-30,True,0.22666858347709412,1.0,0.2,0.49333333333333335,0.4,0.6308724832214765,0.1228835917611664,0.22666858347709412,0.527551919359293,0.3639403687418036,0.1228835917611664,0.31572901334567616,127,0.16666666666666666,0.49333333333333335,0.38666666666666666,0.73,0.09333333333333334,0.16,2026-09-15,v2,SPY Top 150,False
PANW,Palo Alto Networks Inc,Technology,373.94,13.09,881.0153,9.8371,23.5603,174.0205,0.0011350540677329895,0.10165597584654014,0.042444281269763115,0.005746449412569209,1.68,70.37,0.3206,0.22560622,6.05,6.05,1.0,-0.0,0.0645,0.871,24.49,-67.95,398.88,139.57,0.903821680613937,False,80.18900000000001,401.27636400000006,7.3,0.753968253968254,0.7579365079365079,-0.003968253968253954,0.7777777777777778,16,33,13,1,0,63,1.3093020507950246,0.0,2026-09-30,False,0.1052242668200115,1.0,0.20588235294117646,0.9133333333333333,0.3235294117647059,0.30000000000000004,0.27930571626938205,0.1052242668200115,0.478399475283071,0.34175860253844653,0.20588235294117646,0.31458335261899256,128,0.18,0.9133333333333333,0.3,0.20666666666666667,0.3466666666666667,0.15333333333333332,2026-09-15,v2,SPY Top 150,False
DE,Deere & Co,Industrials,681.46,0.85,37.3865,5.8285,3.7969,20.2869,0.026747622805023206,0.1715707300334563,0.26337275145513445,0.04929289344355225,18.11,36.58,0.4526,0.16556107999999997,19.46,21.77,0.8938906752411576,-0.112171798488597,2.2807,0.9375,7.99,-5.93,705.88,433.0,0.910510114335972,False,38.6445,695.39877,2.0,0.7132352941176471,0.6985294117647058,0.014705882352941235,0.6470588235294118,7,15,12,0,0,34,0.7878299767381549,0.0,2026-09-30,False,0.4532096990607629,1.0,0.44,0.76,0.12,0.5288590604026846,0.22635501041425596,0.4532096990607629,0.3342604586273558,0.36172506364267537,0.12,0.31338005091414034,129,0.4266666666666667,0.76,0.08666666666666667,0.5333333333333333,0.25333333333333335,0.14666666666666667,2026-09-15,v2,SPY Top 150,False
SBUX,Starbucks Corp,Cons Discretionary,99.07,0.33,56.6579,64.1154,2.9301,24.0936,0.017649789349764113,0.015596876881373276,0.3412852803658578,0.04150479795464356,115.68,22.34,1.2458,0.27831172,9.17,14.65,0.625938566552901,-0.4685030491947028,8.0719,0.7597,4.49,-24.99,110.51,77.99,0.6482164821648214,False,26.956500000000002,113.32557,14.4,0.6358695652173914,0.6329787234042553,0.002890841813136036,0.4782608695652174,8,14,20,3,1,46,1.9572762913530979,0.0,2026-06-30,True,0.2997488978340042,1.0,0.3,0.6466666666666666,0.2,0.42080536912751676,0.3507428835917612,0.2997488978340042,0.44549173880334064,0.3364391730309342,0.2,0.3091513384247474,130,0.26666666666666666,0.6466666666666666,0.17333333333333334,0.3333333333333333,0.5,0.14,2026-09-15,v2,SPY Top 150,False
WMB,Williams Companies Inc,Energy,71.95,-1.24,28.997,6.8929,7.3015,17.1168,0.03448632617167293,0.14507681817522378,0.13695815928233926,0.05842213497850065,23.86,82.37,0.2082,0.17149434000000002,38.18,33.0,1.156969696969697,-0.14580425683112133,2.3346,0.4771,8.72,26.31,80.08,56.19,0.6596902469652576,False,25.7192,86.774052,20.6,0.7592592592592593,0.7586206896551724,0.0006385696040869249,0.8148148148148148,7,15,4,1,0,27,2.479330067855023,0.0,2026-06-30,False,0.43608395629672225,1.0,0.16666666666666666,0.6266666666666667,0.16666666666666666,0.5768456375838926,0.49800046285582045,0.43608395629672225,0.3114570274928816,0.3444025302784849,0.16666666666666666,0.30885535755612126,131,0.12666666666666668,0.6266666666666667,0.12666666666666668,0.6133333333333333,0.8133333333333334,0.13333333333333333,2026-09-15,v2,SPY Top 150,False
DIS,Walt Disney Co,Comm Services,108.59,1.91,21.8165,1.5566,1.8978,12.003,0.04583686659179978,0.6424257998201208,0.5269259142164612,0.08331250520703158,7.870000000000001,37.6,0.4885,0.183676,13.66,8.2,1.6658536585365855,-0.5103376998724367,0.4184,0.7091,4.58,-24.0,117.17,92.19,0.656525220176141,False,-8.0641,131.23483199999998,20.9,0.7894736842105263,0.7916666666666666,-0.002192982456140302,0.8947368421052632,11,23,3,1,0,38,1.877421621806558,0.0,2026-06-30,False,0.7944479585968948,0.9004392386530014,0.6363636363636364,0.21333333333333335,0.09090909090909091,0.512751677852349,0.3487664892386022,0.7153521149884191,0.25757777904751017,0.3625622786532298,0.09090909090909091,0.30823164110440204,132,0.63,0.21333333333333335,0.056666666666666664,0.5133333333333333,0.4866666666666667,0.12666666666666668,2026-09-15,v2,SPY Top 150,False
UBER,Uber Technologies Inc,Comm Services,72.63,1.34,15.2824,5.3774,2.6507,20.7177,0.06543474846882688,0.18596347677316177,0.3772588372882635,0.04826790618649753,35.730000000000004,36.77,0.8807,0.32383339000000005,12.13,0.29,41.827586206896555,-3.733556078957576,0.4658,0.8425,16.68,-22.8,101.99,65.41,0.1973756150902132,False,-19.041800000000002,104.455854,43.8,0.7758620689655172,0.775,0.0008620689655172153,0.8620689655172413,15,35,7,1,0,58,0.357013569685265,0.0,2026-06-30,False,0.6760494537090281,0.5,0.09090909090909091,0.08666666666666667,0.5454545454545454,0.7187919463087249,0.1387364036102754,0.33802472685451407,0.46858767819901154,0.3595991528335893,0.08666666666666667,0.30501265560020474,133,0.056666666666666664,0.08666666666666667,0.5366666666666666,0.8266666666666667,0.10666666666666667,0.12,2026-09-15,v2,SPY Top 150,False
EMR,Emerson Electric Co,Industrials,148.3,-2.56,32.119,3.9344,4.4397,20.7146,0.031134219620785206,0.2541683611224075,0.2252404441741559,0.048275129618723024,12.68,53.16,0.4432,0.23560511999999997,19.86,15.2,1.306578947368421,-0.2674122307647958,0.6435,0.8963,4.82,-1.79,166.35,122.64,0.5870510180736677,False,10.8718,174.362064,17.6,0.7132352941176471,0.7132352941176471,0.0,0.6764705882352942,7,16,10,1,0,34,0.4722098507280315,0.0,2026-06-30,False,0.4786390645965114,1.0,0.52,0.44666666666666666,0.16,0.4456375838926175,0.19100671140939599,0.4786390645965114,0.34201857459836776,0.3404451901565996,0.16,0.30435615212527967,134,0.5133333333333333,0.44666666666666666,0.12,0.36666666666666664,0.18,0.11333333333333333,2026-09-15,v2,SPY Top 150,False
INTC,Intel Corp,Technology,97.19,-5.59,,7.5624,9.1079,33.2083,,0.13223315349624457,0.10979479353089075,0.03011295368928852,-10.76,38.6,0.277,0.10692200000000002,9.36,2.79,3.354838709677419,-1.2104036946562262,0.5773,1.604,7.47,,142.35,24.05,0.6182586644125105,False,303.2813,116.378736,19.7,0.5954545454545455,0.5909090909090909,0.004545454545454519,0.34545454545454546,4,15,34,2,0,55,2.2949705398278684,0.0,2026-06-30,True,0.35854609929078013,0.5,0.38235294117647056,0.9733333333333334,0.029411764705882353,0.4818791946308725,0.4557046979865772,0.17927304964539006,0.21054457236998733,0.36647664166337673,0.029411764705882353,0.29906366627187786,135,0.36,0.9733333333333334,0.006666666666666667,0.4666666666666667,0.7133333333333334,0.10666666666666667,2026-09-15,v2,SPY Top 150,False
NOW,ServiceNow Inc,Technology,142.35,7.41,82.0575,8.1806,9.3019,51.6358,0.01218657648600067,0.12224042246290003,0.10750491835001451,0.01936640857699503,13.77,74.79,0.5673,0.42428367,11.4,8.77,1.2998859749144813,-0.2622765490163582,0.6006,0.7006,22.19,0.87,194.73,81.24,0.5384615384615384,False,-18.9309,150.846678,6.0,0.7909090909090909,0.7870370370370371,0.0038720538720538045,0.9090909090909091,16,34,3,2,0,55,0.9298564235210325,0.0,2026-06-30,True,0.18089706728004598,1.0,0.4117647058823529,0.09333333333333334,0.29411764705882354,0.536241610738255,0.2636380467484378,0.18089706728004598,0.46193102495976535,0.3473038330814853,0.09333333333333334,0.2965097331318549,136,0.41333333333333333,0.09333333333333334,0.2733333333333333,0.54,0.34,0.1,2026-09-15,v2,SPY Top 150,False
MRK,Merck & Co Inc,Healthcare,144.85,0.64,112.5934,7.5686,5.3667,42.1865,0.00888151525755506,0.1321248315408398,0.18633424637114057,0.023704265582591585,6.6000000000000005,77.28,0.5073,0.39204144,9.58,24.53,0.39054219323277617,-0.9402192662876289,1.2855,1.3227,4.64,-80.7,156.92,77.58,0.8478699268968994,False,71.6231,153.862308,6.2,0.7361111111111112,0.7361111111111112,0.0,0.7222222222222222,8,18,10,0,0,36,1.5100818466873418,0.0,2026-06-30,True,0.25418343875790683,1.0,0.19047619047619047,0.9,0.19047619047619047,0.3674496644295302,0.2933256190696598,0.25418343875790683,0.36968525078802766,0.31225068050825977,0.19047619047619047,0.2878957825018459,137,0.15333333333333332,0.9,0.15333333333333332,0.26666666666666666,0.37333333333333335,0.09333333333333334,2026-09-15,v2,SPY Top 150,False
LIN,Linde PLC,Materials,464.41,-0.39,29.6684,6.1393,6.0627,18.0287,0.03370589583529951,0.1628850194647598,0.16494301218928858,0.05546711632008963,18.75,48.35,0.4081,0.19731635000000003,26.45,21.82,1.2121906507791016,-0.19242917789938352,0.7168,0.879,6.63,10.12,548.2,387.78,0.4776835806009227,False,1.1795,556.172442,19.8,0.7016129032258065,0.7413793103448276,-0.03976640711902113,0.7096774193548387,5,17,7,2,0,31,-1.9474597995289649,0.0,2026-06-30,True,0.4636083956296722,1.0,0.4636083956296722,0.34,0.38040762220381114,0.23691275167785236,0.09797269150659571,0.4636083956296722,0.38040762220381114,0.3261028396301212,0.09797269150659571,0.28047681000541613,138,0.4533333333333333,0.34,0.36,0.12,0.06666666666666667,0.08666666666666667,2026-09-15,v2,SPY Top 150,False
NFLX,Netflix Inc,Comm Services,80.32,3.77,24.5542,9.8602,6.9289,19.4196,0.04072623013578125,0.10141782113953063,0.14432305272121115,0.05149436651630312,47.96,49.12,0.8412,0.41319743999999997,35.46,23.1,1.535064935064935,-0.4285726831183139,0.4746,1.1416,16.02,35.26,125.35,65.08,0.2528621204579392,False,-31.184200000000004,97.456614,21.3,0.7456896551724138,0.7629310344827587,-0.017241379310344862,0.7413793103448276,14,29,15,0,0,58,-0.06866525735797707,0.0,2026-06-30,True,0.42735192639447955,0.9771573604060914,0.18181818181818182,0.04,0.6363636363636364,0.32248322147651004,0.23800509141402454,0.4175900803600879,0.6110312020874401,0.340561044371042,0.04,0.28044883549683364,139,0.14333333333333334,0.04,0.63,0.24,0.2866666666666667,0.08,2026-09-15,v2,SPY Top 150,False
CRWD,CrowdStrike Holdings Inc,Technology,235.38,13.85,3621.079,38.0963,39.2295,2287.6436,0.000276160779701299,0.026249268301646093,0.025491020787927452,0.0004371310286270117,1.29,75.24,0.4867,0.36619308,-2.21,-5.59,,,0.1463,1.5701,24.3,,233.88,85.68,1.0101214574898785,True,101.3274,,,0.7213114754098361,0.725,-0.0036885245901638886,0.7377049180327869,12,33,14,1,1,61,0.7934193249923772,0.0,2026-09-30,False,0.03511213341000575,1.0,0.058823529411764705,0.94,0.35294117647058826,0.37684563758389267,0.297986577181208,0.03511213341000575,0.5266151615575808,0.3346553493880774,0.058823529411764705,0.27948898539281486,140,0.03333333333333333,0.94,0.32666666666666666,0.3,0.38,0.07333333333333333,2026-09-15,v2,SPY Top 150,False
SPGI,S&P Global Inc,Financials,418.54,1.91,25.0167,3.8129,7.638,16.5754,0.039973297837044855,0.2622675653701907,0.13092432573972243,0.06033036910119817,15.5,63.58,0.2636,0.16759688,44.43,41.74,1.0644465740297075,-0.06245501529876226,0.4798,0.9544,9.67,26.22,522.47,361.03,0.356231417244797,False,-15.428700000000001,535.7167499999999,28.0,0.7867647058823529,0.8014705882352942,-0.014705882352941235,0.8529411764705882,10,19,5,0,0,34,-0.21055450800248943,0.0,2026-06-30,True,0.5108338125359402,1.0,0.18181818181818182,0.12666666666666668,0.45454545454545453,0.4570469798657718,0.21138625318213378,0.5108338125359402,0.4252740146082717,0.3176021824353229,0.12666666666666668,0.27941507928159165,141,0.14333333333333334,0.12666666666666668,0.44333333333333336,0.3933333333333333,0.22,0.06666666666666667,2026-09-15,v2,SPY Top 150,False
KO,Coca-Cola Co,Cons Staples,89.35,1.2,26.954,10.0141,7.6976,25.6314,0.03710024486161609,0.09985919853007261,0.12991062149241323,0.03901464609814524,42.99,61.89,0.474,0.29335859999999997,30.35,26.86,1.1299329858525688,-0.12215832641041573,1.2045,1.3046,6.52,17.61,92.49,65.35,0.8843036109064112,False,30.9965,96.1299,7.6,0.75,0.7714285714285715,-0.021428571428571463,0.7714285714285715,8,19,8,0,0,35,0.9435033891402996,0.0,2026-06-30,True,0.35009009009009007,1.0,0.25,0.7,0.25,0.18993288590604027,0.3125109928257348,0.35009009009009007,0.5594326819605938,0.2923632261050683,0.18993288590604027,0.27187715806526275,142,0.22666666666666666,0.7,0.22666666666666666,0.09333333333333334,0.42,0.06,2026-09-15,v2,SPY Top 150,False
CME,CME Group Inc,Financials,280.46,1.79,23.4767,3.0173,7.9807,9.3527,0.042595424399511,0.3314221323699997,0.12530229177891664,0.10692099607599943,15.58,95.97,0.0645,0.06190065,83.82,76.32,1.0982704402515724,-0.09373661535689443,0.1309,1.0184,16.57,13.39,329.16,218.31,0.5606675687866483,False,8.5042,291.605658,4.0,0.6190476190476191,0.6309523809523809,-0.011904761904761862,0.5238095238095238,2,9,7,3,0,21,1.7762782820292842,0.0,2026-06-30,True,0.587552233084148,1.0,0.3181818181818182,0.42,0.36363636363636365,0.10335570469798658,0.40628558204119414,0.587552233084148,0.3996874982144388,0.31225034188214007,0.10335570469798658,0.27047141444530937,143,0.28,0.42,0.3433333333333333,0.02666666666666667,0.6333333333333333,0.05333333333333334,2026-09-15,v2,SPY Top 150,False
WELL,Welltower Inc,Real Estate,234.21,-0.6,109.5149,3.452,13.3056,63.3287,0.009131177584054772,0.28968713789107764,0.07515632515632516,0.015790628893376936,3.63,40.33,0.1935,0.07803855,3.57,11.1,0.3216216216216216,-1.1343795125267409,0.3819,1.0648,37.57,22.25,255.2,163.75,0.770475669764899,False,40.1211,268.05600000000004,14.5,0.7589285714285714,0.7685185185185185,-0.009589947089947093,0.8214285714285714,6,17,5,0,0,28,-0.11430011723950567,0.0,2026-06-30,True,0.2293664941537282,1.0,0.2293664941537282,0.78,0.19905105276690568,0.297986577181208,0.20292524878500348,0.2293664941537282,0.19905105276690568,0.28509304212249587,0.19905105276690568,0.26788464425137787,144,0.19333333333333333,0.78,0.16,0.19333333333333333,0.2,0.04666666666666667,2026-09-15,v2,SPY Top 150,False
IBM,International Business Machines Corp,Technology,249.09,2.38,21.8054,7.6717,3.384,24.1192,0.04586019976703019,0.13034920552159235,0.29550827423167847,0.04146074496666556,33.51,58.1,0.4557,0.2647617,15.11,9.78,1.5449897750511248,-0.43501729223792224,1.7992,0.7908,7.9,82.66,332.46,199.19,0.3744278532302845,False,-9.3662,247.560528,-0.6,0.6774193548387096,0.7327586206896551,-0.05533926585094551,0.5161290322580645,8,8,13,2,0,31,-1.515345428295742,0.0,2026-06-30,True,0.5161912976806594,0.970880211780278,0.8529411764705882,0.18666666666666668,0.11764705882352941,0.055704697986577185,0.20597084008331407,0.5011599164113351,0.3780303783485225,0.3092326440411851,0.055704697986577185,0.25852705483026356,145,0.8333333333333334,0.18666666666666668,0.08,0.006666666666666667,0.20666666666666667,0.04,2026-09-15,v2,SPY Top 150,False
MMM,3M Co,Industrials,162.02,-1.79,27.8614,28.6067,3.3161,15.4826,0.03589195087109765,0.03495684577389213,0.30155906034196794,0.06458863498378825,77.12,39.4,0.6913,0.2723722,18.36,6.45,2.8465116279069766,-1.0460942543846632,4.2517,1.2402,2.35,-21.67,184.9,139.34,0.4978050921861283,False,7.4412,185.727312,14.6,0.6458333333333334,0.6521739130434783,-0.0063405797101449,0.5416666666666666,4,9,9,1,1,24,2.7111975465442586,0.0,2026-06-30,True,0.45215928694652097,0.5269607843137255,0.12,0.41333333333333333,0.36,0.24328859060402683,0.42199490858597544,0.23827021248407357,0.4417672866135284,0.291290287742035,0.12,0.25703223019362803,146,0.08666666666666667,0.41333333333333333,0.3333333333333333,0.12666666666666668,0.6666666666666666,0.03333333333333333,2026-09-15,v2,SPY Top 150,False
PFE,Pfizer Inc,Healthcare,27.72,0.0,36.5092,1.6304,2.4836,24.102,0.02739035640331752,0.6133464180569185,0.40264132710581413,0.041490332752468675,4.89,74.71,0.3086,0.23055505999999998,6.79,18.78,0.3615548455804047,-1.017341532209512,0.7418,1.2669,-0.22,-59.91,29.21,23.58,0.7353463587921845,False,14.1045,29.052456000000003,4.8,0.6180555555555556,0.625,-0.00694444444444442,0.3888888888888889,6,8,20,1,1,36,0.6416447957185399,0.0,2026-06-30,False,0.566123250910485,1.0,0.6190476190476191,0.5066666666666667,0.047619047619047616,0.138255033557047,0.17803749132145336,0.566123250910485,0.2750966107666962,0.27407091612391316,0.047619047619047616,0.22878054242294005,147,0.6133333333333333,0.5066666666666667,0.02666666666666667,0.04666666666666667,0.14,0.02666666666666667,2026-09-15,v2,SPY Top 150,False
SCHW,Charles Schwab Corp,Financials,107.31,0.06,18.3245,3.3178,6.2383,31.4655,0.05457174820595378,0.30140454518054133,0.1603000817530417,0.03178083933196676,19.08,87.76,0.0594,0.052129440000000006,44.03,35.74,1.231952993844432,-0.20860071003638048,5.8093,0.3699,11.2,43.25,114.53,83.96,0.7638207392868827,False,16.5088,125.50437,17.0,0.7666666666666667,0.7678571428571429,-0.0011904761904761862,0.8333333333333334,8,17,4,1,0,30,1.2688339381527751,0.0,2026-06-30,True,0.5384100057504313,1.0,0.22727272727272727,0.5266666666666666,0.045454545454545456,0.440268456375839,0.4148484147188151,0.5384100057504313,0.21022744717119485,0.2734021656042022,0.045454545454545456,0.2278126415742709,148,0.18666666666666668,0.5266666666666666,0.02,0.35333333333333333,0.66,0.02,2026-09-15,v2,SPY Top 150,False
GE,General Electric Co,Industrials,317.56,-1.88,36.2777,21.9811,6.4262,35.8374,0.027565143324962717,0.04549362861731214,0.15561295944726278,0.027903809986215517,49.03,33.57,0.3937,0.13216508999999999,16.72,5.34,3.131086142322097,-1.141379954684452,1.086,0.9819,21.7,18.32,388.84,268.91,0.4056532977570249,False,18.541800000000002,409.28979,28.9,0.78125,0.78125,0.0,0.875,9,19,3,1,0,32,1.2771939497465317,0.0,2026-06-30,True,0.23836879432624117,0.5,0.04,0.5533333333333333,0.08,0.6308724832214765,0.3636287896320296,0.11918439716312058,0.33227986172613777,0.2700521484224331,0.04,0.22404171873794648,149,0.013333333333333334,0.5533333333333333,0.04,0.73,0.5266666666666666,0.013333333333333334,2026-09-15,v2,SPY Top 150,False
TSLA,Tesla Inc,Cons Discretionary,358.97,-1.77,379.223,18.1867,13.9291,129.8867,0.002636970858835039,0.05498523646400942,0.07179214737492014,0.0076990176823339114,4.569999999999999,18.85,0.7352,0.1385852,4.22,9.97,0.4232698094282848,-0.8597454559258266,0.1076,1.9409,11.75,-37.66,498.83,297.38,0.3057334326135519,False,-0.23149999999999993,389.044014,8.4,0.6352459016393442,0.625,0.010245901639344246,0.4918032786885246,10,20,25,5,1,61,-2.4523766396480196,0.0,2026-06-30,True,0.09508817327966264,1.0,0.1,0.30666666666666664,0.1,0.47315436241610737,0.024457301550567,0.09508817327966264,0.30039913245531336,0.18396613438247322,0.024457301550567,0.15206436781609198,150,0.07333333333333333,0.30666666666666664,0.07333333333333333,0.43333333333333335,0.006666666666666667,0.006666666666666667,2026-09-15,v2,SPY Top 150,False
