ticker,name,sector,price,day_chg,pe_ttm,pb,ps_ttm,ev_ebitda,earn_yld,book_yld,sales_yld,ebitda_yld,roe,gross_margin,asset_turnover,gp_assets,op_margin_ttm,op_margin_5y,margin_ratio,margin_stability,debt_equity,current_ratio,rev_growth,eps_growth,w52_high,w52_low,w52_pos,stale_ref,mom_12_1,mean_target,upside_pct,analyst_score,analyst_score_3m_ago,revision_3m,buy_ratio,strong_buy,buy,hold,sell,strong_sell,total_recs,sue,pead_decay,last_report,has_earnings,score_value_raw,cyc_guard,score_value,score_momentum,score_quality,score_sentiment,score_catalyst,score_value_uni,score_quality_uni,weighted_mean,worst_lens,score_composite,rank,score_value_pct,score_momentum_pct,score_quality_pct,score_sentiment_pct,score_catalyst_pct,score_composite_pct,as_of,version,universe,in_top_n
NVDA,NVIDIA Corp,Technology,218.29,-0.03,27.2751,20.768,17.3641,26.2085,0.036663476944172525,0.048151001540832045,0.05759008529091631,0.03815556021901292,110.11,74.67,1.2788,0.95487996,65.17,45.98,1.4173553719008265,-0.34879272100925357,0.1457,4.5889,83.38,125.15,236.54,164.27,0.7474747474747474,False,24.3371,319.559574,46.4,0.8188405797101449,0.8152173913043478,0.0036231884057971175,0.9420289855072463,24,41,3,1,0,69,3.676278564427623,0.0,2026-09-30,False,0.2558347709411539,1.0,0.6176470588235294,0.6066666666666667,1.0,0.7940805369127517,0.6285628326776209,0.2558347709411539,0.804304159643459,0.7681789636567425,0.6066666666666667,0.7358765042587274,1,0.6066666666666667,0.6066666666666667,0.9733333333333334,0.9,0.9533333333333334,1.0,2026-09-14,v2,SPY Top 150,True
MU,Micron Technology Inc,Technology,975.26,-0.22,21.8243,10.34,12.2012,15.8552,0.045820484505803165,0.09671179883945842,0.08195915155886306,0.06307079065543165,70.55,72.57,0.8929,0.6479775299999999,65.63,9.66,6.79399585921325,-1.9160392602612046,0.0568,3.4245,166.98,700.71,1255.0,147.61,0.747388002420105,False,545.9878,1474.5329100000001,51.2,0.8017241379310345,0.8035714285714286,-0.001847290640394128,0.9137931034482759,18,35,4,1,0,58,4.226455705090022,0.0,2026-06-30,True,0.43799405788767487,0.5,0.5882352941176471,0.9933333333333333,0.7941176470588235,0.6416778523489932,0.6650636426753067,0.21899702894383744,0.7345549381481586,0.7127225678514869,0.5882352941176471,0.6878251131047189,2,0.5733333333333334,0.9933333333333333,0.7666666666666667,0.7466666666666667,0.9933333333333333,0.9933333333333333,2026-09-14,v2,SPY Top 150,True
FDX,FedEx Corp,Industrials,311.99,0.06,16.6566,2.5521,0.7795,8.7769,0.06003626190218892,0.3918341757768113,1.2828736369467608,0.11393544417732913,15.110000000000001,62.11,1.0205,0.6338325499999999,5.76,6.03,0.9552238805970148,-0.04580953603129434,0.8125,1.4754,7.73,9.81,345.37,179.15,0.7991818072434124,False,73.9171,358.529286,14.9,0.7214285714285714,0.7121212121212122,0.009307359307359264,0.6857142857142857,9,15,9,2,0,35,0.41769222888554963,0.0,2025-09-30,True,0.8763341000575045,1.0,1.0,0.9066666666666666,1.0,0.5904697986577181,0.20733163619532516,0.8763341000575045,0.6553489367578017,0.789860371827509,0.20733163619532516,0.6733546247010723,3,0.9733333333333334,0.9066666666666666,0.9733333333333334,0.6666666666666666,0.21333333333333335,0.9866666666666667,2026-09-14,v2,SPY Top 150,True
CVX,Chevron Corp,Energy,214.06,0.61,20.5397,1.7386,2.0264,8.8287,0.048686202816983694,0.5751754285056943,0.493485984998026,0.11326695889542063,10.979999999999999,43.65,0.6372,0.2781378,13.22,12.75,1.0368627450980392,-0.03619956281910508,0.1953,1.2522,11.17,34.62,217.4,146.49,0.9528980397687209,False,31.425000000000004,221.029818,3.3,0.7583333333333333,0.7416666666666667,0.016666666666666607,0.8333333333333334,7,18,4,1,0,30,2.813694710521799,0.0,2026-06-30,True,0.8230688134943455,1.0,0.6666666666666666,0.7066666666666667,0.8333333333333334,0.5881543624161074,0.5459476972922934,0.8230688134943455,0.5522290327495738,0.6868563604103989,0.5459476972922934,0.6586746277867778,4,0.6566666666666666,0.7066666666666667,0.8133333333333334,0.66,0.86,0.98,2026-09-14,v2,SPY Top 150,True
AMAT,Applied Materials Inc,Technology,456.49,0.55,39.0924,16.0073,11.7479,37.42,0.025580419723526825,0.06247149737932068,0.08512159620017194,0.026723677177979688,40.44,49.4,0.7819,0.3862586,29.64,29.33,1.0105693828844187,-0.010513917438526452,0.2554,2.423,7.77,38.36,739.67,164.0,0.5080862299581358,False,168.7013,648.610146,42.1,0.7833333333333333,0.7833333333333333,0.0,0.8666666666666667,12,27,6,0,0,45,0.9000104539017862,0.0,2026-09-30,False,0.19848188614146062,1.0,0.5,0.96,0.9705882352941176,0.6750067114093959,0.35959268687803747,0.19848188614146062,0.7839558561647096,0.7011167159018201,0.35959268687803747,0.6328119100970636,5,0.49333333333333335,0.96,0.94,0.7866666666666666,0.52,0.9733333333333334,2026-09-14,v2,SPY Top 150,True
UNP,Union Pacific Corp,Industrials,284.4,-0.48,23.0498,7.8116,6.6492,15.584,0.043384324375916494,0.12801474729888881,0.15039403236479576,0.06416837782340863,38.65,78.25,0.364,0.28482999999999997,40.03,40.23,0.9950285856326125,-0.0049838129572145375,1.467,0.9859,4.17,7.27,315.99,213.89,0.6905974534769831,False,37.0535,332.281116,16.8,0.7419354838709677,0.7327586206896551,0.009176863181312611,0.6774193548387096,9,12,10,0,0,31,1.739336906013676,0.0,2026-06-30,True,0.49781196089706725,1.0,0.6,0.7466666666666667,0.92,0.6192214765100671,0.38361953251562136,0.49781196089706725,0.6031758039787066,0.6820538918460234,0.38361953251562136,0.6223670199799429,6,0.5933333333333334,0.7466666666666667,0.9066666666666666,0.7266666666666667,0.5866666666666667,0.9666666666666667,2026-09-14,v2,SPY Top 150,True
SNDK,Sandisk Corp,Technology,1633.35,-3.5,20.9178,16.422,11.8112,18.6945,0.047806174645517216,0.060893922786505905,0.08466540232999188,0.053491668672604235,93.13,71.47,1.2398,0.88608506,61.19,2.86,21.395104895104897,-3.063162152642688,0.0,2.2899,175.3,,2354.39,81.38,0.6827818619363751,False,1833.2903999999999,2073.938154,27.0,0.7954545454545454,0.7916666666666666,0.0037878787878787845,0.8484848484848485,11,17,5,0,0,33,1.2648324250882537,0.0,2026-06-30,False,0.4129806402146828,0.5,0.5294117647058824,1.0,0.8235294117647058,0.7303288590604027,0.35838926174496644,0.2064903201073414,0.7465923682731956,0.6792359257797078,0.35838926174496644,0.6150665929727596,7,0.5266666666666666,1.0,0.8066666666666666,0.8533333333333334,0.5133333333333333,0.96,2026-09-14,v2,SPY Top 150,True
EOG,EOG Resources Inc,Energy,147.36,-0.07,11.2412,2.1685,2.8658,5.8401,0.0889584741842508,0.4611482591653217,0.34894270360806756,0.17122994469272787,22.38,79.47,0.5085,0.40410494999999996,33.02,34.76,0.9499424626006906,-0.051353861905209186,0.2487,1.8514,18.67,24.77,153.67,101.59,0.8788402457757302,False,21.1444,161.221608,9.4,0.6597222222222222,0.6666666666666666,-0.00694444444444442,0.4722222222222222,6,11,19,0,0,36,0.586965717530179,0.0,2026-06-30,False,0.8821401188422464,1.0,1.0,0.5666666666666667,1.0,0.19689932885906042,0.2830502198565147,0.8821401188422464,0.6977935891209325,0.688504065416956,0.19689932885906042,0.5901831181053768,8,0.9733333333333334,0.5666666666666667,0.9733333333333334,0.08666666666666667,0.36,0.9533333333333334,2026-09-14,v2,SPY Top 150,True
CSCO,Cisco Systems Inc,Technology,112.13,4.37,33.3219,8.9802,6.9812,28.5186,0.030010293530681024,0.11135609451905303,0.14324184953876123,0.03506483487969255,27.389999999999997,64.52,0.5069,0.32705188,24.27,24.23,1.001650846058605,-0.001649484910075718,0.5873,0.9311,11.77,30.78,130.3656,66.13,0.716113806051473,False,64.16789999999999,137.325966,22.5,0.7214285714285714,0.7196969696969697,0.0017316017316016952,0.6857142857142857,7,17,11,0,0,35,2.407220913859974,0.0,2026-09-30,False,0.3137224458501054,1.0,0.7352941176470589,0.8933333333333333,0.5,0.574510067114094,0.49069196945151583,0.3137224458501054,0.6380720890590329,0.6116626715856441,0.49069196945151583,0.5874685311588185,9,0.7266666666666667,0.8933333333333333,0.4866666666666667,0.62,0.7866666666666666,0.9466666666666667,2026-09-14,v2,SPY Top 150,True
APH,Amphenol Corp,Technology,83.92,4.57,40.2349,14.0021,7.1331,24.1682,0.024854044622951713,0.07141785874975896,0.14019150159117355,0.0413766850654993,37.14,38.95,0.772,0.300694,27.03,21.28,1.2702067669172932,-0.23917969581491255,1.2143,1.8878,54.17,59.37,89.26,39.41,0.8928786359077231,False,34.6462,201.169194,139.7,0.782608695652174,0.7604166666666666,0.022192028985507317,0.8695652173913043,6,14,3,0,0,23,3.694949898643713,0.0,2026-06-30,True,0.2829030093923711,1.0,0.6764705882352942,0.7133333333333334,0.38235294117647056,0.9463087248322147,0.6132052765563527,0.2829030093923711,0.5315492005447151,0.636399399194994,0.38235294117647056,0.5855901075912893,10,0.6666666666666666,0.7133333333333334,0.37333333333333335,1.0,0.94,0.94,2026-09-14,v2,SPY Top 150,True
BMY,Bristol-Myers Squibb Co,Healthcare,63.64,-0.17,14.0039,5.2719,2.643,10.9023,0.07140867901084698,0.18968493332574596,0.37835792659856227,0.09172376471019876,46.760000000000005,71.66,0.5449,0.39047534000000006,25.51,13.6,1.8757352941176473,-0.6290007394117139,1.932,1.5316,3.11,99.29,68.64,42.52,0.8085758039816232,False,38.611,67.63405800000001,6.3,0.6428571428571429,0.6285714285714286,0.014285714285714346,0.42857142857142855,7,8,18,2,0,35,4.637284440412436,0.0,2026-06-30,True,0.7723960130343109,0.7996863974911799,0.6666666666666666,0.7533333333333333,0.5714285714285714,0.4877181208053691,0.6544411015968525,0.6176745850999585,0.5296143854336295,0.609138360829173,0.4877181208053691,0.5848543128244124,11,0.6566666666666666,0.7533333333333333,0.56,0.48,0.98,0.9333333333333333,2026-09-14,v2,SPY Top 150,False
COP,ConocoPhillips,Energy,137.35,0.23,17.7767,1.9381,2.6048,6.9715,0.05625341036300325,0.5159692482328053,0.38390663390663393,0.14344115326687226,14.32,46.31,0.5156,0.23877436,22.51,25.7,0.8758754863813231,-0.1325313369825331,0.3564,1.5415,9.6,1.31,138.89,85.57,0.9711177794448613,False,42.247,148.314222,8.0,0.7419354838709677,0.7419354838709677,0.0,0.7419354838709677,7,16,8,0,0,31,3.2455704051692447,0.0,2026-06-30,False,0.8355194556258385,1.0,0.8333333333333334,0.8,0.6666666666666666,0.3765369127516779,0.4730710483684332,0.8355194556258385,0.47127128150920394,0.6346013731389339,0.3765369127516779,0.5829884810614827,12,0.82,0.8,0.6566666666666666,0.28,0.74,0.9266666666666666,2026-09-14,v2,SPY Top 150,False
WDC,Western Digital Corp,Technology,447.18,-2.98,16.3556,22.4549,11.9309,35.8646,0.0611411382034288,0.044533709791626776,0.0838159736482579,0.027882647513146668,117.8,48.85,0.8777,0.42875645,30.25,11.1,2.725225225225225,-1.002551076158562,0.1187,1.3288,35.7,363.83,799.87,94.41,0.5000567005925212,False,365.8338,663.796518,48.4,0.75,0.7586206896551724,-0.008620689655172376,0.7741935483870968,7,17,7,0,0,31,2.217411658221307,0.0,2026-06-30,True,0.3594719187272379,0.5504132231404959,0.47058823529411764,0.9866666666666667,0.7058823529411765,0.48331543624161066,0.5482110622541079,0.1978580974151574,0.68552977363845,0.6069731779589873,0.47058823529411764,0.5796961894260134,13,0.46,0.9866666666666667,0.6933333333333334,0.4666666666666667,0.8666666666666667,0.92,2026-09-14,v2,SPY Top 150,False
UPS,United Parcel Service Inc,Industrials,100.28,0.31,18.6688,6.0646,0.9487,10.0726,0.053565306822077476,0.16489133660917454,1.054073995994519,0.09927923277008915,29.07,81.91,1.2509,1.0246121899999998,7.31,10.88,0.6718749999999999,-0.3976829676661096,1.625,1.179,-0.42,-20.08,122.41,82.0,0.4523632764167286,False,22.254,118.57214400000001,18.2,0.6642857142857143,0.6590909090909091,0.0051948051948051965,0.5142857142857142,9,9,13,4,0,35,0.6073221974599818,0.0,2026-06-30,True,0.7778905501245927,1.0,0.84,0.58,0.88,0.5164295302013423,0.18847489007174267,0.7778905501245927,0.580528292812997,0.6635571395510299,0.18847489007174267,0.5685406896551725,14,0.8266666666666667,0.58,0.8666666666666667,0.5133333333333333,0.17333333333333334,0.9133333333333333,2026-09-14,v2,SPY Top 150,False
LOW,Lowe's Companies Inc,Cons Discretionary,196.82,0.12,16.623,316.2831,1.2211,11.6146,0.0601576129459183,0.003161724417144008,0.8189337482597657,0.08609853115905843,264.53000000000003,33.08,1.6561,0.5478378799999999,11.38,12.14,0.9373970345963757,-0.06464835693316727,52.2337,1.1046,8.16,-2.74,293.06,195.06,0.017959183673469294,False,-23.8965,258.550212,31.4,0.7317073170731707,0.7317073170731707,0.0,0.6829268292682927,11,17,12,1,0,41,6.563798534130623,0.0,2026-09-30,False,0.6558433965880774,1.0,1.0,0.06,0.8,0.5791543624161074,0.5238185605183986,0.6558433965880774,0.7071114952051729,0.6904036565609813,0.06,0.5643229252487851,15,0.9733333333333334,0.06,0.78,0.64,0.8266666666666667,0.9066666666666666,2026-09-14,v2,SPY Top 150,False
GD,General Dynamics Corp,Industrials,355.9,0.47,21.4601,3.8011,1.7552,15.0627,0.04659810532103765,0.2630817394964616,0.5697356426618049,0.0663891599779588,17.43,15.38,0.9376,0.14420288,10.32,10.36,0.9961389961389963,-0.003868476777920206,0.2802,1.4409,9.13,10.13,400.0,306.77,0.5269762951839535,False,12.1333,426.03033600000003,19.7,0.7121212121212122,0.7045454545454546,0.007575757575757569,0.6666666666666666,7,15,10,1,0,33,0.9835280370829034,0.0,2026-06-30,True,0.719252443933295,1.0,0.8,0.4666666666666667,0.72,0.5954563758389262,0.3040499884286045,0.719252443933295,0.530344813301717,0.6273654400987426,0.3040499884286045,0.562702349764715,16,0.78,0.4666666666666667,0.7066666666666667,0.6733333333333333,0.4,0.9,2026-09-14,v2,SPY Top 150,False
TJX,TJX Companies Inc,Cons Discretionary,126.02,-0.32,22.848,16.3356,2.2228,14.6725,0.043767507002801125,0.0612159945150469,0.4498830304120929,0.06815471119441131,59.77,32.0,1.7296,0.5534720000000001,12.69,10.47,1.2120343839541545,-0.19230025684385063,0.2696,1.1474,7.66,23.31,170.0,124.87,0.02548194105916223,False,-4.624199999999999,173.91,38.0,0.7592592592592593,0.8076923076923077,-0.04843304843304841,0.7777777777777778,8,13,5,1,0,27,0.41155072386631114,0.0,2026-09-30,False,0.5772915468660149,1.0,0.8,0.24666666666666667,1.0,0.39954362416107375,0.2419995371441796,0.5772915468660149,0.721519741165043,0.6408753220705083,0.2419995371441796,0.5611001650852426,17,0.78,0.24666666666666667,0.9733333333333334,0.31333333333333335,0.29333333333333333,0.8933333333333333,2026-09-14,v2,SPY Top 150,False
MSFT,Microsoft Corp,Technology,495.63,0.65,27.5166,6.2636,11.0907,19.4546,0.03634169919248744,0.15965259595121015,0.09016563427015427,0.05140172504189241,33.22,67.94,0.4819,0.32740286,46.73,44.07,1.0603585205355117,-0.0586070778584392,0.2416,1.2303,17.79,31.56,553.72,349.2,0.7159690983766868,False,1.2247000000000001,582.19917,17.5,0.8152173913043478,0.8161764705882353,-0.0009590792838874984,0.927536231884058,23,41,5,0,0,69,4.113875052263524,0.0,2026-06-30,True,0.4079154686601495,1.0,0.7941176470588235,0.3466666666666667,0.6176470588235294,0.521510067114094,0.5941217310807684,0.4079154686601495,0.6645432677199098,0.6119104691633656,0.3466666666666667,0.5588617086640258,18,0.7666666666666667,0.3466666666666667,0.6066666666666667,0.52,0.92,0.8866666666666667,2026-09-14,v2,SPY Top 150,False
LMT,Lockheed Martin Corp,Industrials,524.19,-1.12,19.2426,13.2024,1.5709,12.7029,0.051968029268394084,0.07574380415681997,0.6365777579731364,0.07872218154909509,86.24000000000001,11.8,1.274,0.15033200000000002,11.88,10.83,1.0969529085872576,-0.09253625292159959,2.3424,1.1929,7.2,52.8,692.0,437.25,0.3412757605495586,False,17.9566,649.009578,23.8,0.6607142857142857,0.6339285714285714,0.0267857142857143,0.4642857142857143,6,7,14,1,0,28,1.291007267838419,0.0,2026-06-30,True,0.6790435115967031,1.0,0.76,0.54,0.44,0.7335033557046979,0.4318120805369128,0.6790435115967031,0.47651750802312187,0.5874724832214766,0.4318120805369128,0.5563404026845639,19,0.74,0.54,0.4266666666666667,0.8666666666666667,0.6866666666666666,0.88,2026-09-14,v2,SPY Top 150,False
GOOGL,Alphabet Inc,Comm Services,338.5,1.77,16.9524,6.7585,9.285,26.7062,0.05898869776550813,0.14796182584893097,0.10770059235325793,0.03744448854573096,50.839999999999996,60.9,0.6467,0.39384030000000003,33.11,29.71,1.1144395826321103,-0.10835166208463853,0.1533,2.724,20.05,115.31,408.61,235.84,0.5942003820107657,False,41.0751,429.654804,26.9,0.7964285714285714,0.782608695652174,0.013819875776397428,0.9,20,43,7,0,0,70,-0.5336987384061047,0.0,2026-06-30,True,0.4770409239026261,1.0,0.3181818181818182,0.79,0.8636363636363636,0.839758389261745,0.2509534829900486,0.4770409239026261,0.7558945114228306,0.6232310639372199,0.2509534829900486,0.5487755477477857,20,0.28,0.79,0.8466666666666667,0.95,0.31666666666666665,0.87,2026-09-14,v2,SPY Top 150,False
GOOG,Alphabet Inc,Comm Services,335.45,1.53,16.9524,6.7585,9.285,26.7062,0.05898869776550813,0.14796182584893097,0.10770059235325793,0.03744448854573096,50.839999999999996,60.9,0.6467,0.39384030000000003,33.11,29.71,1.1144395826321103,-0.10835166208463853,0.1533,2.724,20.05,115.31,408.61,235.84,0.5765468541992242,False,41.0751,425.65558799999997,26.9,0.7964285714285714,0.782608695652174,0.013819875776397428,0.9,20,43,7,0,0,70,-0.5336987384061047,0.0,2026-06-30,True,0.4770409239026261,1.0,0.3181818181818182,0.79,0.8636363636363636,0.839758389261745,0.2509534829900486,0.4770409239026261,0.7558945114228306,0.6232310639372199,0.2509534829900486,0.5487755477477857,21,0.28,0.79,0.8466666666666667,0.95,0.31666666666666665,0.87,2026-09-14,v2,SPY Top 150,False
BAC,Bank of America Corp,Financials,62.69,0.21,13.0256,1.3281,2.32875,,0.07677189534455227,0.7529553497477599,0.4294149221685454,,11.129999999999999,,,,32.73721,33.47932,0.9778337791807001,-0.022415583330081108,2.4313,,99.36713,25.82,65.225,46.12,0.8673122219314318,False,22.316300000000002,68.922828,9.9,0.75,0.75,0.0,0.7931034482758621,6,17,6,0,0,29,2.1898905017103685,0.0,2026-06-30,True,0.8093693693693693,1.0,0.7272727272727273,0.5866666666666667,0.6363636363636364,0.40793288590604027,0.4683962045822726,0.8093693693693693,0.4440229885057471,0.5832399472624883,0.40793288590604027,0.5481785349911987,22,0.7166666666666667,0.5866666666666667,0.63,0.3333333333333333,0.7266666666666667,0.86,2026-09-14,v2,SPY Top 150,False
NEE,Nextera Energy Inc,Utilities,82.31,-0.16,18.464,3.2044,5.9823,18.1199,0.05415944540727903,0.31207090250905006,0.16715978804138876,0.05518794253831422,16.82,,0.1318,,29.82,26.67,1.1181102362204725,-0.11163997114266946,1.929,0.5338,10.82,55.3,98.75,69.37,0.4404356705241661,False,15.4458,99.58362,21.0,0.7232142857142857,0.7241379310344828,-0.000923645320197064,0.6428571428571429,8,10,9,1,0,28,0.7237897215676752,0.0,2026-06-30,True,0.6260638297872341,1.0,0.4,0.5133333333333333,1.0,0.44842953020134224,0.3506780837769035,0.6260638297872341,0.39584150882305325,0.5936209519401374,0.3506780837769035,0.5450323783074906,23,0.3933333333333333,0.5133333333333333,0.9733333333333334,0.3933333333333333,0.49333333333333335,0.8533333333333334,2026-09-14,v2,SPY Top 150,False
CMI,Cummins Inc,Industrials,556.75,1.22,28.2301,7.6606,2.2083,18.985,0.03542318305638308,0.13053807795734015,0.4528370239550786,0.05267316302343956,21.89,25.66,1.0082,0.25870412,11.22,10.75,1.0437209302325583,-0.0427921455208786,0.599,1.7272,2.93,-7.98,737.76,400.72,0.4629420840256349,False,36.8078,767.649348,37.9,0.7142857142857143,0.7053571428571429,0.008928571428571397,0.6785714285714286,5,14,9,0,0,28,-0.8749581576565397,0.0,2026-06-30,False,0.5366982940387196,1.0,0.72,0.74,0.8,0.7210335570469799,0.07930108771117797,0.5366982940387196,0.5710254025845404,0.6501018745660727,0.07930108771117797,0.5359417171950938,24,0.7066666666666667,0.74,0.78,0.84,0.04,0.8466666666666667,2026-09-14,v2,SPY Top 150,False
WFC,Wells Fargo & Co,Financials,90.29,0.94,12.0759,1.389,1.90599,,0.08280956284831772,0.7199424046076314,0.5246617243532232,,12.55,,,,25.34514,25.21255,1.0052588889263483,-0.005245109259358108,2.5479,,72.74767,16.88,97.76,72.78,0.700960768614892,False,6.611800000000001,102.255,13.3,0.7166666666666667,0.7413793103448276,-0.02471264367816095,0.6666666666666666,6,14,10,0,0,30,2.6848089464264913,0.0,2026-06-30,True,0.8358108108108109,1.0,0.8636363636363636,0.4,0.8181818181818182,0.20202684563758389,0.4856283267762092,0.8358108108108109,0.46739080459770116,0.6146132545075845,0.20202684563758389,0.5320959727335844,25,0.8466666666666667,0.4,0.8,0.1,0.7733333333333333,0.84,2026-09-14,v2,SPY Top 150,False
BK,BK,Financials,162.66,0.04,15.7933,1.8182,2.12845,,0.06331798927393262,0.5499945000549994,0.46982545984166885,,13.48,,,,26.54159,28.68099,0.9254070379021087,-0.07752159728409598,1.1894,,284.5591,31.5,165.84,103.1103,0.9493063094515037,False,53.1784,143.663022,-11.7,,,,,0,0,0,0,0,0,,0.0,,False,0.775045045045045,1.0,0.6363636363636364,0.86,0.6818181818181818,0.352,0.3796551724137931,0.775045045045045,0.4552183908045977,0.5769846394984326,0.352,0.5319877115987461,26,0.63,0.86,0.68,0.26,0.56,0.8333333333333334,2026-09-14,v2,SPY Top 150,False
LRCX,Lam Research Corp,Technology,298.22,0.07,51.3625,41.2056,16.0622,42.9708,0.019469457288878073,0.02426854602287068,0.062257972133331674,0.02327161700503598,66.97,50.47,1.0607,0.53533529,35.29,31.37,1.1249601530124322,-0.1177476154845919,0.2995,2.6293,26.02,38.62,438.5,108.29,0.5751794312710095,False,159.105,373.541034,25.3,0.774390243902439,0.7682926829268293,0.0060975609756097615,0.8536585365853658,10,25,6,0,0,41,3.2502881658104763,0.0,2026-06-30,True,0.09553479010925818,1.0,0.11764705882352941,0.9533333333333334,0.9411764705882353,0.7008859060402685,0.5771164082388336,0.09553479010925818,0.7775435486482111,0.633842681659565,0.11764705882352941,0.530603557092358,27,0.08,0.9533333333333334,0.9133333333333333,0.8133333333333334,0.9066666666666666,0.8266666666666667,2026-09-14,v2,SPY Top 150,False
JPM,JPMorgan Chase & Co,Financials,356.23,0.76,14.5531,2.3228,2.89596,,0.06871388226563413,0.4305148958153952,0.3453086368596251,,17.810000000000002,,,,41.22809,38.1933,1.0794587008716188,-0.07645971259532333,3.3045,,108.9793,19.48,366.5,279.1,0.8824942791762016,False,16.523699999999998,380.19714600000003,6.7,0.675,0.6666666666666666,0.008333333333333415,0.6,3,15,12,0,0,30,1.463788500270821,0.0,2026-06-30,True,0.7464864864864865,1.0,0.5909090909090909,0.5333333333333333,0.7272727272727273,0.44607382550335567,0.3831659338116177,0.7464864864864865,0.4564310344827586,0.565932079414838,0.3831659338116177,0.529378850294194,28,0.58,0.5333333333333333,0.7166666666666667,0.38666666666666666,0.58,0.82,2026-09-14,v2,SPY Top 150,False
AMZN,Amazon.com Inc,Cons Discretionary,256.78,1.94,20.4738,4.6479,3.5707,16.8538,0.04884291142826441,0.21515092837625593,0.28005713165485757,0.05933380009256073,30.5,50.77,0.872,0.4427144,12.08,7.2,1.6777777777777778,-0.5174701664846593,0.2816,1.0331,15.77,89.71,287.2,196.0,0.6664473684210525,False,12.8188,326.48496600000004,27.1,0.8006756756756757,0.8033333333333333,-0.002657657657657686,0.9324324324324325,20,49,5,0,0,74,0.6841049144849262,0.0,2026-06-30,True,0.6364433582518689,0.8940397350993378,0.7,0.4866666666666667,0.6,0.5776241610738255,0.35302476278639205,0.5690056514172338,0.5779508851622241,0.5721452132993905,0.35302476278639205,0.5283211231967908,29,0.6866666666666666,0.4866666666666667,0.5866666666666667,0.6333333333333333,0.5066666666666667,0.8133333333333334,2026-09-14,v2,SPY Top 150,False
MDT,Medtronic PLC,Healthcare,90.96,-0.72,22.234,2.176,3.0993,16.7797,0.04497616263380408,0.45955882352941174,0.3226535024037686,0.0595958211410216,10.61,65.74,0.4068,0.26743032,18.08,17.4,1.0390804597701149,-0.03833614874354703,0.5605,2.0671,9.77,12.25,106.33,73.31,0.5345245305875225,False,-3.8327,100.798848,10.8,0.7426470588235294,0.7094594594594594,0.03318759936407001,0.6764705882352942,10,13,11,0,0,34,3.771075492872469,0.0,2026-09-30,False,0.6837626988690819,1.0,0.7619047619047619,0.26666666666666666,0.5238095238095238,0.6679731543624161,0.5296644295302013,0.6837626988690819,0.5247910512432268,0.5873300095877276,0.26666666666666666,0.5231973410035154,30,0.7466666666666667,0.26666666666666666,0.5133333333333333,0.7733333333333333,0.8466666666666667,0.8066666666666666,2026-09-14,v2,SPY Top 150,False
PH,Parker-Hannifin Corp,Industrials,950.23,1.7,32.8328,8.0062,5.5711,25.5229,0.030457347530518264,0.12490320001998452,0.1794977652528226,0.03918050064843728,25.11,37.84,0.7006,0.26510704,21.65,19.62,1.103465851172273,-0.09845600031128168,0.5531,1.2623,8.31,5.03,1099.94,715.37,0.610708063551499,False,26.441699999999997,1186.289172,24.8,0.7647058823529411,0.7647058823529411,0.0,0.7941176470588235,9,18,7,0,0,34,4.28790922676389,0.0,2026-06-30,False,0.36990990990990985,1.0,0.32,0.64,0.76,0.580765100671141,0.5263503818560519,0.36990990990990985,0.544712500833262,0.5671055774126359,0.32,0.5176844619301088,31,0.29333333333333333,0.64,0.74,0.6466666666666666,0.84,0.8,2026-09-14,v2,SPY Top 150,False
KLAC,KLA Corp,Technology,180.64,1.95,48.8565,62.0673,17.3802,39.604,0.020468105574488554,0.016111543437526684,0.05753673720670649,0.02524997475002525,85.38,61.57,0.8004,0.49280628000000004,41.77,38.55,1.0835278858625164,-0.08022227849974561,0.9272,2.8762,11.71,20.63,307.3743,93.75,0.40674211688464273,False,85.3459,234.468624,29.8,0.7428571428571429,0.7357142857142858,0.0071428571428571175,0.6857142857142857,10,14,11,0,0,35,1.4749887460556024,0.0,2026-06-30,True,0.09717749664558176,1.0,0.17647058823529413,0.92,0.8823529411764706,0.6943087248322148,0.39341819023374225,0.09717749664558176,0.7585433105733794,0.598698002913269,0.17647058823529413,0.5142525199776741,32,0.13333333333333333,0.92,0.8733333333333333,0.8066666666666666,0.6,0.7933333333333333,2026-09-14,v2,SPY Top 150,False
HCA,HCA Healthcare Inc,Healthcare,426.94,1.36,13.5136,256.9178,1.1848,8.9629,0.07399952640303102,0.0038922955124168117,0.8440243079000674,0.11157103169733011,695.73,85.26,1.2728,1.08518928,15.48,15.39,1.0058479532163742,-0.005830920310793144,125.7976,0.993,7.31,25.46,556.52,353.99,0.3601935515726065,False,2.9663,462.27726,8.3,0.6833333333333333,0.7,-0.016666666666666607,0.5666666666666667,6,11,12,1,0,30,0.14601096312744102,0.0,2026-06-30,True,0.6985422656699253,1.0,0.8095238095238095,0.37333333333333335,1.0,0.14461744966442955,0.2354732700763712,0.6985422656699253,0.7779645458960661,0.6039587661586273,0.14461744966442955,0.5120905028597879,33,0.7933333333333333,0.37333333333333335,0.9733333333333334,0.04666666666666667,0.2733333333333333,0.7866666666666666,2026-09-14,v2,SPY Top 150,False
TXN,Texas Instruments Inc,Technology,268.7,3.82,40.5469,15.0648,12.6145,27.2805,0.024662797895770083,0.0663799054750146,0.0792738515200761,0.03665621964406811,35.77,58.33,0.5563,0.32448978999999994,37.29,42.06,0.8865905848787445,-0.12037197608382441,0.7804,4.8573,16.66,20.26,334.03,152.73,0.6396580253723111,False,42.7697,315.719376,17.5,0.6395348837209303,0.625,0.014534883720930258,0.4883720930232558,7,14,19,2,1,43,1.6630994233063483,0.0,2026-06-30,True,0.2157695993866207,1.0,0.5588235294117647,0.8066666666666666,0.4411764705882353,0.604731543624161,0.41277019208516547,0.2157695993866207,0.6111770800598043,0.5355873277336854,0.41277019208516547,0.5110239006039815,34,0.5533333333333333,0.8066666666666666,0.43333333333333335,0.6933333333333334,0.6533333333333333,0.78,2026-09-14,v2,SPY Top 150,False
COF,Capital One Financial Corp,Financials,208.3,0.57,12.1472,1.0861,1.11745,,0.08232349841938884,0.9207255317189945,0.8948946261577698,,9.28,,,,18.32824,28.31922,0.6472014412826342,-0.4350976862894166,0.3938,,38.19094,521.95,259.64,174.24,0.3988290398126465,False,-4.259,264.384,26.9,0.7758620689655172,0.7672413793103449,0.008620689655172376,0.8275862068965517,8,16,5,0,0,29,1.3736360514667123,0.0,2026-06-30,True,0.8704504504504503,1.0,0.9545454545454546,0.26,0.2727272727272727,0.7541879194630873,0.4791205739412173,0.8704504504504503,0.37562068965517237,0.5691602154383455,0.26,0.5073281723506764,35,0.9266666666666666,0.26,0.24333333333333335,0.88,0.7466666666666667,0.7733333333333333,2026-09-14,v2,SPY Top 150,False
NOC,Northrop Grumman Corp,Industrials,518.97,0.0,16.3982,4.0449,1.7189,14.1474,0.060982302935688064,0.24722490049197754,0.5817674093897259,0.07068436603192106,26.58,20.06,0.8517,0.17085102,10.72,10.68,1.00374531835206,-0.003738322110607158,0.8494,1.1682,5.9,15.95,774.0,479.02,0.1354329107058107,False,-7.134199999999999,662.651058,27.7,0.6964285714285714,0.7053571428571429,-0.008928571428571508,0.6071428571428571,5,12,11,0,0,28,1.6843868957220978,0.0,2026-06-30,True,0.7822675867356718,1.0,0.88,0.22666666666666666,0.64,0.38495302013422816,0.4037121036797038,0.7822675867356718,0.5106871172947081,0.5722140862454679,0.22666666666666666,0.5031046023297077,36,0.86,0.22666666666666666,0.64,0.29333333333333333,0.6133333333333333,0.7666666666666667,2026-09-14,v2,SPY Top 150,False
PWR,Quanta Services Inc,Technology,650.58,5.15,73.7148,11.2108,2.9725,39.4517,0.01356579682777407,0.08919970028900702,0.33641715727502103,0.02534745017324982,14.74,15.46,1.2941,0.20006786000000001,6.19,5.39,1.1484230055658629,-0.13838970177559906,0.6334,1.0983,26.3,35.37,788.75,373.4,0.6673407969182619,False,59.8058,805.77654,23.9,0.7708333333333334,0.75,0.02083333333333337,0.7777777777777778,11,17,8,0,0,36,4.549570905131631,0.0,2026-06-30,True,0.29296530573126317,1.0,0.7058823529411765,0.8733333333333333,0.17647058823529413,0.823751677852349,0.6152233279333488,0.29296530573126317,0.3966932739098553,0.5737789327996878,0.17647058823529413,0.4943172638868091,37,0.6933333333333334,0.8733333333333333,0.13333333333333333,0.92,0.9466666666666667,0.76,2026-09-14,v2,SPY Top 150,False
CRH,CRH PLC,Industrials,88.55,1.02,15.3494,2.9747,1.5249,9.1749,0.06514912635021565,0.3361683531112381,0.6557807069316021,0.1089930135478316,16.259999999999998,36.25,0.6616,0.23983,15.09,12.76,1.182601880877743,-0.16771699486311373,0.7691,1.5788,6.29,17.98,131.55,86.84,0.03824647729814345,False,-16.5559,141.93300000000002,60.3,0.8125,0.8055555555555556,0.00694444444444442,0.9285714285714286,9,17,2,0,0,28,1.17485306331291,0.0,2026-06-30,False,0.850907609737397,1.0,0.96,0.11333333333333333,0.4,0.8335973154362416,0.340735940754455,0.850907609737397,0.44676123951280367,0.58916318753375,0.11333333333333333,0.49399721669366664,38,0.9333333333333333,0.11333333333333333,0.38666666666666666,0.9266666666666666,0.46,0.7533333333333333,2026-09-14,v2,SPY Top 150,False
CB,Chubb Limited,Financials,338.25,-0.12,11.6671,1.7534,2.1115,8.7055,0.08571110215906266,0.5703205201323144,0.47359696897939857,0.11486990982712078,15.18,,0.2249,,23.26,19.24,1.2089397089397091,-0.1897437018529581,0.2425,0.162,8.02,24.7,365.91,265.3,0.7250770301162904,False,19.672800000000002,361.746978,6.9,0.6642857142857143,0.6714285714285714,-0.0071428571428571175,0.5142857142857142,8,10,15,1,1,35,0.8488979884416739,0.0,2026-06-30,True,0.9068506804677018,1.0,1.0,0.56,0.5909090909090909,0.1675302013422819,0.32193936588752603,0.9068506804677018,0.43750040472721385,0.5650696724243126,0.1675302013422819,0.48556177820790647,39,0.9733333333333334,0.56,0.5733333333333334,0.06666666666666667,0.43333333333333335,0.7466666666666667,2026-09-14,v2,SPY Top 150,False
ACN,Accenture PLC,Technology,183.9,3.37,14.4467,3.7846,1.5395,8.2052,0.06921996026774281,0.2642287163768958,0.6495615459564793,0.12187393360308098,24.89,32.01,1.0994,0.35191794,14.49,14.67,0.9877300613496933,-0.012345835822299266,0.1612,1.3392,6.74,-0.37,291.09,118.15,0.3801896611541576,False,-21.589399999999998,198.86123999999998,8.1,0.6953125,0.6953125,0.0,0.59375,6,13,13,0,0,32,0.7184978836946156,0.0,2026-06-30,True,0.8500028752156411,1.0,1.0,0.06666666666666667,0.7647058823529411,0.3349127516778524,0.22870168942374453,0.8500028752156411,0.7123452561209039,0.5873662351216812,0.06666666666666667,0.4832263214306783,40,0.9733333333333334,0.06666666666666667,0.7533333333333333,0.23333333333333334,0.26,0.74,2026-09-14,v2,SPY Top 150,False
REGN,Regeneron Pharmaceuticals Inc,Healthcare,781.49,-1.48,18.5872,2.0614,5.1793,18.4617,0.053800464836016186,0.4851072086931212,0.19307628443998226,0.05416619271248043,13.81,85.97,0.3805,0.32711585,24.74,35.7,0.6929971988795517,-0.36672932182125173,0.0854,3.3353,9.29,1.88,859.34,541.0,0.755450147640887,False,39.73909999999999,852.181134,9.0,0.7236842105263158,0.7368421052631579,-0.013157894736842035,0.6842105263157895,8,18,12,0,0,38,2.530298006330677,0.0,2026-06-30,True,0.6710877899175772,1.0,0.7142857142857143,0.7733333333333333,0.6190476190476191,0.2116778523489933,0.4288498032862763,0.6710877899175772,0.533138745250407,0.5482820885817877,0.2116778523489933,0.4809612413352289,41,0.7,0.7733333333333333,0.6133333333333333,0.11333333333333333,0.68,0.7333333333333333,2026-09-14,v2,SPY Top 150,False
BKNG,Booking Holdings Inc,Comm Services,173.92,-0.24,18.1274,91.9014,4.6273,13.5612,0.05516510917175105,0.01088122705421245,0.21610874592094742,0.07373978703949503,139.63,98.09,0.9787,0.96000683,32.87,28.47,1.1545486476993325,-0.14370948638618175,11.2905,1.0943,12.85,57.21,225.0,150.14,0.31765963131178193,False,-8.274199999999999,242.443494,39.4,0.776595744680851,0.7771739130434783,-0.0005781683626272516,0.8297872340425532,13,26,8,0,0,47,0.42937627612718865,0.0,2026-06-30,True,0.5279193022810045,1.0,0.5454545454545454,0.20666666666666667,0.7272727272727273,0.6089261744966443,0.30507752834991897,0.5279193022810045,0.6737598396327935,0.542758985363938,0.20666666666666667,0.47554052162448374,42,0.5433333333333333,0.20666666666666667,0.7166666666666667,0.7,0.4066666666666667,0.7266666666666667,2026-09-14,v2,SPY Top 150,False
FCX,Freeport-McMoRan Inc,Materials,71.07,-0.2,34.6546,4.4959,3.9453,11.8372,0.02885619802277331,0.22242487599813165,0.2534661495957215,0.08447943770486264,15.260000000000002,27.06,0.443,0.1198758,26.76,29.35,0.9117546848381601,-0.09238431101407775,0.4668,2.0661,-24.23,53.11,80.24,35.15,0.796628964293635,False,60.934999999999995,75.06129,5.6,0.725,0.725,0.0,0.8,5,19,5,0,1,30,2.634569696508523,0.0,2026-06-30,True,0.5434569676059038,1.0,0.5434569676059038,0.88,0.43525044996143186,0.3467986577181208,0.5539967600092571,0.5434569676059038,0.43525044996143186,0.5068986224349182,0.3467986577181208,0.4748786294915588,43,0.5333333333333333,0.88,0.42,0.25333333333333335,0.88,0.72,2026-09-14,v2,SPY Top 150,False
USB,US Bancorp,Financials,62.84,0.69,11.9868,1.3955,2.0972,,0.08342510094437214,0.7165890361877464,0.4768262445164982,,12.479999999999999,,,,25.22268,35.30532,0.7144158444109839,-0.33629007103899267,1.4238,,84.11849,18.72,66.075,45.02,0.8463547850866777,False,25.3667,70.914276,12.8,0.6944444444444444,0.6574074074074074,0.03703703703703698,0.5925925925925926,6,10,10,1,0,27,2.558705280264017,0.0,2026-06-30,True,0.8295045045045045,1.0,0.8181818181818182,0.62,0.22727272727272727,0.6470067114093959,0.48245776440638743,0.8295045045045045,0.35279310344827586,0.5364972796701101,0.22727272727272727,0.4746523691906335,44,0.8033333333333333,0.62,0.19333333333333333,0.7533333333333333,0.76,0.7133333333333334,2026-09-14,v2,SPY Top 150,False
SYK,Stryker Corp,Healthcare,275.56,2.06,28.3447,5.0316,4.0909,18.7838,0.03527996415555642,0.19874393830988155,0.2444449876555281,0.053237364111628105,16.36,65.31,0.5465,0.35691915,21.32,17.04,1.251173708920188,-0.22408207789647427,0.6229,2.1571,8.48,27.71,392.55,267.0,0.06818000796495421,False,-14.2256,392.35238400000003,42.4,0.7867647058823529,0.7857142857142857,0.0010504201680672232,0.7941176470588235,12,15,7,0,0,34,1.1215459503060061,0.0,2026-06-30,True,0.51584147977765,1.0,0.5714285714285714,0.13333333333333333,0.6666666666666666,0.7404295302013423,0.3651515852811849,0.51584147977765,0.5407866897123104,0.5590491200229224,0.13333333333333333,0.4739059626850046,45,0.5666666666666667,0.13333333333333333,0.6566666666666666,0.8733333333333333,0.5333333333333333,0.7066666666666667,2026-09-14,v2,SPY Top 150,False
AMGN,Amgen Inc,Healthcare,377.35,-1.34,23.3338,16.7214,5.3552,16.3714,0.04285628573142823,0.05980360496130707,0.1867343890050792,0.061082131033387485,89.32,74.3,0.4131,0.3069333,30.32,28.53,1.0627409744128986,-0.06085139554876219,4.9028,1.3709,9.1,31.72,447.03,269.77,0.6069051111361844,False,45.6863,397.709526,5.4,0.627906976744186,0.6337209302325582,-0.005813953488372103,0.46511627906976744,6,14,20,2,1,43,3.6317970306339107,0.0,2026-06-30,False,0.4671621621621622,1.0,0.47619047619047616,0.8266666666666667,0.7619047619047619,0.16963758389261746,0.5686554038417033,0.4671621621621622,0.6089119551657477,0.5495115416404933,0.16963758389261746,0.47353675009091817,46,0.4666666666666667,0.8266666666666667,0.7466666666666667,0.07333333333333333,0.8933333333333333,0.7,2026-09-14,v2,SPY Top 150,False
PM,Philip Morris International Inc,Cons Staples,191.06,0.68,27.3854,1368.8571,6.9994,19.1003,0.03651580769315036,0.000730536445330926,0.1428693888047547,0.05235519860944592,575.44,67.51,0.6224,0.42018224,37.75,36.94,1.0219274499187874,-0.02169050092393995,186.0804,0.9798,8.93,31.96,207.76,142.11,0.7456207159177457,False,11.7864,204.59925,7.1,0.7685185185185185,0.7596153846153846,0.008903133903133909,0.7407407407407407,9,11,7,0,0,27,2.0212465868594633,0.0,2026-06-30,True,0.3130276020701553,1.0,0.125,0.4533333333333333,1.0,0.5534228187919463,0.4727192779449202,0.3130276020701553,0.6958227628108067,0.5581757887834606,0.125,0.4715406310267686,47,0.09333333333333334,0.4533333333333333,0.9733333333333334,0.5466666666666666,0.7333333333333333,0.6933333333333334,2026-09-14,v2,SPY Top 150,False
ADBE,Adobe Inc,Technology,252.23,1.37,13.8693,9.0964,3.9789,11.0412,0.07210169222671656,0.10993360010553627,0.2513257432958858,0.09056986559431945,62.39,89.4,0.855,0.76437,36.07,34.73,1.0385833573279586,-0.03785762815946502,0.5769,0.7508,11.49,11.83,370.86,190.12,0.3436428018147614,False,-14.1945,273.230868,8.3,0.6086956521739131,0.6222222222222222,-0.01352657004830915,0.391304347826087,7,11,23,5,0,46,-3.0129188221236705,0.0,2026-09-30,False,0.6746712670116926,1.0,0.9705882352941176,0.14,0.9117647058823529,0.1211275167785235,0.08533209905114558,0.6746712670116926,0.7703212867468503,0.5672017888016118,0.08533209905114558,0.4708278508515185,48,0.94,0.14,0.9,0.03333333333333333,0.04666666666666667,0.6866666666666666,2026-09-14,v2,SPY Top 150,False
HD,Home Depot Inc,Cons Discretionary,308.74,1.0,21.6509,20.4032,1.8207,14.7149,0.04618745641058801,0.04901191969887077,0.5492393035645631,0.06795832795329904,102.67999999999999,33.21,1.5787,0.52428627,12.43,14.18,0.8765867418899859,-0.13171961558136172,3.1832,1.0781,2.5,-2.94,426.75,289.1,0.14268071195059928,False,-21.2611,381.437568,23.5,0.6902173913043478,0.6902173913043478,0.0,0.6086956521739131,9,19,17,0,1,46,0.46311599854457963,0.0,2026-09-30,False,0.5963686026451984,1.0,0.9,0.07333333333333333,0.7,0.4855436241610739,0.18351307567692665,0.5963686026451984,0.6472495976535345,0.5669690195170871,0.07333333333333333,0.46824188228033636,49,0.8733333333333333,0.07333333333333333,0.6866666666666666,0.47333333333333333,0.16,0.68,2026-09-14,v2,SPY Top 150,False
LLY,Eli Lilly and Co,Healthcare,1115.7,-0.65,39.3195,33.3408,13.1835,30.6795,0.02543267335545976,0.02999328150494289,0.07585239124663405,0.03259505533010642,92.58,83.4,0.6553,0.5465202,42.22,26.78,1.5765496639283045,-0.455238702157148,1.6207,1.3546,49.58,94.62,1292.65,712.05,0.6952290733723734,False,51.0718,1322.743446,18.6,0.7631578947368421,0.7631578947368421,0.0,0.7894736842105263,11,19,7,1,0,38,3.587324693569875,0.0,2026-06-30,True,0.16397258961088748,0.9514448128848888,0.09523809523809523,0.8466666666666667,0.8571428571428571,0.5120536912751678,0.6094376301781995,0.1560108698405815,0.627962598443943,0.5594454304008111,0.09523809523809523,0.4666039633682679,50,0.06666666666666667,0.8466666666666667,0.8333333333333334,0.5,0.9266666666666666,0.6733333333333333,2026-09-14,v2,SPY Top 150,False
UNH,UnitedHealth Group Inc,Healthcare,379.09,-2.37,24.095,3.6115,0.7559,14.9159,0.04150238638721727,0.27689325764917627,1.3229263130043656,0.06704255190769581,14.399999999999999,,1.4436,,4.74,7.2,0.6583333333333333,-0.41804389031502454,0.7016,0.7385,6.46,-32.66,461.62,255.97,0.598687089715536,False,9.8559,482.64207,27.3,0.7573529411764706,0.7426470588235294,0.014705882352941124,0.7941176470588235,8,19,7,0,0,34,4.925330526420075,0.0,2026-06-30,True,0.725625838604562,1.0,0.9047619047619048,0.43333333333333335,0.14285714285714285,0.7963892617449665,0.49227956491552877,0.725625838604562,0.35795580378824665,0.5455007394672751,0.14285714285714285,0.46497202014524863,51,0.88,0.43333333333333335,0.10666666666666667,0.9066666666666666,0.8,0.6666666666666666,2026-09-14,v2,SPY Top 150,False
ISRG,Intuitive Surgical Inc,Healthcare,369.15,2.41,41.5485,7.7521,11.8187,35.3744,0.024068257578492607,0.12899730395634731,0.08461167471887772,0.028269030711474963,17.810000000000002,66.68,0.5463,0.36427284000000004,31.28,27.89,1.1215489422732163,-0.11471071403771285,0.0,4.9627,20.66,21.76,603.88,328.57,0.14739747920525947,False,-16.9735,490.3854,32.8,0.75625,0.7375,0.018749999999999933,0.725,13,16,10,1,0,40,2.196718857664023,0.0,2026-06-30,True,0.232962430515622,1.0,0.14285714285714285,0.10666666666666667,0.9047619047619048,0.8371946308724831,0.45657949548715576,0.232962430515622,0.657355612376082,0.5537353743070937,0.10666666666666667,0.46432163277900834,52,0.10666666666666667,0.10666666666666667,0.8866666666666667,0.94,0.72,0.66,2026-09-14,v2,SPY Top 150,False
PNC,PNC Financial Services Group Inc,Financials,244.24,0.52,12.7737,1.5348,2.34179,,0.07828585296351097,0.6515506906437321,0.4270237724134103,,12.34,,,,34.5423,,,,0.7078,,72.26733,22.76,258.96,176.88,0.8206627680311894,False,18.5398,280.016826,14.6,0.75,0.7592592592592593,-0.0092592592592593,0.7037037037037037,8,11,8,0,0,27,1.8742588172348609,0.0,2026-06-30,True,0.8067567567567566,1.0,0.6818181818181818,0.5466666666666666,0.5,0.3046040268456376,0.4419625086785467,0.8067567567567566,0.42533333333333334,0.5023363937921216,0.3046040268456376,0.4627899204028248,53,0.68,0.5466666666666666,0.4866666666666667,0.2,0.7066666666666667,0.6533333333333333,2026-09-14,v2,SPY Top 150,False
WMT,Walmart Inc,Cons Staples,107.15,1.34,38.626,9.0081,1.1588,18.9649,0.02588929736446953,0.11101120103018394,0.8629616845012081,0.052728988816181474,22.74,25.23,2.5443,0.64192689,4.39,3.99,1.1002506265664158,-0.09553799618530769,0.5827,0.7671,6.16,4.13,135.16,98.88,0.2279492833517092,False,2.2096999999999998,130.32081,21.6,0.78125,0.796875,-0.015625,0.875,12,30,6,0,0,48,1.8727998000694324,0.0,2026-09-30,False,0.5096933103316083,1.0,0.5,0.36,0.625,0.40577852348993293,0.3765378384633187,0.5096933103316083,0.6361716233846623,0.4861363804674844,0.36,0.4609091043739876,54,0.49333333333333335,0.36,0.62,0.32,0.5466666666666666,0.6466666666666666,2026-09-14,v2,SPY Top 150,False
QCOM,Qualcomm Inc,Technology,181.97,2.88,20.6406,7.1918,4.3366,17.2372,0.04844820402507679,0.13904724825495704,0.2305953973158696,0.05801406260877636,37.330000000000005,54.23,0.8098,0.43915454,23.0,27.9,0.8243727598566308,-0.19313247289817023,0.5521,2.0156,1.88,-16.65,259.92,121.99,0.43485826143696077,False,5.9281,197.00841,8.3,0.6122448979591837,0.609375,0.002869897959183687,0.40816326530612246,5,15,26,3,0,49,-0.4818001792575668,0.0,2026-06-30,False,0.5750488786658999,1.0,0.9117647058823529,0.3933333333333333,0.6470588235294118,0.3607248322147651,0.09589446887294609,0.5750488786658999,0.6696912550352827,0.5479212936366399,0.09589446887294609,0.4575159286839011,55,0.9,0.3933333333333333,0.6466666666666666,0.26666666666666666,0.06,0.64,2026-09-14,v2,SPY Top 150,False
BSX,Boston Scientific Corp,Healthcare,42.98,-0.28,16.9491,2.5446,2.9667,14.6692,0.05900018290056699,0.3929890749037177,0.3370748643273671,0.06817004335614757,14.940000000000001,69.5,0.4773,0.3317235,19.78,14.58,1.356652949245542,-0.30502059961405403,0.5064,1.2402,13.53,46.78,105.72,42.2,0.012279596977329882,False,-47.7932,66.68352,55.2,0.7697368421052632,0.7756410256410257,-0.005904183535762497,0.7894736842105263,11,19,8,0,0,38,1.2145447269007514,0.0,2026-06-30,True,0.7646559325282729,1.0,1.0,0.013333333333333334,0.47619047619047616,0.5564295302013422,0.406160610969683,0.7646559325282729,0.4815296260320544,0.5664004738761971,0.013333333333333334,0.45578704576762435,56,0.9733333333333334,0.013333333333333334,0.46,0.56,0.6266666666666667,0.6333333333333333,2026-09-14,v2,SPY Top 150,False
DUK,Duke Energy Corp,Utilities,119.42,0.04,17.7458,1.8024,2.8004,11.5921,0.056351362012419845,0.5548158011540169,0.35709184402228256,0.08626564643162153,9.879999999999999,45.96976,0.169,0.0776888944,27.75,24.09,1.1519302615193026,-0.14143902356566346,1.6664,0.6612,6.33,7.71,134.49,113.9,0.2680913064594461,False,-1.7943,138.83393400000003,16.3,0.6666666666666666,0.6517857142857143,0.014880952380952328,0.5555555555555556,4,11,11,1,0,27,1.6620938571337012,0.0,2026-06-30,False,0.8084330074755607,1.0,1.0,0.29333333333333333,0.2,0.617248322147651,0.37769034945614444,0.8084330074755607,0.18852592158767345,0.5194365501812852,0.2,0.4555492401450282,57,0.9733333333333334,0.29333333333333333,0.17333333333333334,0.7133333333333334,0.5533333333333333,0.6266666666666667,2026-09-14,v2,SPY Top 150,False
STX,Seagate Technology Holdings PLC,Technology,830.17,-3.73,59.2886,84.8655,15.4797,45.1851,0.016866648900463157,0.01178335130294407,0.06460073515636608,0.022131189263717464,212.44,45.58,1.3545,0.6173811,32.33,15.81,2.044908285895003,-0.7153529405159611,1.6451,1.6697,34.06,104.53,1145.0,192.99,0.6692996922301235,False,321.59680000000003,1111.99431,33.9,0.775,0.7666666666666667,0.008333333333333304,0.8666666666666667,7,19,4,0,0,30,3.784277326409649,0.0,2026-06-30,True,0.08470193597853173,0.7335292298175069,0.08823529411764706,0.98,0.5882352941176471,0.7781073825503355,0.6337097894006017,0.06213134586238416,0.6588833814244494,0.5472073566848633,0.08823529411764706,0.4554129441714201,58,0.04666666666666667,0.98,0.5666666666666667,0.8866666666666667,0.96,0.62,2026-09-14,v2,SPY Top 150,False
PGR,Progressive Corp,Financials,217.62,0.66,10.8131,3.6993,1.3894,8.7458,0.09248041727164273,0.27032141215905714,0.7197351374694113,0.11434059777264517,35.4,,0.7404,,16.56,10.22,1.6203522504892365,-0.4826435641815551,0.2443,0.08,10.49,12.3,249.71,189.2,0.469674433977855,False,-12.321299999999999,234.06572400000002,7.6,0.6129032258064516,0.6129032258064516,0.0,0.3870967741935484,3,9,18,1,0,31,-0.04697002824184976,0.0,2026-06-30,False,0.8830678550891318,0.9257246376811596,0.7727272727272727,0.16666666666666666,0.7727272727272727,0.28728859060402684,0.1820504512844249,0.8174776702002653,0.4647616966164805,0.5264319524801357,0.16666666666666666,0.45447889531744196,59,0.76,0.16666666666666666,0.76,0.15333333333333332,0.15333333333333332,0.6133333333333333,2026-09-14,v2,SPY Top 150,False
ANET,Arista Networks Inc,Technology,199.59,5.61,62.238,14.4559,23.8813,53.7627,0.016067354349432822,0.06917590741496552,0.0418737673409739,0.018600256311531973,30.78,63.0,0.5088,0.320544,43.14,37.92,1.1376582278481013,-0.12897196357418933,0.0,2.9572,32.57,24.69,214.89,114.52,0.8475640131513402,False,28.424,242.832522,21.7,0.8,0.8014705882352942,-0.0014705882352941124,0.9428571428571428,9,24,2,0,0,35,7.291434652164328,0.0,2026-06-30,False,0.1200862564692352,1.0,0.2647058823529412,0.66,0.5588235294117647,0.5443489932885905,0.6125063642675307,0.1200862564692352,0.6574835061756611,0.5005692827096124,0.2647058823529412,0.4533966026382782,60,0.23333333333333334,0.66,0.5466666666666666,0.54,0.9333333333333333,0.6066666666666667,2026-09-14,v2,SPY Top 150,False
CAT,Caterpillar Inc,Industrials,818.57,1.69,34.699,25.2892,5.0352,26.8056,0.028819274330672356,0.0395425715325119,0.19860184302510328,0.03730563762795834,54.2,34.67,0.7655,0.26539885,17.52,16.56,1.0579710144927537,-0.05635293655113178,2.3277,1.3684,18.36,18.21,1073.46,423.32,0.6079459808656597,False,87.1102,977.2591440000001,19.4,0.6764705882352942,0.6911764705882353,-0.014705882352941124,0.5294117647058824,7,11,15,1,0,34,4.974415552729205,0.0,2026-06-30,True,0.29412497603986965,1.0,0.16,0.9266666666666666,0.84,0.27501342281879193,0.577014579958343,0.29412497603986965,0.5744633079069413,0.5262215382241766,0.16,0.45297723057934136,61,0.12,0.9266666666666666,0.82,0.13333333333333333,0.9,0.6,2026-09-14,v2,SPY Top 150,False
GEV,GE Vernova Inc,Industrials,957.27,3.61,26.7583,26.4036,6.1631,34.6596,0.03737158190169032,0.03787362329379327,0.16225600752867875,0.0288520352225646,83.39,20.32,0.6043,0.12279375999999999,15.44,-1.22,,,0.2337,0.8496,12.98,744.44,1195.94,530.16,0.6415182192315779,False,44.4159,1240.2732839999999,29.6,0.7738095238095238,0.7559523809523809,0.017857142857142905,0.8333333333333334,11,24,7,0,0,42,-1.3249709086065011,0.0,2026-06-30,True,0.3048533640023002,1.0,0.2,0.8133333333333334,0.56,0.8527114093959731,0.23691275167785236,0.3048533640023002,0.49527533830433584,0.5054125279642058,0.2,0.44433002237136465,62,0.16666666666666666,0.8133333333333334,0.5533333333333333,0.9666666666666667,0.28,0.5933333333333334,2026-09-14,v2,SPY Top 150,False
SLB,SLB NV,Energy,56.06,0.09,26.8304,2.6657,2.2879,13.4627,0.03727115510763909,0.37513598679521326,0.4370820402989641,0.07427930504282201,11.93,17.07,0.6611,0.11284977,11.44,14.66,0.7803547066848567,-0.2480067105068536,0.4908,1.4392,2.5,-29.35,60.46,31.64,0.8473282442748092,False,62.314699999999995,63.040488,12.5,0.7720588235294118,0.75,0.022058823529411797,0.8529411764705882,10,19,3,2,0,34,2.4499571496668424,0.0,2026-06-30,True,0.6840674717270462,1.0,0.3333333333333333,0.8866666666666667,0.3333333333333333,0.7094496644295302,0.3829206202267994,0.6840674717270462,0.31446580769267396,0.47132802591992595,0.3333333333333333,0.4437290874026074,63,0.31,0.8866666666666667,0.31,0.8266666666666667,0.5733333333333334,0.5866666666666667,2026-09-14,v2,SPY Top 150,False
BLK,BlackRock Inc,Financials,1079.65,1.62,26.6754,2.7178,6.4258,17.8293,0.03748772277079256,0.3679446611229671,0.15562264620747612,0.05608745155446372,11.65,81.73,0.1609,0.13150357,32.57,35.1,0.9279202279202279,-0.07480951118367804,0.2212,2.3899,26.54,-3.67,1219.94,917.39,0.5363080482564867,False,1.7652999999999999,1320.606138,22.3,0.7608695652173914,0.75,0.010869565217391353,0.8695652173913043,4,16,3,0,0,23,3.9992167555497815,0.0,2026-06-30,True,0.546738547057696,1.0,0.2727272727272727,0.35333333333333333,0.5454545454545454,0.7255302013422819,0.4908585975468642,0.546738547057696,0.43725027854755305,0.4858863450520012,0.2727272727272727,0.44325453058705555,64,0.24,0.35333333333333333,0.5366666666666666,0.8466666666666667,0.7933333333333333,0.58,2026-09-14,v2,SPY Top 150,False
VRT,Vertiv Holdings Co,Technology,257.06,3.6,57.1392,27.032,8.621,41.7679,0.017501120071684587,0.03699319325244155,0.11599582415033058,0.02394183092757836,42.11,38.04,0.8775,0.333801,18.41,8.12,2.267241379310345,-0.8185638410714001,0.6179,1.3786,26.23,111.16,379.935,132.685,0.5030333670374115,False,90.0602,337.638258,31.3,0.7916666666666666,0.7794117647058824,0.01225490196078427,0.8888888888888888,10,22,4,0,0,36,1.1606471166956316,0.0,2026-06-30,True,0.15098428215449491,0.6615969581749048,0.20588235294117646,0.9333333333333333,0.4117647058823529,0.8493020134228189,0.42703540847026156,0.0998907418056354,0.5441138473845099,0.5022490472884363,0.20588235294117646,0.4429757084189844,65,0.18,0.9333333333333333,0.4066666666666667,0.96,0.6733333333333333,0.5733333333333334,2026-09-14,v2,SPY Top 150,False
TT,Trane Technologies PLC,Industrials,442.52,0.61,33.0162,12.5913,4.3838,23.0092,0.030288161569169077,0.07941991692676689,0.22811259637757197,0.043460876518957636,34.57,35.39,0.9929,0.35138731,17.94,16.35,1.0972477064220183,-0.09280495928738762,0.5354,1.0734,7.04,4.73,505.87,348.06,0.5985678981053164,False,7.0852,532.937148,20.4,0.7121212121212122,0.7121212121212122,0.0,0.5757575757575758,9,10,14,0,0,33,-1.2576880633455574,0.0,2026-06-30,True,0.3845437991182672,1.0,0.36,0.4066666666666667,0.96,0.483006711409396,0.0940615598241148,0.3845437991182672,0.6306647096915503,0.529377242922163,0.0940615598241148,0.4423141063025534,66,0.32666666666666666,0.4066666666666667,0.9333333333333333,0.4533333333333333,0.05333333333333334,0.5666666666666667,2026-09-14,v2,SPY Top 150,False
CMCSA,Comcast Corp,Comm Services,25.2,0.12,7.9851,0.977,0.7159,5.0515,0.12523324692239296,1.0235414534288638,1.396843134515994,0.19796100168266853,12.04,69.39,0.4699,0.32606360999999995,14.66,16.83,0.87106357694593,-0.13804031174420914,1.0069,0.7958,0.58,-49.0,32.86,21.28,0.3385146804835923,False,-14.154500000000002,32.014842,27.0,0.6125,0.6125,0.0,0.4,5,11,21,3,0,40,1.574690361946826,0.0,2026-06-30,True,0.9946396396396397,1.0,1.0,0.14666666666666667,0.36363636363636365,0.4722751677852349,0.3083128905345985,0.9946396396396397,0.4005963345998914,0.5144595428948124,0.14666666666666667,0.4409009676491833,67,0.9733333333333334,0.14666666666666667,0.3433333333333333,0.43333333333333335,0.41333333333333333,0.56,2026-09-14,v2,SPY Top 150,False
MCK,McKesson Corp,Healthcare,881.51,0.07,22.3814,4.0599,0.2501,15.8835,0.044679957464680495,0.24631148550456908,3.9984006397441023,0.06295841596625429,39.43,3.64,4.8493,0.17651452000000004,1.58,1.26,1.253968253968254,-0.22631312607548879,1.2917,0.8931,8.84,49.07,999.0,687.68,0.62260696389567,False,22.8964,1001.9970000000001,13.7,0.78125,0.8152173913043478,-0.03396739130434778,0.7916666666666666,8,11,5,0,0,24,1.2166907739266106,0.0,2026-06-30,False,0.7188278704236151,1.0,0.8571428571428571,0.5933333333333334,0.2857142857142857,0.28822147651006713,0.41089562601249713,0.7188278704236151,0.3958096163186013,0.47861197253722126,0.2857142857142857,0.4400324351726342,68,0.84,0.5933333333333334,0.26666666666666666,0.16,0.6466666666666666,0.5533333333333333,2026-09-14,v2,SPY Top 150,False
SHW,Sherwin-Williams Co,Materials,323.31,1.85,29.1965,22.0307,3.2153,23.3429,0.034250680732279555,0.04539120409247096,0.31101296924081734,0.0428395786299046,62.12,48.98,0.9261,0.45360377999999996,14.29,13.15,1.0866920152091253,-0.08313823331800231,3.1318,0.727,5.76,7.65,377.77,289.86,0.3805027869411899,False,-7.731300000000001,400.062564,23.7,0.6796875,0.675,0.004687499999999956,0.5625,5,13,14,0,0,32,3.1691329705456672,0.0,2026-06-30,True,0.39911635039294613,1.0,0.39911635039294613,0.22,0.6149195973678446,0.5757986577181208,0.48704929414487386,0.39911635039294613,0.6149195973678446,0.4944720924739452,0.22,0.43957767397915615,69,0.38,0.22,0.6,0.6266666666666667,0.78,0.5466666666666666,2026-09-14,v2,SPY Top 150,False
C,Citigroup Inc,Financials,138.82,0.23,13.0535,1.1259,1.09533,,0.07660780633546559,0.8881783462119194,0.9129668684323446,,8.41,,,,23.01502,28.99823,0.7936698205373225,-0.23108774737372909,3.8387,,99.23775,35.24,147.96,93.66,0.8316758747697972,False,35.0073,157.81491,13.7,0.7589285714285714,0.7589285714285714,0.0,0.7857142857142857,7,15,6,0,0,28,3.1371311729611766,0.0,2026-06-30,True,0.8623423423423423,1.0,0.9090909090909091,0.72,0.13636363636363635,0.457013422818792,0.5520620226799352,0.8623423423423423,0.3122988505747127,0.5143938061475668,0.13636363636363635,0.43878777219078074,70,0.89,0.72,0.1,0.42,0.8733333333333333,0.54,2026-09-14,v2,SPY Top 150,False
ORLY,O'Reilly Automotive Inc,Cons Discretionary,85.82,0.36,26.1944,182.0263,3.738,18.2691,0.03817609870812082,0.005493711622990744,0.2675227394328518,0.05473723390862165,423.35,51.64,1.1064,0.57134496,19.56,20.29,0.9640216855593888,-0.03664148923105213,17.5459,0.7519,8.47,-76.61,108.72,82.59,0.12361270570225757,False,-17.048499999999997,109.385616,27.5,0.7638888888888888,0.7638888888888888,0.0,0.8055555555555556,9,20,7,0,0,36,-1.0669177486446446,0.0,2026-06-30,True,0.41487061529614716,1.0,0.5,0.1,0.9,0.602751677852349,0.04638278176348067,0.41487061529614716,0.7172155053376377,0.532507752834992,0.04638278176348067,0.4352827586206897,71,0.49333333333333335,0.1,0.88,0.6866666666666666,0.03333333333333333,0.5333333333333333,2026-09-14,v2,SPY Top 150,False
VRTX,Vertex Pharmaceuticals Inc,Healthcare,515.44,0.17,30.0996,6.2265,10.5341,24.9524,0.03322303286422411,0.16060387055328035,0.09492979941333383,0.04007630528526314,23.31,86.0,0.4822,0.414692,37.95,31.29,1.2128475551294344,-0.19297094616084826,0.0,3.1854,10.23,22.46,560.25,374.17,0.7591895958727432,False,35.0534,574.514184,11.5,0.7638888888888888,0.775,-0.011111111111111183,0.8055555555555556,11,18,6,0,1,36,-0.5918047795177966,0.0,2026-06-30,False,0.35835441824803527,1.0,0.23809523809523808,0.7266666666666667,0.9523809523809523,0.28271140939597317,0.17074751214996528,0.35835441824803527,0.6684362102295993,0.5000591706064513,0.17074751214996528,0.43419683891515415,72,0.20666666666666667,0.7266666666666667,0.92,0.14,0.13333333333333333,0.5266666666666666,2026-09-14,v2,SPY Top 150,False
ADI,Analog Devices Inc,Technology,378.78,4.85,44.3878,5.2265,13.2219,33.5057,0.022528712844520342,0.19133263178035015,0.07563209523593432,0.02984566805051081,12.26,65.8,0.2887,0.18996459999999998,35.55,25.34,1.4029202841357535,-0.33855598135625675,0.2719,1.2504,33.65,114.38,445.91,223.47,0.6982107534616074,False,47.991299999999995,477.556146,26.1,0.8076923076923077,0.7894736842105263,0.018218623481781382,0.8974358974358975,13,22,4,0,0,39,1.5955163581443985,0.0,2026-09-30,False,0.26730688134943453,1.0,0.6470588235294118,0.8333333333333334,0.08823529411764706,0.8797181208053692,0.4854616986808609,0.26730688134943453,0.3671749088173395,0.5203315064141834,0.08823529411764706,0.4339122639548761,73,0.6466666666666666,0.8333333333333334,0.04666666666666667,0.9933333333333333,0.7666666666666667,0.52,2026-09-14,v2,SPY Top 150,False
SO,Southern Co,Utilities,87.17,-0.66,21.5326,2.7267,3.4675,13.2451,0.04644121007216964,0.3667436828400631,0.28839221341023796,0.07549961872692543,12.61,40.03546,0.1842,0.07374531732,25.26,22.53,1.1211717709720372,-0.11437436247819194,1.9101,0.7867,6.85,6.93,100.84,83.8,0.19776995305164338,False,-4.4405,102.108222,17.1,0.6328125,0.6363636363636364,-0.0035511363636363535,0.4375,5,9,16,2,0,32,2.1146499248146036,0.0,2026-06-30,True,0.691161587119034,1.0,0.6,0.25333333333333335,0.6,0.3071140939597315,0.40435084471187227,0.691161587119034,0.2332849089125694,0.47740877883206045,0.25333333333333335,0.4325936897323151,74,0.5933333333333334,0.25333333333333335,0.5866666666666667,0.20666666666666667,0.62,0.5133333333333333,2026-09-14,v2,SPY Top 150,False
CSX,CSX Corp,Industrials,48.95,-0.18,28.1349,6.2716,6.2485,16.4199,0.035543044403925375,0.15944894444798774,0.16003840921821239,0.060901710729054384,24.07,71.47,0.33,0.235851,34.15,38.18,0.894447354635935,-0.11154923228080248,1.3396,0.8204,2.52,6.36,53.6,31.96,0.785120147874307,False,52.099199999999996,53.9733,10.3,0.725,0.7142857142857143,0.010714285714285676,0.7,7,14,8,1,0,30,0.7421500915534914,0.0,2026-06-30,True,0.4828387962430516,1.0,0.56,0.8533333333333334,0.32,0.559261744966443,0.2519648229576487,0.4828387962430516,0.4268837575826834,0.4709804057702693,0.2519648229576487,0.4271772892077452,75,0.56,0.8533333333333334,0.29333333333333333,0.5733333333333334,0.32666666666666666,0.5066666666666667,2026-09-14,v2,SPY Top 150,False
ETN,Eaton Corporation PLC,Industrials,425.37,3.96,43.1255,8.1694,5.5025,28.7441,0.02318813694913682,0.12240801038019929,0.1817355747387551,0.03478974815701309,19.59,35.9,0.6217,0.2231903,17.53,17.02,1.0299647473560518,-0.02952457578791516,1.0176,1.2404,15.53,-1.15,478.0,311.92,0.683104527938343,False,12.287100000000002,483.330264,13.6,0.7727272727272727,0.7651515151515151,0.007575757575757569,0.8181818181818182,9,18,6,0,0,33,2.705803827377525,0.0,2026-06-30,False,0.3132049070346943,1.0,0.24,0.47333333333333333,0.6,0.5956241610738255,0.4407081694052303,0.3132049070346943,0.5081772419506899,0.472564390958883,0.24,0.4260515127671064,76,0.21333333333333335,0.47333333333333333,0.5866666666666667,0.68,0.7,0.5,2026-09-14,v2,SPY Top 150,False
NEM,Newmont Corporation,Materials,126.81,0.53,15.5425,2.8292,5.1857,8.3051,0.06433971368827408,0.35345680757811393,0.19283799679888927,0.12040794210786145,25.05,68.94,0.4538,0.31284972,50.97,14.04,3.6303418803418803,-1.2893268257542854,0.1588,2.5461,25.18,42.23,135.29,76.05,0.8568534773801487,False,58.614000000000004,136.25160000000002,7.4,0.7890625,0.7903225806451613,-0.0012600806451612545,0.84375,10,17,5,0,0,32,0.4196666916223682,0.0,2026-06-30,True,0.7488096607245543,0.5,0.3744048303622772,0.8666666666666667,0.5243511222847566,0.39166442953020136,0.28930803054848414,0.3744048303622772,0.5243511222847566,0.4593023014309758,0.28930803054848414,0.42530344725447744,77,0.34,0.8666666666666667,0.52,0.30666666666666664,0.36666666666666664,0.49333333333333335,2026-09-14,v2,SPY Top 150,False
CVS,CVS Health Corp,Healthcare,94.66,-0.66,24.7581,1.6561,0.2917,19.513,0.04039082158970196,0.6038282712396594,3.4281796366129584,0.051247886024701476,6.41,14.15,1.6348,0.23132420000000004,2.11,2.88,0.7326388888888888,-0.3111023466598795,0.7705,0.8656,7.36,5.27,110.68,69.51,0.6108817099829971,False,25.9725,114.783456,21.3,0.7727272727272727,0.7727272727272727,0.0,0.8484848484848485,8,20,5,0,0,33,2.4974326388402797,0.0,2026-06-30,True,0.7277132451600536,1.0,0.9523809523809523,0.6333333333333333,0.09523809523809523,0.5621744966442953,0.43376996065725526,0.7277132451600536,0.2824038368139874,0.5075003934274473,0.09523809523809523,0.42504793378957695,78,0.92,0.6333333333333333,0.06666666666666667,0.58,0.6933333333333334,0.4866666666666667,2026-09-14,v2,SPY Top 150,False
INTU,Intuit Inc,Technology,321.57,2.81,18.8206,4.5523,4.0067,13.9581,0.053133268864967116,0.2196691782176043,0.2495819502333591,0.0716429886589149,23.419999999999998,80.17,0.5975,0.47901575,27.43,23.58,1.1632739609838847,-0.15123840984028702,0.4038,1.5065,13.9,20.37,705.08,252.84,0.1519768264638245,False,-40.814600000000006,429.206514,33.5,0.6845238095238095,0.7439024390243902,-0.059378629500580704,0.5714285714285714,9,15,16,2,0,42,1.5152025718826476,0.0,2026-09-30,False,0.6629202606862181,1.0,0.9411764705882353,0.03333333333333333,0.5294117647058824,0.31033557046979865,0.39875028928488776,0.6629202606862181,0.6412272662343228,0.5193306378788497,0.03333333333333333,0.42213117696974645,79,0.9133333333333333,0.03333333333333333,0.5266666666666666,0.21333333333333335,0.6066666666666667,0.48,2026-09-14,v2,SPY Top 150,False
JNJ,Johnson & Johnson,Healthcare,265.58,-0.29,30.4236,7.3236,6.5356,20.6718,0.0328692199476722,0.13654486864383636,0.15300814003304977,0.04837508102826072,25.740000000000002,68.05,0.4934,0.3357587,25.73,23.93,1.075219389887171,-0.07252472437337085,0.5771,1.0889,8.06,-7.75,281.07,173.33,0.8562279561908297,False,48.8859,274.55931599999997,3.4,0.7338709677419355,0.7258064516129032,0.008064516129032251,0.7096774193548387,7,15,9,0,0,31,0.35772413699001365,0.0,2026-06-30,True,0.4051926394479586,1.0,0.2857142857142857,0.84,0.7142857142857143,0.47303355704697986,0.15450590141171025,0.4051926394479586,0.6050802931177328,0.4874968823354382,0.15450590141171025,0.42089868615069265,80,0.25333333333333335,0.84,0.7,0.44,0.12666666666666668,0.47333333333333333,2026-09-14,v2,SPY Top 150,False
GLW,Corning Inc,Technology,166.4,2.01,75.4395,17.5026,8.4494,55.3206,0.013255655193897098,0.05713436860809251,0.11835159893010154,0.018076448917763003,15.93,36.38,0.5424,0.19732512,15.31,11.09,1.3805229936880072,-0.32246240830731676,0.6707,1.8132,19.41,131.21,271.78,74.6,0.4655644588700681,False,108.6044,199.614,20.0,0.7738095238095238,0.75,0.023809523809523836,0.7619047619047619,7,9,5,0,0,21,1.6470158235621497,0.0,2026-06-30,True,0.14817232125742763,1.0,0.3235294117647059,0.9466666666666667,0.20588235294117646,0.8135570469798658,0.49571395510298544,0.14817232125742763,0.3999737117770858,0.47438222815161707,0.20588235294117646,0.420682253109529,81,0.3,0.9466666666666667,0.18666666666666668,0.9133333333333333,0.8066666666666666,0.4666666666666667,2026-09-14,v2,SPY Top 150,False
ABT,Abbott Laboratories,Healthcare,101.95,-1.36,32.5184,3.0924,3.7869,21.9383,0.03075182050777406,0.32337343163885657,0.2640682352319839,0.045582383320494295,10.52,56.78,0.4771,0.27089738,15.83,17.73,0.8928369994359842,-0.1133512461931958,0.638,1.3763,8.06,-61.21,137.49,81.97,0.35987031700288186,False,-15.5231,124.156848,21.8,0.7803030303030303,0.7571428571428571,0.02316017316017316,0.7575757575757576,12,13,8,0,0,33,2.430193871653292,0.0,2026-06-30,True,0.5115468660149511,1.0,0.5238095238095238,0.12,0.42857142857142855,0.8369530201342282,0.3712890534598473,0.5115468660149511,0.43802862135626475,0.4946077715696323,0.12,0.4196862172557059,82,0.52,0.12,0.41333333333333333,0.9333333333333333,0.54,0.46,2026-09-14,v2,SPY Top 150,False
COST,Costco Wholesale Corp,Cons Staples,904.77,0.26,45.4001,13.2328,1.3667,28.1342,0.022026383201799116,0.07556979626382927,0.7316894709885124,0.03554392874153166,28.27,12.88,3.5591,0.45841208,3.82,3.52,1.0852272727272727,-0.08178943300847807,0.1692,1.0725,9.23,12.79,1096.5,844.06,0.24049279036602766,False,-2.0307000000000004,1099.893846,21.6,0.7282608695652174,0.7333333333333333,-0.005072463768115876,0.6521739130434783,13,17,15,1,0,46,-0.7934876073053161,0.0,2026-06-30,True,0.4042399846655166,1.0,0.375,0.2866666666666667,0.875,0.41517449664429534,0.13980560055542698,0.4042399846655166,0.6936738041501205,0.48892240607883986,0.13980560055542698,0.4190990449741573,83,0.3466666666666667,0.2866666666666667,0.86,0.3466666666666667,0.11333333333333333,0.4533333333333333,2026-09-14,v2,SPY Top 150,False
META,Meta Platforms Inc,Comm Services,648.03,0.57,24.2424,5.4738,7.2328,15.6769,0.04125004125004125,0.18268844312908766,0.13825904214135604,0.06378812137603736,29.73,81.75,0.6026,0.49262550000000005,38.08,36.55,1.041860465116279,-0.04100802372737704,0.3203,2.2256,27.65,-3.69,790.8,520.26,0.4722776668884453,False,-26.924300000000002,770.959248,19.0,0.7887323943661971,0.795774647887324,-0.007042253521126862,0.8732394366197183,20,42,9,0,0,71,-3.847423073129104,0.0,2026-06-30,True,0.5094795859689476,1.0,0.45454545454545453,0.04666666666666667,1.0,0.435496644295302,0.03645915297384865,0.5094795859689476,0.7659733356188517,0.510871232108168,0.03645915297384865,0.41598881628130413,84,0.44333333333333336,0.04666666666666667,0.9733333333333334,0.36,0.02,0.44666666666666666,2026-09-14,v2,SPY Top 150,False
ADP,Automatic Data Processing Inc,Industrials,268.26,0.35,24.1468,14.8429,4.8557,16.8592,0.04141335497871354,0.0673722790020818,0.20594353028399615,0.05931479548258517,70.19999999999999,46.53,0.3292,0.15317676,26.33,25.27,1.0419469726948951,-0.04109105210811516,0.8231,1.0507,6.74,9.61,299.22,188.16,0.7212317666126415,False,-3.733699999999999,291.06312,8.5,0.5869565217391305,0.5869565217391305,0.0,0.34782608695652173,3,5,13,1,1,23,0.6835394284682381,0.0,2026-06-30,True,0.4756555491661875,1.0,0.52,0.2733333333333333,0.68,0.29056375838926174,0.24622078222633648,0.4756555491661875,0.5277883086211659,0.4563792023451362,0.24622078222633648,0.4143475183213763,85,0.5133333333333333,0.2733333333333333,0.6733333333333333,0.16666666666666666,0.30666666666666664,0.44,2026-09-14,v2,SPY Top 150,False
AVGO,Broadcom Inc,Technology,361.99,0.32,45.0071,18.7187,19.3279,39.2628,0.022218716602491605,0.05342251331556145,0.05173867828372457,0.025469401061564638,43.91,68.82,0.5032,0.34630223999999993,47.97,37.02,1.2957860615883305,-0.259117508368621,0.596,2.5037,48.69,100.1,495.0,289.96,0.35129730784237234,False,2.9109000000000003,524.380674,44.9,0.8026315789473685,0.8026315789473685,0.0,0.9122807017543859,17,35,5,0,0,57,0.5467102747121745,0.0,2026-09-30,False,0.1377621238259536,1.0,0.29411764705882354,0.36666666666666664,0.47058823529411764,0.7031677852348993,0.3403841703309419,0.1377621238259536,0.6176232322943748,0.443063731616229,0.29411764705882354,0.4132745147047479,86,0.26,0.36666666666666664,0.4533333333333333,0.82,0.4533333333333333,0.43333333333333335,2026-09-14,v2,SPY Top 150,False
CRM,Salesforce Inc,Technology,247.72,1.94,21.1006,3.9271,4.64,25.0108,0.04739201728860791,0.2546408291105396,0.21551724137931036,0.039982727461736534,20.150000000000002,77.28,0.4148,0.32055744,18.78,10.6,1.7716981132075473,-0.5719384726620955,1.0237,0.8385,11.23,59.27,269.11,146.32,0.825800146591742,False,4.3977,277.006908,11.8,0.7330508474576272,0.7327586206896551,0.00029222676797202585,0.7457627118644068,14,30,13,1,1,59,8.494069412172767,0.0,2026-09-30,False,0.5527918343875791,0.8466453674121405,0.8235294117647058,0.38666666666666666,0.14705882352941177,0.4531543624161074,0.6655172413793103,0.46801864572750296,0.3931718233675209,0.47912512535678475,0.14705882352941177,0.4127118649913102,87,0.8133333333333334,0.38666666666666666,0.11333333333333333,0.41333333333333333,1.0,0.4266666666666667,2026-09-14,v2,SPY Top 150,False
MCD,McDonald's Corp,Cons Discretionary,252.53,-0.21,20.3393,160.4594,6.4506,16.4073,0.04916590049805057,0.0062321060654595495,0.15502433882119493,0.06094848024964498,95.13000000000001,57.38,0.4616,0.26486608,46.22,43.93,1.0521283860687458,-0.05081514685854655,40.6406,1.0814,6.3,5.44,341.75,252.15,0.004241071428571378,False,-13.946299999999999,323.165886,28.0,0.6951219512195121,0.6890243902439024,0.0060975609756097615,0.6097560975609756,8,17,15,1,0,41,0.516204398254754,0.0,2026-06-30,False,0.4443923710944988,1.0,0.6,0.16,0.5,0.6302416107382549,0.21702846563295533,0.4443923710944988,0.5564044653315431,0.47460259199259425,0.16,0.4116820735940754,88,0.5933333333333334,0.16,0.4866666666666667,0.74,0.24666666666666667,0.42,2026-09-14,v2,SPY Top 150,False
AAPL,Apple Inc,Technology,332.27,1.75,37.6112,38.486,10.3877,29.1381,0.02658782490322032,0.025983474510211508,0.09626770122356247,0.03431932761573335,137.17999999999998,48.65,1.2508,0.6085141999999999,33.17,30.67,1.0815128790348876,-0.07836087483280095,0.7844,1.0033,14.24,32.61,344.5699,226.65,0.8956927541492146,False,39.579699999999995,328.890432,-1.0,0.6933962264150944,0.7175925925925926,-0.024196366177498208,0.6415094339622641,12,22,15,3,1,53,-0.3649840802328873,0.0,2026-06-30,True,0.1876423231742381,1.0,0.4411764705882353,0.7666666666666667,0.8529411764705882,0.08722147651006712,0.21235362184679474,0.1876423231742381,0.7506025435915016,0.49214047583393455,0.08722147651006712,0.41115667596916106,89,0.43333333333333335,0.7666666666666667,0.8266666666666667,0.02,0.22666666666666666,0.41333333333333333,2026-09-14,v2,SPY Top 150,False
HON,Honeywell International Inc,Industrials,202.36,0.09,7.4378,3.8268,1.6433,7.625,0.13444835838554411,0.2613149367617853,0.6085316132173066,0.13114754098360656,53.6,36.41,0.5096,0.18554536000000002,28.84,18.49,1.559762033531639,-0.44453326701771495,1.8335,1.2106,-0.11,169.74,496.36,201.08,0.004334868599295588,False,-44.9093,304.841688,50.6,0.7016129032258065,0.6875,0.014112903225806495,0.6451612903225806,5,15,11,0,0,31,-1.9505956392824528,0.0,2026-06-30,True,0.8809929078014185,0.9616851595006933,0.92,0.02666666666666667,0.28,0.7833020134228187,0.21323767646378156,0.8472378050579867,0.4082754859107315,0.5053127208207977,0.02666666666666667,0.40958350998997156,90,0.9066666666666666,0.02666666666666667,0.26,0.8933333333333333,0.23333333333333334,0.4066666666666667,2026-09-14,v2,SPY Top 150,False
T,AT&T Inc,Comm Services,26.06,2.0,8.2834,1.3023,1.4034,6.6324,0.12072337445976289,0.7678722260615833,0.7125552230297848,0.15077498341475185,19.54,59.72,0.3006,0.17951831999999998,20.12,13.9,1.4474820143884892,-0.36982550509489237,1.3034,0.971,2.63,72.22,29.79,19.89,0.6232323232323231,False,-12.2877,29.002476,11.3,0.7,0.7,0.0,0.5714285714285714,9,11,14,1,0,35,3.2129308745768217,0.0,2026-06-30,True,0.9664423998466551,1.0,0.9090909090909091,0.17333333333333334,0.18181818181818182,0.3676241610738255,0.5938532747049294,0.9664423998466551,0.3197402413126494,0.4617543385720197,0.17333333333333334,0.40407013752428245,91,0.89,0.17333333333333334,0.14333333333333334,0.2733333333333333,0.9133333333333333,0.4,2026-09-14,v2,SPY Top 150,False
V,Visa Inc,Financials,370.45,0.88,30.6147,18.3758,15.5468,24.8129,0.03266404701009646,0.05441939942750791,0.06432191833689248,0.04030161730390241,61.260000000000005,80.18,0.4609,0.36954962,60.68,63.94,0.9490147012824524,-0.05233098915136383,0.6782,0.9852,14.39,14.72,385.5699,293.89,0.8350794448946822,False,10.200099999999999,423.41679000000005,14.3,0.7794117647058824,0.7857142857142857,-0.006302521008403339,0.8823529411764706,12,33,6,0,0,51,0.43606339407454564,0.0,2026-06-30,True,0.2507188039102933,1.0,0.09090909090909091,0.44,1.0,0.39120805369127515,0.2298125433927332,0.2507188039102933,0.6763667780856878,0.47944076497443777,0.09090909090909091,0.40173443016136845,92,0.056666666666666664,0.44,0.9733333333333334,0.3,0.26666666666666666,0.3933333333333333,2026-09-14,v2,SPY Top 150,False
WM,Waste Management Inc,Industrials,213.46,-0.61,29.9065,9.018,3.3242,14.451,0.033437547021550496,0.11088933244621867,0.3008242584682029,0.06919936336585703,28.92,40.88,0.5592,0.22860096000000005,17.57,17.07,1.0292911540714704,-0.02887036539265659,2.3532,0.9074,7.17,4.83,248.13,194.11,0.3582006664198445,False,-0.6985999999999999,264.44316,23.9,0.7564102564102564,0.7564102564102564,0.0,0.717948717948718,12,16,11,0,0,39,-0.33391607077263674,0.0,2026-06-30,True,0.510984282154495,1.0,0.64,0.3,0.48,0.5583154362416107,0.1357093265447813,0.510984282154495,0.4818925092134961,0.4660194862300393,0.1357093265447813,0.3999574542929877,93,0.64,0.3,0.4666666666666667,0.5666666666666667,0.1,0.38666666666666666,2026-09-14,v2,SPY Top 150,False
PEP,PepsiCo Inc,Cons Staples,136.32,-0.24,17.8033,9.0456,1.9201,12.9568,0.05616936185987991,0.11055098611479613,0.5208062080099995,0.07717955050629785,50.2,54.17,0.8874,0.48070458000000005,14.53,13.13,1.1066260472201066,-0.10131578926748669,2.4081,0.9336,5.62,38.92,171.48,133.73,0.0686092715231789,False,-2.6198,158.34174,16.2,0.6083333333333333,0.625,-0.01666666666666672,0.4,2,10,17,1,0,30,-1.0054170413390933,0.0,2026-06-30,True,0.6958683151236343,1.0,1.0,0.28,0.375,0.1756510067114094,0.19594538301319142,0.6958683151236343,0.6187083630926873,0.45502200879426064,0.1756510067114094,0.3991478083776904,94,0.9733333333333334,0.28,0.35333333333333333,0.08,0.19333333333333333,0.38,2026-09-14,v2,SPY Top 150,False
GILD,"Gilead Sciences, Inc",Healthcare,143.72,-0.75,,13.2617,5.8511,18.4198,,0.07540511397482978,0.17090803438669652,0.054289405965319934,-16.3,79.6,0.5458,0.4344567999999999,-8.2,26.21,-0.3128576879053796,,2.219,1.2654,5.52,,157.29,108.46,0.7220970714724556,False,23.731699999999996,160.94886,12.0,0.7635135135135135,0.7702702702702703,-0.006756756756756799,0.8108108108108109,9,21,7,0,0,37,4.0254626656897345,0.0,2026-06-30,True,0.4432269503546099,1.0,0.38095238095238093,0.6,0.38095238095238093,0.321261744966443,0.5597315436241611,0.4432269503546099,0.4360796741231705,0.41773589006072226,0.321261744966443,0.3984410610418664,95,0.35333333333333333,0.6,0.36666666666666664,0.22666666666666666,0.8866666666666667,0.37333333333333335,2026-09-14,v2,SPY Top 150,False
ICE,Intercontinental Exchange Inc,Financials,157.4,1.02,21.883,2.3559,6.5815,15.2712,0.04569757345884934,0.42446623371110825,0.15194104687381296,0.06548273875006548,13.850000000000001,78.64,0.0851,0.06692263999999999,40.72,40.75,0.9992638036809816,-0.0007364674446044524,0.6716,1.0123,6.95,35.87,176.59,121.79,0.6498175182481752,False,-8.601,188.367786,19.7,0.7875,0.7857142857142857,0.0017857142857142794,0.9,5,13,2,0,0,20,1.2753151666399876,0.0,2026-06-30,True,0.6197258961088749,1.0,0.45454545454545453,0.19333333333333333,0.4090909090909091,0.6514966442953021,0.4085489470030086,0.6197258961088749,0.39995927015779603,0.4472786406064814,0.19333333333333333,0.39648957915185185,96,0.44333333333333336,0.19333333333333333,0.4,0.76,0.64,0.36666666666666664,2026-09-14,v2,SPY Top 150,False
VZ,Verizon Communications Inc,Comm Services,50.61,1.28,13.0023,1.7012,1.5139,7.8472,0.07690946986302423,0.587820362097343,0.6605456106744171,0.12743398919359772,15.52,59.41,0.3428,0.20365747999999997,20.59,21.42,0.96125116713352,-0.03951954397990472,1.59,0.6039,1.38,-10.78,51.68,38.39,0.9194883370955605,False,13.4784,52.393014,3.5,0.6736111111111112,0.6736111111111112,0.0,0.5,7,11,18,0,0,36,-0.1253362013945896,0.0,2026-06-30,True,0.9309708644815027,1.0,0.8181818181818182,0.5,0.45454545454545453,0.2921476510067114,0.11543161305253413,0.9309708644815027,0.4050579712215143,0.46665336306831334,0.11543161305253413,0.3964090130651575,97,0.8033333333333333,0.5,0.44333333333333336,0.18,0.08666666666666667,0.36,2026-09-14,v2,SPY Top 150,False
PLTR,Palantir Technologies Inc,Technology,167.23,0.83,133.2152,28.6156,65.2815,150.167,0.007506650892690924,0.03494597352493046,0.015318275468547752,0.006659252698662156,37.47,84.8,0.6331,0.5368688,42.8,2.54,16.8503937007874,-2.824374021557306,0.0,7.2282,78.92,290.0,207.52,106.37,0.6016806722689074,False,12.0209,199.380216,19.2,0.7371794871794872,0.7243589743589743,0.012820512820512886,0.717948717948718,12,16,9,1,1,39,3.681511298949538,0.0,2026-06-30,False,0.04569676059037761,0.5,0.029411764705882353,0.46,0.6764705882352942,0.6790872483221477,0.6374357787549179,0.022848380295188805,0.6825104800540905,0.48772693412472606,0.029411764705882353,0.39606390024095733,98,0.006666666666666667,0.46,0.6666666666666666,0.7933333333333333,0.9666666666666667,0.35333333333333333,2026-09-14,v2,SPY Top 150,False
MA,Mastercard Inc,Financials,569.19,0.68,30.6709,80.8784,14.2125,23.6366,0.03260419485571014,0.01236424063779699,0.07036059806508355,0.04230726923499996,232.48000000000002,,0.6449,,58.33,55.46,1.051749008294266,-0.050454500577914126,4.3919,1.0607,16.01,22.62,601.62,464.52,0.7634573304157554,False,0.09520000000000017,677.39322,19.0,0.7870370370370371,0.7884615384615384,-0.0014245014245013454,0.9074074074074074,13,36,5,0,0,54,0.9749560240375839,0.0,2026-06-30,True,0.2224506421314932,1.0,0.045454545454545456,0.32,0.9545454545454546,0.5032818791946309,0.33655635269613515,0.2224506421314932,0.6077822567589444,0.4808671014706192,0.045454545454545456,0.3937845902674045,99,0.02,0.32,0.9266666666666666,0.4866666666666667,0.44,0.3466666666666667,2026-09-14,v2,SPY Top 150,False
MS,Morgan Stanley,Financials,214.38,0.81,16.7054,2.8248,2.6142,38.2318,0.05986088330719408,0.35400736335315774,0.3825262030449086,0.026156236431452352,17.83,56.72,0.0853,0.04838216,20.3,20.12,1.0089463220675945,-0.00890654081620325,8.5222,0.354,13.96,38.56,232.25,151.84,0.7777639597065041,False,36.5046,245.933322,14.7,0.696969696969697,0.6875,0.009469696969697017,0.6060606060606061,8,12,12,0,1,33,2.5921168622841213,0.0,2026-06-30,True,0.6421084914701937,1.0,0.5,0.7333333333333333,0.18181818181818182,0.567006711409396,0.5354686415181671,0.6421084914701937,0.3125127417649916,0.44660042638839215,0.18181818181818182,0.3936439774743501,100,0.49333333333333335,0.7333333333333333,0.14333333333333334,0.6,0.8533333333333334,0.34,2026-09-14,v2,SPY Top 150,False
AMT,American Tower Corp,Real Estate,177.85,2.82,24.3667,20.4872,7.574,16.972,0.04103961554088161,0.048810964895154046,0.1320306311064167,0.05892057506481263,91.62,73.77,0.1726,0.12732701999999999,44.77,36.56,1.224562363238512,-0.20258352566692495,9.998,0.352,6.65,164.05,199.13,160.06,0.45533657537752736,False,-10.7378,219.3,23.3,0.7844827586206896,0.7586206896551724,0.025862068965517238,0.8620689655172413,8,17,4,0,0,29,0.4945093976482505,0.0,2026-06-30,True,0.3935163887291547,1.0,0.3935163887291547,0.18,0.3434139930863069,0.8610604026845639,0.34608655403841704,0.3935163887291547,0.3434139930863069,0.44352835875085606,0.18,0.39082268700068484,101,0.36666666666666664,0.18,0.32,0.9733333333333334,0.48,0.3333333333333333,2026-09-14,v2,SPY Top 150,False
MRSH,Marsh & McLennan Companies Inc,Financials,176.91,-0.21,21.2119,5.2889,3.0208,,0.047143348780637286,0.18907523303522472,0.3310381355932204,,26.529999999999998,,0.4742,,21.62,22.5,0.9608888888888889,-0.03989649699931221,1.3542,1.1392,8.33,-1.95,207.83,156.6,0.3964473941050165,False,-6.2578000000000005,208.85316,18.1,0.6129032258064516,0.6290322580645161,-0.016129032258064502,0.3870967741935484,3,9,18,1,0,31,0.0941402621867388,0.0,2026-06-30,True,0.6029279279279279,1.0,0.4090909090909091,0.23333333333333334,0.8636363636363636,0.20940268456375838,0.14935894468872946,0.6029279279279279,0.5485923587502023,0.4489813483130308,0.14935894468872946,0.3890568675881706,102,0.4066666666666667,0.23333333333333334,0.8466666666666667,0.10666666666666667,0.12,0.32666666666666666,2026-09-14,v2,SPY Top 150,False
BX,Blackstone Inc,Financials,128.51,2.47,45.35,15.5015,9.9059,22.3591,0.022050716648291068,0.06450988614005096,0.10094993892528695,0.04472451932322857,40.87,83.07,0.3348,0.27811835999999995,47.2,46.47,1.0157090596083496,-0.015586949494622828,1.4637,0.6789,17.19,20.32,190.09,101.73,0.30307831598008134,False,-19.843799999999998,150.90073800000002,17.4,0.7196969696969697,0.7196969696969697,0.0,0.6666666666666666,7,15,11,0,0,33,1.3645572754555086,0.0,2026-06-30,True,0.2514797776499904,1.0,0.13636363636363635,0.08,0.9090909090909091,0.4524026845637584,0.38059245545012726,0.2514797776499904,0.5695412012303708,0.46238758704845256,0.08,0.38591006963876207,103,0.1,0.08,0.8933333333333333,0.4066666666666667,0.5666666666666667,0.32,2026-09-14,v2,SPY Top 150,False
CEG,Constellation Energy Corp,Utilities,284.75,-0.43,29.1166,2.7892,3.2264,20.9375,0.034344669363868034,0.35852574214828625,0.3099429704934292,0.04776119402985075,14.69,43.91,0.4053,0.17796723,14.7,7.46,1.970509383378016,-0.6782920795690212,0.7724,1.4553,25.98,7.2,412.7,228.63,0.30488401151735756,False,-14.088099999999999,354.12615,24.4,0.75,0.75,0.0,0.8214285714285714,5,18,5,0,0,28,0.28702461097243437,0.0,2026-06-30,False,0.5591575618171363,0.7612244897959184,0.2,0.15333333333333332,0.8,0.5539328859060403,0.18089794029159917,0.4256444297097793,0.31615181079716975,0.4432546015582813,0.15333333333333332,0.38527034791329173,104,0.16666666666666666,0.15333333333333332,0.78,0.5533333333333333,0.14666666666666667,0.31333333333333335,2026-09-14,v2,SPY Top 150,False
HWM,Howmet Aerospace Inc,Industrials,229.61,0.75,48.9411,18.7671,10.0437,34.3179,0.020432724233823925,0.05328473765259417,0.09956490138096519,0.029139312137397684,34.410000000000004,36.03,0.7492,0.26993676,27.2,18.43,1.475854584915898,-0.3892372016202197,0.7852,1.8183,18.08,35.22,310.0,181.36,0.375077736318408,False,30.9083,338.403258,47.4,0.7857142857142857,0.7857142857142857,0.0,0.8214285714285714,9,14,5,0,0,28,2.543778965881253,0.0,2026-06-30,True,0.1790866398313207,1.0,0.08,0.6866666666666666,0.52,0.6876912751677853,0.5204813700532285,0.1790866398313207,0.49167962746050337,0.460277127208208,0.08,0.38422170176656645,105,0.04,0.6866666666666666,0.5066666666666667,0.8,0.82,0.30666666666666664,2026-09-14,v2,SPY Top 150,False
JCI,Johnson Controls International PLC,Industrials,146.01,2.24,24.712,6.6121,4.1911,25.8307,0.040466170281644544,0.15123788206469957,0.23860084464699008,0.03871362371132025,26.939999999999998,43.41,0.5516,0.23944955999999998,14.17,8.99,1.5761957730812013,-0.4550142052190601,0.7028,0.9998,5.08,70.9,157.06,104.49,0.7898040707627922,False,29.7994,166.954824,14.3,0.7019230769230769,0.7019230769230769,0.0,0.6153846153846154,5,11,10,0,0,26,7.045665528882793,0.0,2026-06-30,False,0.4711941728963006,0.9516584333098095,0.4,0.6666666666666666,0.24,0.40765100671140936,0.66294376301782,0.44841590836320494,0.4075095420392538,0.4196384324616216,0.24,0.3837107459692973,106,0.3933333333333333,0.6666666666666666,0.22,0.32666666666666666,0.9866666666666667,0.3,2026-09-14,v2,SPY Top 150,False
AEP,American Electric Power Company Inc,Utilities,123.33,-0.11,21.3755,2.4161,3.012,13.6637,0.046782531402774205,0.41389015355324693,0.33200531208499334,0.07318661855866274,10.0,41.85097,0.1921,0.08039571337,23.52,21.07,1.1162790697674418,-0.11000089521432849,1.6438,0.504,10.6,-15.36,140.58,105.7,0.5054472477064218,False,12.6822,147.246078,19.4,0.6964285714285714,0.6964285714285714,0.0,0.5714285714285714,6,10,12,0,0,28,-2.4882391142798244,0.0,2026-06-30,True,0.7216810427448725,1.0,0.8,0.48,0.4,0.4619261744966443,0.03351538995602869,0.7216810427448725,0.21650236170233028,0.4654125433927332,0.03351538995602869,0.3790331127053923,107,0.78,0.48,0.38666666666666666,0.4266666666666667,0.013333333333333334,0.29333333333333333,2026-09-14,v2,SPY Top 150,False
TMO,Thermo Fisher Scientific Inc,Healthcare,609.82,1.1,32.3685,3.572,4.8662,27.918,0.030894233591300186,0.2799552071668533,0.20549915745345443,0.03581918475535497,13.33,40.93,0.4214,0.17247902,17.58,18.55,0.947708894878706,-0.0537078967964134,0.8076,1.5505,7.23,7.52,647.0,435.27,0.8243989987247913,False,25.2757,650.820078,6.7,0.7777777777777778,0.7847222222222222,-0.00694444444444442,0.8055555555555556,11,18,7,0,0,36,3.1505493546671413,0.0,2026-06-30,True,0.445027793751198,1.0,0.42857142857142855,0.6133333333333333,0.3333333333333333,0.2947315436241611,0.4823142791020597,0.445027793751198,0.4194126265367731,0.39976964106633167,0.2947315436241611,0.3787620215778976,108,0.42,0.6133333333333333,0.31,0.19333333333333333,0.7533333333333333,0.2866666666666667,2026-09-14,v2,SPY Top 150,False
ABBV,AbbVie Inc,Healthcare,257.12,0.83,72.0065,261.0115,7.0568,29.3882,0.013887635144049495,0.0038312488147073977,0.14170728942296792,0.03402726264282943,95.59,72.79,0.4774,0.34749946000000004,26.2,25.49,1.0278540604158495,-0.02747319237902722,49.2176,0.8085,10.39,67.6,267.47,190.75,0.8650938477580811,False,16.483,282.119658,9.7,0.7692307692307693,0.7564102564102564,0.012820512820512886,0.8205128205128205,10,22,7,0,0,39,-1.5858431005586042,0.0,2026-06-30,True,0.14793559516963772,1.0,0.047619047619047616,0.52,0.8095238095238095,0.6183557046979866,0.19512149965285813,0.14793559516963772,0.6263374091744517,0.4597012706494308,0.047619047619047616,0.37728482604335417,109,0.02666666666666667,0.52,0.7933333333333333,0.72,0.18666666666666668,0.28,2026-09-14,v2,SPY Top 150,False
MO,Altria Group Inc,Cons Staples,68.98,0.28,14.4461,27.0919,4.9102,12.4031,0.06922283522888531,0.036911401562828745,0.20365769215103255,0.08062500503906281,149.65,62.86,0.68,0.42744800000000005,46.78,45.18,1.0354138999557327,-0.034801250116175866,8.6709,0.5176,-0.58,-8.27,77.06,54.7,0.6386404293381038,False,3.2180999999999997,71.10981000000001,3.1,0.6458333333333334,0.6521739130434783,-0.0063405797101449,0.5,6,6,9,2,1,24,-1.9793581876732331,0.0,2026-06-30,True,0.5864979873490512,1.0,0.625,0.38,0.75,0.15461744966442953,0.04436473038648461,0.5864979873490512,0.6649483044310487,0.4568281994908586,0.04436473038648461,0.37433550566998386,110,0.62,0.38,0.7333333333333333,0.06,0.02666666666666667,0.2733333333333333,2026-09-14,v2,SPY Top 150,False
SNPS,Synopsys Inc,Technology,397.38,0.05,70.737,2.3895,8.0872,34.4232,0.014136873206384213,0.4184975936388366,0.1236521911168266,0.029050175463059796,3.5700000000000003,72.38,0.1982,0.14345716,18.87,21.84,0.864010989010989,-0.1461697914962454,0.3222,1.3369,46.33,-55.62,539.48,366.0,0.18088540465759737,False,0.30739999999999945,559.068834,40.7,0.7734375,0.7580645161290323,0.015372983870967749,0.8125,10,16,5,1,0,32,0.875491545873812,0.0,2026-09-30,False,0.3314519838987924,1.0,0.7647058823529411,0.3333333333333333,0.058823529411764705,0.8699865771812081,0.2163295533441333,0.3314519838987924,0.32425225456865603,0.44860361118295966,0.058823529411764705,0.37064759482872073,111,0.7533333333333333,0.3333333333333333,0.03333333333333333,0.98,0.24,0.26666666666666666,2026-09-14,v2,SPY Top 150,False
ORCL,Oracle Corp,Technology,150.28,-1.74,22.8793,6.3923,6.0309,21.2911,0.0437076309152815,0.15643821472709354,0.16581273110149397,0.04696798192672055,42.480000000000004,63.96,0.2828,0.18087888000000002,32.12,28.47,1.1282051282051282,-0.12062798778861472,1.8652,1.1708,21.62,49.08,331.0,114.5,0.16526558891454965,False,-51.9635,257.924034,71.6,0.7704081632653061,0.7755102040816326,-0.005102040816326481,0.7959183673469388,15,24,9,1,0,49,0.6925718042827986,0.0,2026-09-30,False,0.48735671842054823,1.0,0.8529411764705882,0.006666666666666667,0.2647058823529412,0.5704832214765101,0.33844943300162,0.48735671842054823,0.45057863135540765,0.4581777847357411,0.006666666666666667,0.36787556112192626,112,0.8333333333333334,0.006666666666666667,0.23333333333333334,0.6066666666666667,0.44666666666666666,0.26,2026-09-14,v2,SPY Top 150,False
MDLZ,Mondelez International Inc,Cons Staples,62.44,-0.05,22.6657,2.7871,2.0086,21.7564,0.044119528626956145,0.35879588102328586,0.4978592054167082,0.04596348660624001,13.469999999999999,31.15,0.5564,0.1733186,11.22,13.68,0.8201754385964913,-0.198237012099854,0.8052,0.5992,6.93,-0.41,66.65,51.2,0.7275080906148863,False,0.032399999999999984,70.317984,12.6,0.7196969696969697,0.7132352941176471,0.0064616755793226455,0.6363636363636364,8,13,12,0,0,33,0.8102633869396869,0.0,2026-06-30,True,0.6616589994249569,1.0,0.875,0.31333333333333335,0.125,0.5101073825503355,0.2441009025688498,0.6616589994249569,0.28430945918921235,0.42621994522872786,0.125,0.36597595618298234,113,0.8533333333333334,0.31333333333333335,0.09333333333333334,0.49333333333333335,0.3,0.25333333333333335,2026-09-14,v2,SPY Top 150,False
GS,Goldman Sachs Group Inc,Financials,1029.18,0.92,14.2883,2.4257,2.2194,51.7197,0.06998733229285499,0.4122521334047904,0.4505722267279445,0.019334992275670586,16.939999999999998,41.8,0.0692,0.0289256,19.48,20.62,0.9447138700290979,-0.05687318037442489,11.0081,0.3193,6.67,41.66,1153.99,740.01,0.6985120054108895,False,30.8311,1198.3866779999998,16.4,0.6484375,0.640625,0.0078125,0.46875,6,9,16,0,1,32,6.8061131646013395,0.0,2026-06-30,True,0.680333525014376,1.0,0.5454545454545454,0.68,0.09090909090909091,0.5158859060402685,0.6402777134922472,0.680333525014376,0.2578524316963308,0.43085520186825443,0.09090909090909091,0.36286597967642176,114,0.5433333333333333,0.68,0.056666666666666664,0.5066666666666667,0.9733333333333334,0.24666666666666667,2026-09-14,v2,SPY Top 150,False
APP,Applovin Corp,Technology,323.96,3.01,24.5838,54.7219,15.8752,20.3743,0.04067719392445431,0.018274219279666826,0.06299133239266277,0.04908144083477714,193.1,88.46,0.9235,0.8169280999999999,77.44,31.36,2.4693877551020407,-0.9039702474861144,1.1113,4.3002,60.59,84.72,745.61,297.5,0.05904800160674829,False,-47.1086,536.645562,65.7,0.7635135135135135,0.7986111111111112,-0.035097597597597674,0.7837837837837838,10,19,8,0,0,37,0.011789255039797568,0.0,2026-06-30,False,0.2878723404255319,0.6074380165289257,0.38235294117647056,0.02,0.7352941176470589,0.4396241610738255,0.28117565378384635,0.17486460348162478,0.7004180546429354,0.44827765087057736,0.02,0.36262212069646194,115,0.36,0.02,0.7266666666666667,0.36666666666666664,0.35333333333333333,0.24,2026-09-14,v2,SPY Top 150,False
AXP,American Express Co,Financials,324.69,1.24,19.1583,6.7327,2.6994,23.4737,0.052196698036882185,0.14852882201791257,0.37045269319107954,0.04260086820569403,34.12,60.62,0.2675,0.1621585,18.18,18.88,0.9629237288135594,-0.03778107196802181,6.3017,0.2566,9.48,15.53,387.49,290.97,0.349357646083713,False,0.2539,383.44543799999997,18.1,0.6554054054054054,0.6458333333333334,0.009572072072072002,0.5405405405405406,5,15,16,0,1,37,0.8756622349151112,0.0,2026-06-30,True,0.5990492620279855,1.0,0.36363636363636365,0.32666666666666666,0.3181818181818182,0.5718187919463087,0.2983059476972923,0.5990492620279855,0.3988334333247626,0.3781399535741586,0.2983059476972923,0.3621731523987854,116,0.3333333333333333,0.32666666666666666,0.2866666666666667,0.6133333333333333,0.38666666666666666,0.23333333333333334,2026-09-14,v2,SPY Top 150,False
RTX,RTX Corp,Industrials,197.68,-0.22,34.4307,3.8493,2.8495,19.8524,0.029043847496565564,0.259787493830047,0.350938761186173,0.05037174346678487,11.799999999999999,20.35,0.5467,0.11125345,11.21,7.79,1.4390243902439026,-0.36396537720141175,0.5632,1.0105,11.84,24.78,226.88,154.36,0.5973524544953117,False,30.2297,229.473582,16.1,0.7083333333333334,0.7,0.008333333333333415,0.6666666666666666,7,13,9,0,1,30,2.8071139588492993,0.0,2026-06-30,True,0.5221506612995975,1.0,0.68,0.6733333333333333,0.04,0.5625771812080537,0.5260402684563759,0.5221506612995975,0.25673070403489223,0.4407548098434005,0.04,0.36060384787472044,117,0.6733333333333333,0.6733333333333333,0.013333333333333334,0.5866666666666667,0.8333333333333334,0.22666666666666666,2026-09-14,v2,SPY Top 150,False
EQIX,Equinix Inc,Real Estate,1037.72,1.36,66.7929,7.1482,10.443,27.8815,0.014971651178493521,0.13989535827201252,0.09575792396820837,0.03586607607194735,10.76,51.49,0.2449,0.12609901,21.82,16.84,1.2957244655581948,-0.2590699715907441,1.5289,1.1314,9.64,52.11,1128.68,720.62,0.7770916041758564,False,30.9847,1235.32557,19.0,0.78125,0.7692307692307693,0.012019230769230727,0.825,12,21,7,0,0,40,0.011514961386430985,0.0,2026-06-30,True,0.24586064788192444,1.0,0.24586064788192444,0.6933333333333334,0.23124405050995628,0.7334832214765101,0.2626475352927563,0.24586064788192444,0.23124405050995628,0.38626548504601677,0.23124405050995628,0.3552611981388047,118,0.22,0.6933333333333334,0.2,0.86,0.3333333333333333,0.22,2026-09-14,v2,SPY Top 150,False
DHR,Danaher Corp,Healthcare,200.14,-0.19,35.1388,2.6408,5.6038,27.6111,0.028458570013773946,0.37867312935474096,0.17845033727113746,0.036217318397311224,7.66,58.57,0.296,0.1733672,20.42,23.08,0.8847487001733103,-0.12245162890337923,0.5051,1.651,4.56,19.66,242.8,160.93,0.47893001099303745,False,8.8357,230.07211800000002,15.0,0.8046875,0.796875,0.0078125,0.84375,12,15,5,0,0,32,1.129856034931391,0.0,2026-06-30,True,0.4359277362468852,1.0,0.3333333333333333,0.4266666666666667,0.23809523809523808,0.6726711409395973,0.3409210830826198,0.4359277362468852,0.3726068098924854,0.3831009620788839,0.23809523809523808,0.3540998172821547,119,0.31,0.4266666666666667,0.21333333333333335,0.78,0.4666666666666667,0.21333333333333335,2026-09-14,v2,SPY Top 150,False
TMUS,T-Mobile US Inc,Comm Services,182.33,2.92,18.5209,3.2261,2.1215,8.7318,0.053993056492935,0.3099717925668764,0.47136460051850104,0.11452392404773358,18.22,62.69,0.4265,0.26737285,19.8,15.56,1.2724935732647815,-0.24097841895024402,1.6063,0.9242,9.68,-9.81,244.24,165.66,0.2121404937643168,False,-25.514,246.95301600000002,35.4,0.75,0.7567567567567568,-0.006756756756756799,0.8108108108108109,7,23,7,0,0,37,2.4012470553045873,0.0,2026-06-30,True,0.7902070155261645,1.0,0.7272727272727273,0.05333333333333334,0.2727272727272727,0.4831275167785235,0.3852672992362879,0.7902070155261645,0.3798824005561428,0.42338529521084484,0.05333333333333334,0.34937490283534256,120,0.7166666666666667,0.05333333333333334,0.24333333333333335,0.46,0.5933333333333334,0.20666666666666667,2026-09-14,v2,SPY Top 150,False
MAR,Marriott International Inc,Cons Discretionary,334.69,1.71,33.7363,366.336,3.244,22.9083,0.02964166194870214,0.0027297344514325647,0.3082614056720098,0.0436523006945081,309.12,19.81,0.9668,0.19152307999999998,15.8,15.05,1.0498338870431894,-0.04863194883803638,76.1214,0.5347,4.72,8.84,410.98,256.76,0.5053170794968227,False,26.980999999999998,387.099792,15.7,0.65625,0.6612903225806451,-0.005040322580645129,0.5,5,11,15,1,0,32,1.0291995111072474,0.0,2026-06-30,False,0.3285748514471919,1.0,0.4,0.6533333333333333,0.3,0.2931275167785235,0.30188845174728074,0.3285748514471919,0.5038374853583979,0.35924210445113014,0.2931275167785235,0.3460191869166088,121,0.3933333333333333,0.6533333333333333,0.28,0.18666666666666668,0.3933333333333333,0.2,2026-09-14,v2,SPY Top 150,False
PG,Procter & Gamble Co,Cons Staples,145.27,1.61,21.0306,6.2872,3.8769,15.6636,0.04754976082470305,0.15905331467107775,0.25793804328200365,0.06384228402155315,29.830000000000002,50.87,0.6829,0.34739122999999994,22.89,22.46,1.0191451469278718,-0.01896418465417827,0.6286,0.6773,3.26,1.72,167.25,137.62,0.2581842726965915,False,-8.525500000000001,163.24488000000002,12.4,0.6621621621621622,0.6959459459459459,-0.03378378378378377,0.5135135135135135,6,13,17,1,0,37,-0.8288154760384036,0.0,2026-06-30,True,0.612159286946521,1.0,0.75,0.2,0.5,0.1470469798657718,0.10196713723675076,0.612159286946521,0.6244478616118618,0.402204466558667,0.10196713723675076,0.3421570006942838,122,0.7333333333333333,0.2,0.4866666666666667,0.05333333333333334,0.07333333333333333,0.19333333333333333,2026-09-14,v2,SPY Top 150,False
PLD,Prologis Inc,Real Estate,135.75,1.0,31.1946,2.3509,14.2848,26.4927,0.03205683034884243,0.4253690076141052,0.07000448028673835,0.037746247079384135,7.9,74.31,0.0928,0.06895968,38.37,36.59,1.0486471713582945,-0.04750092522774551,0.6783,0.2736,7.35,21.55,153.35,111.0,0.5844155844155845,False,21.2088,161.888586,19.3,0.717391304347826,0.73,-0.012608695652173929,0.6521739130434783,5,10,8,0,0,23,1.0814942485960324,0.0,2026-06-30,True,0.39531723212574277,1.0,0.39531723212574277,0.5733333333333334,0.278545434200878,0.3146375838926174,0.3411062254107845,0.39531723212574277,0.278545434200878,0.3538197222151736,0.278545434200878,0.33876486461231453,123,0.37333333333333335,0.5733333333333334,0.25333333333333335,0.22,0.47333333333333333,0.18666666666666668,2026-09-14,v2,SPY Top 150,False
PANW,Palo Alto Networks Inc,Technology,330.65,-2.32,877.7842,9.8371,23.4738,173.3805,0.0011392321711874056,0.10165597584654014,0.04260068672306998,0.005767661299857826,1.68,70.37,0.3206,0.22560622,6.05,6.05,1.0,-0.0,0.0645,0.871,24.49,-67.95,398.88,139.57,0.7368786394662759,False,80.18900000000001,370.72104,12.1,0.753968253968254,0.7579365079365079,-0.003968253968253954,0.7777777777777778,16,33,13,1,0,63,1.3093020507950246,0.0,2026-09-30,False,0.1052242668200115,1.0,0.23529411764705882,0.9133333333333333,0.3235294117647059,0.3407046979865772,0.27930571626938205,0.1052242668200115,0.478399475283071,0.3572524833122325,0.23529411764705882,0.3328608101791978,124,0.2,0.9133333333333333,0.3,0.24,0.3466666666666667,0.18,2026-09-14,v2,SPY Top 150,False
AMD,Advanced Micro Devices Inc,Technology,516.13,2.49,130.9558,13.086,20.3987,109.7388,0.0076361642630566945,0.07641754546843955,0.049022731840754556,0.009112547248557484,10.07,53.2,0.5197,0.2764804,15.71,9.46,1.660676532769556,-0.5072250692037429,0.048,2.6092,39.54,124.33,584.73,149.85,0.8422553348050036,False,221.907,614.072946,19.0,0.7796610169491526,0.7763157894736842,0.003345227475468393,0.8305084745762712,17,32,10,0,0,59,0.4165501684478027,0.0,2026-06-30,False,0.10722733371669542,0.9032463399108848,0.14705882352941177,0.9666666666666667,0.23529411764705882,0.6281140939597315,0.31845869011802824,0.09685269671800814,0.4429840156558009,0.3774112301527878,0.14705882352941177,0.33134074882811265,125,0.11333333333333333,0.9666666666666667,0.20666666666666667,0.7333333333333333,0.4266666666666667,0.17333333333333334,2026-09-14,v2,SPY Top 150,False
XOM,Exxonmobil Holdings Corp,Energy,165.99,0.46,20.8368,2.1848,1.8904,10.4665,0.04799201412884896,0.4577077993409008,0.5289885738468049,0.09554292265800411,12.68,28.84,0.7882,0.22731688,11.53,12.88,0.8951863354037266,-0.11072338639524001,0.1633,1.1347,9.62,10.18,176.41,110.39,0.8421690396849442,False,44.8889,170.05735800000002,2.5,0.6583333333333333,0.6833333333333333,-0.025000000000000022,0.4666666666666667,5,9,16,0,0,30,-1.4476239329977831,0.0,2026-06-30,True,0.8052558941920644,1.0,0.5,0.82,0.5,0.06637583892617449,0.11079842629021061,0.8052558941920644,0.4571984448951994,0.3868949317287665,0.06637583892617449,0.3227911131682481,126,0.49333333333333335,0.82,0.4866666666666667,0.013333333333333334,0.08,0.16666666666666666,2026-09-14,v2,SPY Top 150,False
BA,Boeing Co,Industrials,210.45,2.76,68.3094,27.9744,1.7696,30.164,0.014639273657798196,0.035746968657057884,0.5650994575045207,0.03315210184325686,132.92,4.68,0.5794,0.027115919999999998,4.89,-4.44,,,7.5246,1.1375,24.78,,254.35,176.77,0.43413250837844786,False,-5.6216,275.651634,31.0,0.8108108108108109,0.7972972972972973,0.013513513513513598,0.8648648648648649,14,18,5,0,0,37,-0.30552127747797514,0.0,2026-06-30,True,0.31890454284071307,1.0,0.28,0.24,0.2,0.8707919463087248,0.18389261744966445,0.31890454284071307,0.39691010770505386,0.35574228187919466,0.18389261744966445,0.3213723489932886,127,0.24666666666666667,0.24,0.17333333333333334,0.9866666666666667,0.16666666666666666,0.16,2026-09-14,v2,SPY Top 150,False
HLT,Hilton Worldwide Holdings Inc,Cons Discretionary,306.19,-0.02,43.5054,245.967,5.5196,26.1495,0.02298565235579951,0.004065586033898856,0.18117254873541563,0.038241648979904015,171.01,37.9,0.7484,0.2836436,23.35,21.09,1.1071597913703177,-0.10179798962422312,73.65,0.6491,8.74,4.49,358.0,253.54,0.5040206777713958,False,13.243400000000001,356.43818400000004,16.4,0.696969696969697,0.6774193548387096,0.019550342130987386,0.6363636363636364,5,16,12,0,0,33,-0.4876022185668842,0.0,2026-06-30,True,0.23319915660341192,1.0,0.2,0.49333333333333335,0.4,0.6611879194630872,0.1228835917611664,0.23319915660341192,0.527551919359293,0.37000345599012574,0.1228835917611664,0.3205794831443339,128,0.16666666666666666,0.49333333333333335,0.38666666666666666,0.7666666666666667,0.09333333333333334,0.15333333333333332,2026-09-14,v2,SPY Top 150,False
SBUX,Starbucks Corp,Cons Discretionary,98.74,-0.48,56.7729,64.1154,2.9361,24.1386,0.01761403768347222,0.015596876881373276,0.3405878546371036,0.041427423297125766,115.68,22.34,1.2458,0.27831172,9.17,14.65,0.625938566552901,-0.4685030491947028,8.0719,0.7597,4.49,-24.99,110.51,77.99,0.6380688806888067,False,26.956500000000002,113.32557,14.8,0.6358695652173914,0.6329787234042553,0.002890841813136036,0.4782608695652174,8,14,20,3,1,46,1.9572762913530979,0.0,2026-06-30,True,0.2999971247843588,1.0,0.3,0.6466666666666666,0.2,0.44216107382550335,0.3507428835917612,0.2999971247843588,0.44549173880334064,0.3407103139705315,0.2,0.31256825117642517,129,0.26666666666666666,0.6466666666666666,0.17333333333333334,0.37333333333333335,0.5,0.14666666666666667,2026-09-14,v2,SPY Top 150,False
DE,Deere & Co,Industrials,675.74,-0.32,37.389,5.8352,3.7972,20.2879,0.026745834336302118,0.17137373183438442,0.2633519435373433,0.04929046377397365,18.11,36.58,0.4526,0.16556107999999997,19.46,21.77,0.8938906752411576,-0.112171798488597,2.2807,0.9375,7.99,-5.93,705.88,433.0,0.8895485194957491,False,38.6445,670.16601,-0.8,0.7132352941176471,0.6985294117647058,0.014705882352941235,0.6470588235294118,7,15,12,0,0,34,0.7878299767381549,0.0,2026-09-30,False,0.45559708644815033,1.0,0.44,0.76,0.12,0.5227785234899329,0.22635501041425596,0.45559708644815033,0.3342604586273558,0.36050895626012497,0.12,0.3124071650081,130,0.4266666666666667,0.76,0.08666666666666667,0.5266666666666666,0.25333333333333335,0.14,2026-09-14,v2,SPY Top 150,False
DIS,Walt Disney Co,Comm Services,106.55,0.69,21.3928,1.5566,1.861,11.8116,0.04674469915111626,0.6424257998201208,0.537345513164965,0.08466253513495207,7.870000000000001,37.6,0.4885,0.183676,13.66,8.2,1.6658536585365855,-0.5103376998724367,0.4184,0.7091,4.58,-24.0,117.17,92.19,0.5748598879103282,False,-8.0641,131.07030600000002,23.0,0.7894736842105263,0.7916666666666666,-0.002192982456140302,0.8947368421052632,11,23,3,1,0,38,1.877421621806558,0.0,2026-06-30,False,0.8056411730879817,0.9004392386530014,0.6363636363636364,0.21333333333333335,0.09090909090909091,0.5375838926174497,0.3487664892386022,0.7254309245228531,0.25757777904751017,0.36752872160625,0.09090909090909091,0.3122047954668182,131,0.63,0.21333333333333335,0.056666666666666664,0.5333333333333333,0.4866666666666667,0.13333333333333333,2026-09-14,v2,SPY Top 150,False
WMB,Williams Companies Inc,Energy,72.85,0.04,28.993,6.8929,7.3005,17.115,0.034491084054771845,0.14507681817522378,0.13697691938908294,0.058428279287175,23.86,82.37,0.2082,0.17149434000000002,38.18,33.0,1.156969696969697,-0.14580425683112133,2.3346,0.4771,8.72,26.31,80.08,56.19,0.6973629133528672,False,25.7192,86.63931,18.9,0.7592592592592593,0.7586206896551724,0.0006385696040869249,0.8148148148148148,7,15,4,1,0,27,2.479330067855023,0.0,2026-06-30,False,0.4326384895533832,1.0,0.16666666666666666,0.6266666666666667,0.16666666666666666,0.5627114093959732,0.49800046285582045,0.4326384895533832,0.3114570274928816,0.34157568464090104,0.16666666666666666,0.3065938810460542,132,0.12666666666666668,0.6266666666666667,0.12666666666666668,0.5933333333333334,0.8133333333333334,0.12666666666666668,2026-09-14,v2,SPY Top 150,False
UBER,Uber Technologies Inc,Comm Services,71.67,-1.23,15.2824,5.3774,2.6507,20.7177,0.06543474846882688,0.18596347677316177,0.3772588372882635,0.04826790618649753,35.730000000000004,36.77,0.8807,0.32383339000000005,12.13,0.29,41.827586206896555,-3.733556078957576,0.4658,0.8425,16.68,-22.8,101.99,65.41,0.1711317659923457,False,-19.041800000000002,104.383638,45.6,0.7758620689655172,0.775,0.0008620689655172153,0.8620689655172413,15,35,7,1,0,58,0.357013569685265,0.0,2026-06-30,False,0.6778282537857007,0.5,0.09090909090909091,0.08666666666666667,0.5454545454545454,0.7209395973154362,0.1387364036102754,0.33891412689285033,0.46858767819901154,0.3600286830349316,0.08666666666666667,0.3053562797612786,133,0.056666666666666664,0.08666666666666667,0.5366666666666666,0.8333333333333334,0.10666666666666667,0.12,2026-09-14,v2,SPY Top 150,False
NOW,ServiceNow Inc,Technology,132.53,1.04,82.0575,8.1806,9.3019,51.6358,0.01218657648600067,0.12224042246290003,0.10750491835001451,0.01936640857699503,13.77,74.79,0.5673,0.42428367,11.4,8.77,1.2998859749144813,-0.2622765490163582,0.6006,0.7006,22.19,0.87,194.73,81.24,0.4519340911093489,False,-18.9309,148.806678,12.3,0.7909090909090909,0.7870370370370371,0.0038720538720538045,0.9090909090909091,16,34,3,2,0,55,0.9298564235210325,0.0,2026-06-30,True,0.18540061337933678,1.0,0.4117647058823529,0.09333333333333334,0.29411764705882354,0.5880000000000001,0.2636380467484378,0.18540061337933678,0.46193102495976535,0.35765551093383435,0.09333333333333334,0.3047910754137342,134,0.41333333333333333,0.09333333333333334,0.2733333333333333,0.6533333333333333,0.34,0.11333333333333333,2026-09-14,v2,SPY Top 150,False
EMR,Emerson Electric Co,Industrials,152.19,2.57,32.9548,3.9344,4.5552,21.1908,0.030344593200383557,0.2541683611224075,0.2195293291183702,0.04719029012590369,12.68,53.16,0.4432,0.23560511999999997,19.86,15.2,1.306578947368421,-0.2674122307647958,0.6435,0.8963,4.82,-1.79,166.35,122.64,0.6760466712422787,False,10.8718,173.95406400000002,14.3,0.7132352941176471,0.7132352941176471,0.0,0.6764705882352942,7,16,10,1,0,34,0.4722098507280315,0.0,2026-06-30,False,0.47174813110983327,1.0,0.48,0.44666666666666666,0.16,0.4136912751677852,0.19100671140939599,0.47174813110983327,0.34201857459836776,0.3240559284116331,0.16,0.29124474272930645,135,0.47333333333333333,0.44666666666666666,0.12,0.34,0.18,0.10666666666666667,2026-09-14,v2,SPY Top 150,False
NFLX,Netflix Inc,Comm Services,77.4,1.83,23.6115,9.8602,6.6629,18.6855,0.04235224361010525,0.10141782113953063,0.15008479791081963,0.05351743330389874,47.96,49.12,0.8412,0.41319743999999997,35.46,23.1,1.535064935064935,-0.4285726831183139,0.4746,1.1416,16.02,35.26,125.35,65.08,0.20441347270615576,False,-31.184200000000004,98.46427200000001,27.2,0.7456896551724138,0.7629310344827587,-0.017241379310344862,0.7413793103448276,14,29,15,0,0,58,-0.06866525735797707,0.0,2026-06-30,True,0.4421918727237876,0.9771573604060914,0.18181818181818182,0.04,0.6363636363636364,0.37828187919463085,0.23800509141402454,0.43209104314380264,0.6110312020874401,0.35172077591466616,0.04,0.2893766207317329,136,0.14333333333333334,0.04,0.63,0.2866666666666667,0.2866666666666667,0.1,2026-09-14,v2,SPY Top 150,False
INTC,Intel Corp,Technology,102.94,2.61,,7.5624,9.5412,34.6814,,0.13223315349624457,0.10480861946086446,0.02883389943889232,-10.76,38.6,0.277,0.10692200000000002,9.36,2.79,3.354838709677419,-1.2104036946562262,0.5773,1.604,7.47,,142.35,24.05,0.6668639053254438,False,303.2813,116.78653200000001,13.5,0.5954545454545455,0.5909090909090909,0.004545454545454519,0.34545454545454546,4,15,34,2,0,55,2.2949705398278684,0.0,2026-06-30,True,0.34929078014184395,0.5,0.35294117647058826,0.9733333333333334,0.029411764705882353,0.42483221476510064,0.4557046979865772,0.17464539007092197,0.21054457236998733,0.34771430451375185,0.029411764705882353,0.28405379655217794,137,0.32,0.9733333333333334,0.006666666666666667,0.35333333333333333,0.7133333333333334,0.09333333333333334,2026-09-14,v2,SPY Top 150,False
MRK,Merck & Co Inc,Healthcare,143.93,-0.54,111.913,7.5686,5.3343,41.9613,0.008935512406958977,0.1321248315408398,0.18746602178355173,0.023831482818692462,6.6000000000000005,77.28,0.5073,0.39204144,9.58,24.53,0.39054219323277617,-0.9402192662876289,1.2855,1.3227,4.64,-80.7,156.92,77.58,0.836274262667003,False,71.6231,148.689378,3.3,0.7361111111111112,0.7361111111111112,0.0,0.7222222222222222,8,18,10,0,0,36,1.5100818466873418,0.0,2026-06-30,True,0.2556018784742189,1.0,0.19047619047619047,0.9,0.19047619047619047,0.34218120805369123,0.2933256190696598,0.2556018784742189,0.36968525078802766,0.307196989233092,0.19047619047619047,0.28385282948171175,138,0.15333333333333332,0.9,0.15333333333333332,0.24666666666666667,0.37333333333333335,0.08666666666666667,2026-09-14,v2,SPY Top 150,False
SPGI,S&P Global Inc,Financials,410.71,0.07,24.5992,3.8129,7.5105,16.3215,0.04065172851149631,0.2622675653701907,0.13314692763464483,0.06126887847317955,15.5,63.58,0.2636,0.16759688,44.43,41.74,1.0644465740297075,-0.06245501529876226,0.4798,0.9544,9.67,26.22,522.47,361.03,0.3077304261645193,False,-15.428700000000001,537.459216,30.9,0.7867647058823529,0.8014705882352942,-0.014705882352941235,0.8529411764705882,10,19,5,0,0,34,-0.21055450800248943,0.0,2026-06-30,True,0.519391412689285,1.0,0.18181818181818182,0.12666666666666668,0.45454545454545453,0.47953020134228186,0.21138625318213378,0.519391412689285,0.4252740146082717,0.32209882673062495,0.12666666666666668,0.2830123947178333,139,0.14333333333333334,0.12666666666666668,0.44333333333333336,0.44666666666666666,0.22,0.08,2026-09-14,v2,SPY Top 150,False
LIN,Linde PLC,Materials,466.22,1.0,29.6684,6.1393,6.0627,18.0287,0.03370589583529951,0.1628850194647598,0.16494301218928858,0.05546711632008963,18.75,48.35,0.4081,0.19731635000000003,26.45,21.82,1.2121906507791016,-0.19242917789938352,0.7168,0.879,6.63,10.12,548.2,387.78,0.48896646303453445,False,1.1795,556.3616519999999,19.3,0.7016129032258065,0.7413793103448276,-0.03976640711902113,0.7096774193548387,5,17,7,2,0,31,-1.9474597995289649,0.0,2026-06-30,True,0.46563542265669927,1.0,0.46563542265669927,0.34,0.38040762220381114,0.24483892617449665,0.09797269150659571,0.46563542265669927,0.38040762220381114,0.3281948312862068,0.09797269150659571,0.28215040333028457,140,0.4533333333333333,0.34,0.36,0.12666666666666668,0.06666666666666667,0.07333333333333333,2026-09-14,v2,SPY Top 150,False
KO,Coca-Cola Co,Cons Staples,88.29,0.52,26.5348,10.0141,7.5779,25.262,0.0376863590454799,0.09985919853007261,0.13196268095382627,0.039585147652600745,42.99,61.89,0.474,0.29335859999999997,30.35,26.86,1.1299329858525688,-0.12215832641041573,1.2045,1.3046,6.52,17.61,92.49,65.35,0.8452468680913785,False,30.9965,96.1299,8.9,0.75,0.7714285714285715,-0.021428571428571463,0.7714285714285715,8,19,8,0,0,35,0.9435033891402996,0.0,2026-06-30,True,0.3612833045811769,1.0,0.25,0.7,0.25,0.2016241610738255,0.3125109928257348,0.3612833045811769,0.5594326819605938,0.2947014811386253,0.2016241610738255,0.2760860171256654,141,0.22666666666666666,0.7,0.22666666666666666,0.09333333333333334,0.42,0.06666666666666667,2026-09-14,v2,SPY Top 150,False
CME,CME Group Inc,Financials,275.54,0.54,23.1114,3.0173,7.8566,9.2091,0.04326868991060689,0.3314221323699997,0.1272815212687422,0.10858824423667894,15.58,95.97,0.0645,0.06190065,83.82,76.32,1.0982704402515724,-0.09373661535689443,0.1309,1.0184,16.57,13.39,329.16,218.31,0.5162832656743347,False,8.5042,291.022728,5.6,0.6190476190476191,0.6309523809523809,-0.011904761904761862,0.5238095238095238,2,9,7,3,0,21,1.7762782820292842,0.0,2026-06-30,True,0.5929125934445084,1.0,0.3181818181818182,0.42,0.36363636363636365,0.11424832214765102,0.40628558204119414,0.5929125934445084,0.3996874982144388,0.31442886537207293,0.11424832214765102,0.27439275672718855,142,0.28,0.42,0.3433333333333333,0.02666666666666667,0.6333333333333333,0.06,2026-09-14,v2,SPY Top 150,False
CRWD,CrowdStrike Holdings Inc,Technology,206.74,-1.02,3621.079,38.0963,39.2295,2287.6436,0.000276160779701299,0.026249268301646093,0.025491020787927452,0.0004371310286270117,1.29,75.24,0.4867,0.36619308,-2.21,-5.59,,,0.1463,1.5701,24.3,,233.88,85.68,0.8168690958164643,False,101.3274,226.875132,9.7,0.7213114754098361,0.725,-0.0036885245901638886,0.7377049180327869,12,33,14,1,1,61,0.7934193249923772,0.0,2026-09-30,False,0.03511213341000575,1.0,0.058823529411764705,0.94,0.35294117647058826,0.29184563758389265,0.297986577181208,0.03511213341000575,0.5266151615575808,0.3176553493880774,0.058823529411764705,0.26588898539281486,143,0.03333333333333333,0.94,0.32666666666666666,0.17333333333333334,0.38,0.05333333333333334,2026-09-14,v2,SPY Top 150,False
WELL,Welltower Inc,Real Estate,235.62,-0.04,109.5149,3.452,13.3056,63.3287,0.009131177584054772,0.28968713789107764,0.07515632515632516,0.015790628893376936,3.63,40.33,0.1935,0.07803855,3.57,11.1,0.3216216216216216,-1.1343795125267409,0.3819,1.0648,37.57,22.25,255.2,163.75,0.7858939311098962,False,40.1211,264.129,12.1,0.7589285714285714,0.7685185185185185,-0.009589947089947093,0.8214285714285714,6,17,5,0,0,28,-0.11430011723950567,0.0,2026-06-30,True,0.22769982748706155,1.0,0.22769982748706155,0.78,0.19905105276690568,0.28432885906040267,0.20292524878500348,0.22769982748706155,0.19905105276690568,0.28194483183166813,0.19905105276690568,0.26536607601871565,144,0.19333333333333333,0.78,0.16,0.14666666666666667,0.20666666666666667,0.04666666666666667,2026-09-14,v2,SPY Top 150,False
IBM,International Business Machines Corp,Technology,243.29,3.96,21.3757,7.6717,3.3173,23.7342,0.04678209368582082,0.13034920552159235,0.3014499743767522,0.04213329288537216,33.51,58.1,0.4557,0.2647617,15.11,9.78,1.5449897750511248,-0.43501729223792224,1.7992,0.7908,7.9,82.66,332.46,199.19,0.3309071809109327,False,-9.3662,248.956296,2.3,0.6774193548387096,0.7327586206896551,-0.05533926585094551,0.5161290322580645,8,8,13,2,0,31,-1.515345428295742,0.0,2026-06-30,True,0.531888058271037,0.970880211780278,0.8823529411764706,0.18666666666666668,0.11764705882352941,0.057664429530201344,0.2026151353853275,0.5163995906575852,0.3780303783485225,0.3164741758216825,0.057664429530201344,0.26471222656338633,145,0.8666666666666667,0.18666666666666668,0.08,0.006666666666666667,0.2,0.04,2026-09-14,v2,SPY Top 150,False
MMM,3M Co,Industrials,164.97,1.3,28.388,28.6067,3.3788,15.745,0.03522615189516697,0.03495684577389213,0.29596306380963655,0.06351222610352493,77.12,39.4,0.6913,0.2723722,18.36,6.45,2.8465116279069766,-1.0460942543846632,4.2517,1.2402,2.35,-21.67,184.9,139.34,0.5625548726953467,False,7.4412,184.133562,11.6,0.6458333333333334,0.6521739130434783,-0.0063405797101449,0.5416666666666666,4,9,9,1,1,24,2.7111975465442586,0.0,2026-06-30,True,0.4419350201265094,0.5269607843137255,0.12,0.41333333333333333,0.36,0.2206174496644295,0.42199490858597544,0.23288242482156749,0.4417672866135284,0.28675605955411554,0.12,0.25340484764329246,146,0.08666666666666667,0.41333333333333333,0.3333333333333333,0.12,0.6666666666666666,0.03333333333333333,2026-09-14,v2,SPY Top 150,False
PFE,Pfizer Inc,Healthcare,27.72,0.25,36.4632,1.6304,2.4805,24.0801,0.02742491059479146,0.6133464180569185,0.4031445273130417,0.04152806674390887,4.89,74.71,0.3086,0.23055505999999998,6.79,18.78,0.3615548455804047,-1.017341532209512,0.7418,1.2669,-0.22,-59.91,29.21,23.58,0.7353463587921845,False,14.1045,28.982076,4.6,0.6180555555555556,0.625,-0.00694444444444442,0.3888888888888889,6,8,20,1,1,36,0.6416447957185399,0.0,2026-06-30,False,0.5715957446808511,1.0,0.6190476190476191,0.5066666666666667,0.047619047619047616,0.13810738255033558,0.17803749132145336,0.5715957446808511,0.2750966107666962,0.2740413859225708,0.047619047619047616,0.2287569182618662,147,0.6133333333333333,0.5066666666666667,0.02666666666666667,0.04,0.14,0.02666666666666667,2026-09-14,v2,SPY Top 150,False
SCHW,Charles Schwab Corp,Financials,107.25,-0.07,18.3708,3.3178,6.2541,31.4999,0.05443421081281164,0.30140454518054133,0.15989510880862154,0.031746132527404845,19.08,87.76,0.0594,0.052129440000000006,44.03,35.74,1.231952993844432,-0.20860071003638048,5.8093,0.3699,11.2,43.25,114.53,83.96,0.7618580307491004,False,16.5088,125.50437,17.0,0.7666666666666667,0.7678571428571429,-0.0011904761904761862,0.8333333333333334,8,17,4,1,0,30,1.2688339381527751,0.0,2026-06-30,True,0.5384100057504313,1.0,0.22727272727272727,0.5266666666666666,0.045454545454545456,0.4453825503355705,0.4148484147188151,0.5384100057504313,0.21022744717119485,0.2744249843961485,0.045454545454545456,0.2286308966078279,148,0.18666666666666668,0.5266666666666666,0.02,0.38,0.66,0.02,2026-09-14,v2,SPY Top 150,False
GE,General Electric Co,Industrials,323.66,-0.15,37.4378,21.9811,6.6317,36.9499,0.02671097126433711,0.04549362861731214,0.15079089826138092,0.027063672702767803,49.03,33.57,0.3937,0.13216508999999999,16.72,5.34,3.131086142322097,-1.141379954684452,1.086,0.9819,21.7,18.32,388.84,268.91,0.45651630117568603,False,18.541800000000002,407.19522,25.8,0.78125,0.78125,0.0,0.875,9,19,3,1,0,32,1.2771939497465317,0.0,2026-06-30,True,0.2293147402721871,0.5,0.04,0.5533333333333333,0.08,0.6163087248322148,0.3636287896320296,0.11465737013609355,0.33227986172613777,0.26713939674458076,0.04,0.22171151739566464,149,0.013333333333333334,0.5533333333333333,0.04,0.7066666666666667,0.5266666666666666,0.013333333333333334,2026-09-14,v2,SPY Top 150,False
TSLA,Tesla Inc,Cons Discretionary,365.44,0.52,379.223,18.1867,13.9291,129.8867,0.002636970858835039,0.05498523646400942,0.07179214737492014,0.0076990176823339114,4.569999999999999,18.85,0.7352,0.1385852,4.22,9.97,0.4232698094282848,-0.8597454559258266,0.1076,1.9409,11.75,-37.66,498.83,297.38,0.3378505832712832,False,-0.23149999999999993,388.679772,6.4,0.6352459016393442,0.625,0.010245901639344246,0.4918032786885246,10,20,25,5,1,61,-2.4523766396480196,0.0,2026-06-30,True,0.09508817327966264,1.0,0.1,0.30666666666666664,0.1,0.44877852348993286,0.024457301550567,0.09508817327966264,0.30039913245531336,0.1790909665972383,0.024457301550567,0.14816423358790404,150,0.07333333333333333,0.30666666666666664,0.07333333333333333,0.4,0.006666666666666667,0.006666666666666667,2026-09-14,v2,SPY Top 150,False
