ticker,name,sector,price,day_chg,pe_ttm,pb,ps_ttm,ev_ebitda,earn_yld,book_yld,sales_yld,ebitda_yld,roe,gross_margin,asset_turnover,gp_assets,op_margin_ttm,op_margin_5y,margin_ratio,margin_stability,debt_equity,current_ratio,rev_growth,eps_growth,w52_high,w52_low,w52_pos,stale_ref,mom_12_1,mean_target,upside_pct,analyst_score,analyst_score_3m_ago,revision_3m,buy_ratio,strong_buy,buy,hold,sell,strong_sell,total_recs,sue,pead_decay,last_report,has_earnings,score_value_raw,cyc_guard,score_value,score_momentum,score_quality,score_sentiment,score_catalyst,weighted_mean,worst_lens,score_composite,rank,score_value_pct,score_momentum_pct,score_quality_pct,score_sentiment_pct,score_catalyst_pct,score_composite_pct,as_of,version,universe,in_top_n
CVX,Chevron Corp,Energy,211.32,-0.22,20.4078,1.7386,2.0134,8.7756,0.04900087221552543,0.5751754285056943,0.4966722956193504,0.11395232234832944,10.979999999999999,43.65,0.6372,0.2781378,13.22,12.75,1.0368627450980392,-0.03619956281910508,0.1953,1.2522,11.17,34.62,214.71,146.49,0.9503078276165345,False,31.251099999999997,221.029818,4.6,0.7583333333333333,0.7416666666666667,0.016666666666666607,0.8333333333333334,7,18,4,1,0,30,2.813694710521799,0.0,2026-06-30,False,0.8293511596703087,1.0,0.8293511596703087,0.6733333333333333,0.5536083430944014,0.6184563758389262,0.5459476972922934,0.6463370559408602,0.5459476972922934,0.6262591842111469,1,0.9133333333333333,0.6733333333333333,0.6266666666666667,0.7133333333333334,0.86,1.0,2026-09-04,v2,SPY Top 150,True
BMY,Bristol-Myers Squibb Co,Healthcare,68.09,0.64,14.8654,5.2719,2.8056,11.4327,0.06727030554172778,0.18968493332574596,0.35642999714856,0.08746840203976314,46.760000000000005,71.66,0.5449,0.39047534000000006,25.51,13.6,1.8757352941176473,-0.6290007394117139,1.932,1.5316,3.11,99.29,68.64,42.52,0.9789433384379786,False,41.1698,67.63405800000001,-0.7,0.6428571428571429,0.6285714285714286,0.014285714285714346,0.42857142857142855,7,8,18,2,0,35,4.637284440412436,0.0,2026-06-30,False,0.7633419589802569,0.7996863974911799,0.6104341812307816,0.74,0.5289477187669628,0.47181208053691276,0.6544411015968525,0.5778214422846947,0.47181208053691276,0.5566195699351384,2,0.68,0.74,0.5666666666666667,0.44,0.98,0.9933333333333333,2026-09-04,v2,SPY Top 150,True
GOOGL,Alphabet Inc,Comm Services,342.48,1.59,17.1642,6.7585,9.401,27.0365,0.05826079863902774,0.14796182584893097,0.10637166258908627,0.036987036043866627,50.839999999999996,60.9,0.6467,0.39384030000000003,33.11,29.71,1.1144395826321103,-0.10835166208463853,0.1533,2.724,20.05,115.31,408.61,224.79,0.6402458927211403,False,46.8116,429.654804,25.5,0.7964285714285714,0.782608695652174,0.013819875776397428,0.9,20,43,7,0,0,70,-0.5336987384061047,0.0,2026-06-30,False,0.4762310714970289,1.0,0.4762310714970289,0.8166666666666667,0.754515201078003,0.8422818791946308,0.24759777829206203,0.6326750374470602,0.24759777829206203,0.5556595856160605,3,0.5033333333333333,0.8166666666666667,0.95,0.95,0.31,0.9833333333333333,2026-09-04,v2,SPY Top 150,True
GOOG,Alphabet Inc,Comm Services,339.08,1.59,17.1642,6.7585,9.401,27.0365,0.05826079863902774,0.14796182584893097,0.10637166258908627,0.036987036043866627,50.839999999999996,60.9,0.6467,0.39384030000000003,33.11,29.71,1.1144395826321103,-0.10835166208463853,0.1533,2.724,20.05,115.31,408.61,224.79,0.6217495375911216,False,46.8116,425.65558799999997,25.5,0.7964285714285714,0.782608695652174,0.013819875776397428,0.9,20,43,7,0,0,70,-0.5336987384061047,0.0,2026-06-30,False,0.4762310714970289,1.0,0.4762310714970289,0.8166666666666667,0.754515201078003,0.8422818791946308,0.24759777829206203,0.6326750374470602,0.24759777829206203,0.5556595856160605,4,0.5033333333333333,0.8166666666666667,0.95,0.95,0.31,0.9833333333333333,2026-09-04,v2,SPY Top 150,True
LMT,Lockheed Martin Corp,Industrials,532.95,0.26,19.4827,13.2024,1.5905,12.8421,0.05132758806530922,0.07574380415681997,0.6287331027978623,0.07786888437249359,86.24000000000001,11.8,1.274,0.15033200000000002,11.88,10.83,1.0969529085872576,-0.09253625292159959,2.3424,1.1929,7.2,52.8,692.0,437.25,0.37566241413150164,False,23.657899999999998,649.009578,21.8,0.6607142857142857,0.6339285714285714,0.0267857142857143,0.4642857142857143,6,7,14,1,0,28,1.291007267838419,0.0,2026-06-30,True,0.6901245926777841,1.0,0.6901245926777841,0.5733333333333334,0.47613819767829424,0.7268456375838926,0.4318120805369128,0.5828468804035831,0.4318120805369128,0.5526399204302491,5,0.7666666666666667,0.5733333333333334,0.47333333333333333,0.8466666666666667,0.6866666666666666,0.9733333333333334,2026-09-04,v2,SPY Top 150,True
FDX,FedEx Corp,Industrials,324.31,2.45,17.1291,2.5521,0.8017,8.9901,0.05838018343053634,0.3918341757768113,1.2473493825620556,0.11123346792582953,15.110000000000001,62.11,1.0205,0.6338325499999999,5.76,6.03,0.9552238805970148,-0.04580953603129434,0.8125,1.4754,7.73,9.81,404.03,221.31,0.5637040280210158,False,43.7892,358.529286,10.6,0.7214285714285714,0.7121212121212122,0.009307359307359264,0.6857142857142857,9,15,9,2,0,35,0.41769222888554963,0.0,2025-09-30,True,0.8714701935978533,1.0,0.8714701935978533,0.7933333333333333,0.6567282471026292,0.5651006711409395,0.20733163619532516,0.6383392355210721,0.20733163619532516,0.5521377156559227,6,0.9666666666666667,0.7933333333333333,0.8,0.5866666666666667,0.20666666666666667,0.9666666666666667,2026-09-04,v2,SPY Top 150,True
NVDA,NVIDIA Corp,Technology,228.45,1.8,28.0398,20.768,17.8509,26.9418,0.03566359246499618,0.048151001540832045,0.05601958444672257,0.037117044889354085,110.11,74.67,1.2788,0.95487996,65.17,45.98,1.4173553719008265,-0.34879272100925357,0.1457,4.5889,83.38,125.15,236.54,164.07,0.8883676003863668,False,29.881999999999998,319.559574,39.9,0.8188405797101449,0.8152173913043478,0.0036231884057971175,0.9420289855072463,24,41,3,1,0,69,3.676278564427623,0.0,2026-09-30,False,0.24788575809852406,1.0,0.24788575809852406,0.64,0.804304159643459,0.7919463087248322,0.6285628326776209,0.6199363740642783,0.24788575809852406,0.5455262508711274,7,0.21333333333333335,0.64,1.0,0.9066666666666666,0.9533333333333334,0.96,2026-09-04,v2,SPY Top 150,True
COP,ConocoPhillips,Energy,135.72,-1.08,17.6952,1.9381,2.5929,6.9425,0.05651250056512501,0.5159692482328053,0.3856685564425932,0.14404033129276198,14.32,46.31,0.5156,0.23877436,22.51,25.7,0.8758754863813231,-0.1325313369825331,0.3564,1.5415,9.6,1.31,137.37,85.57,0.968146718146718,False,41.4001,148.314222,9.3,0.7419354838709677,0.7419354838709677,0.0,0.7419354838709677,7,16,8,0,0,31,3.2455704051692447,0.0,2026-06-30,False,0.8395735096798926,1.0,0.8395735096798926,0.7466666666666667,0.47127128150920394,0.40805369127516783,0.4730710483684332,0.5785128240496995,0.40805369127516783,0.5444209974947931,8,0.9266666666666666,0.7466666666666667,0.4666666666666667,0.32666666666666666,0.74,0.9533333333333334,2026-09-04,v2,SPY Top 150,True
MU,Micron Technology Inc,Technology,958.16,0.22,21.1794,10.34,11.8406,15.3783,0.04721569071833952,0.09671179883945842,0.08445517963616708,0.06502669345766438,70.55,72.57,0.8929,0.6479775299999999,65.63,9.66,6.79399585921325,-1.9160392602612046,0.0568,3.4245,166.98,700.71,1255.0,117.3,0.7390876329436582,False,705.5998999999999,1474.5329100000001,53.9,0.8017241379310345,0.8035714285714286,-0.001847290640394128,0.9137931034482759,18,35,4,1,0,58,4.226455705090022,0.0,2026-06-30,True,0.4660542457350968,0.5,0.2330271228675484,0.9933333333333333,0.7345549381481586,0.6456375838926174,0.6650636426753067,0.6068436586744875,0.2330271228675484,0.5320803515130997,9,0.18666666666666668,0.9933333333333333,0.9266666666666666,0.7533333333333333,0.9933333333333333,0.9466666666666667,2026-09-04,v2,SPY Top 150,True
USB,US Bancorp,Financials,63.53,1.21,12.1123,1.3955,2.0972,,0.08256070275670187,0.7165890361877464,0.4768262445164982,,12.479999999999999,,,,25.22268,35.30532,0.7144158444109839,-0.33629007103899267,1.4238,,84.11849,18.72,66.075,45.02,0.8791260983139396,False,27.383599999999998,70.914276,11.6,0.6944444444444444,0.6574074074074074,0.03703703703703698,0.5925925925925926,6,10,10,1,0,27,2.558705280264017,0.0,2026-06-30,True,0.8274774774774775,1.0,0.8274774774774775,0.6066666666666667,0.35279310344827586,0.6536912751677852,0.48245776440638743,0.576480886765034,0.35279310344827586,0.5317433301016823,10,0.9066666666666666,0.6066666666666667,0.18,0.7666666666666667,0.7666666666666667,0.94,2026-09-04,v2,SPY Top 150,True
UNH,UnitedHealth Group Inc,Healthcare,400.94,0.32,25.3713,3.6115,0.796,15.6194,0.03941461415063477,0.27689325764917627,1.2562814070351758,0.06402294582378325,14.399999999999999,,1.4436,,4.74,7.2,0.6583333333333333,-0.41804389031502454,0.7016,0.7385,6.46,-32.66,461.62,255.97,0.7049355701434475,False,27.1781,482.64207,20.4,0.7573529411764706,0.7426470588235294,0.014705882352941124,0.7941176470588235,8,19,7,0,0,34,4.925330526420075,0.0,2026-06-30,False,0.7146808510638297,1.0,0.7146808510638297,0.6,0.35795580378824665,0.7546979865771812,0.49227956491552877,0.5708384859551969,0.35795580378824665,0.5282619495218069,11,0.8,0.6,0.18666666666666668,0.88,0.8,0.9333333333333333,2026-09-04,v2,SPY Top 150,False
UNP,Union Pacific Corp,Industrials,289.15,-0.2,23.4332,7.8116,6.7597,15.8056,0.042674496014202076,0.12801474729888881,0.14793555927038182,0.06326871488586323,38.65,78.25,0.364,0.28482999999999997,40.03,40.23,0.9950285856326125,-0.0049838129572145375,1.467,0.9859,4.17,7.27,315.99,210.84,0.7447456015216355,False,34.2888,332.281116,14.9,0.7419354838709677,0.7327586206896551,0.009176863181312611,0.6774193548387096,9,12,10,0,0,31,1.739336906013676,0.0,2026-06-30,False,0.5034205482077823,1.0,0.5034205482077823,0.7,0.6045551143235341,0.6241610738255033,0.38361953251562136,0.5595968159914497,0.38361953251562136,0.5244013592962841,12,0.5533333333333333,0.7,0.6866666666666666,0.74,0.5866666666666667,0.9266666666666666,2026-09-04,v2,SPY Top 150,False
BAC,Bank of America Corp,Financials,63.04,0.7,13.0962,1.3281,2.32875,,0.07635802751943312,0.7529553497477599,0.4294149221685454,,11.129999999999999,,,,32.73721,33.47932,0.9778337791807001,-0.022415583330081108,2.4313,,99.36713,25.82,65.225,46.12,0.8856320334990843,False,23.9844,68.922828,9.3,0.75,0.75,0.0,0.7931034482758621,6,17,6,0,0,29,2.1898905017103685,0.0,2026-06-30,True,0.806981981981982,1.0,0.806981981981982,0.58,0.44640229885057475,0.41744966442953024,0.46977551492710024,0.5476224452756391,0.41744966442953024,0.5215878891064174,13,0.8733333333333333,0.58,0.4066666666666667,0.3466666666666667,0.7266666666666667,0.92,2026-09-04,v2,SPY Top 150,False
APH,Amphenol Corp,Technology,82.07,2.54,38.3746,14.0021,6.8033,23.122,0.026058903545574417,0.07141785874975896,0.14698749136448488,0.04324885390537151,37.14,38.95,0.772,0.300694,27.03,21.28,1.2702067669172932,-0.23917969581491255,1.2143,1.8878,54.17,59.37,178.52,108.68,-0.38101374570446755,True,43.6551,,,0.782608695652174,0.7604166666666666,0.022192028985507317,0.8695652173913043,6,14,3,0,0,23,3.6960051513555747,0.0,2026-06-30,False,0.3113896875599003,1.0,0.3113896875599003,0.7866666666666666,0.5315492005447151,0.7963087248322147,0.6132052765563527,0.5672213851699521,0.3113896875599003,0.5160550456479418,14,0.26666666666666666,0.7866666666666666,0.58,0.92,0.9333333333333333,0.9133333333333333,2026-09-04,v2,SPY Top 150,False
COF,Capital One Financial Corp,Financials,220.5,1.8,12.7709,1.0861,1.11745,,0.0783030170152456,0.9207255317189945,0.8948946261577698,,9.28,,,,18.32824,28.31922,0.6472014412826342,-0.4350976862894166,0.3938,,38.19094,521.95,259.64,174.24,0.5416861826697893,False,-3.1114,264.384,19.9,0.7758620689655172,0.7672413793103449,0.008620689655172376,0.8275862068965517,8,16,5,0,0,29,1.3736360514667123,0.0,2026-06-30,True,0.8704504504504503,1.0,0.8704504504504503,0.28,0.37562068965517237,0.7164429530201343,0.4791205739412173,0.5734554962043737,0.28,0.5147643969634991,15,0.96,0.28,0.21333333333333335,0.8266666666666667,0.7533333333333333,0.9066666666666666,2026-09-04,v2,SPY Top 150,False
SNDK,Sandisk Corp,Technology,1554.99,0.1,19.7934,16.422,11.1763,17.6691,0.05052189113542899,0.060893922786505905,0.08947504988234031,0.056595978289782724,93.13,71.47,1.2398,0.88608506,61.19,2.86,21.395104895104897,-3.063162152642688,0.0,2.2899,175.3,,2354.39,50.65,0.6529990363495881,False,2831.2393,2073.938154,33.4,0.7954545454545454,0.7916666666666666,0.0037878787878787845,0.8484848484848485,11,17,5,0,0,33,1.2648324250882537,0.0,2026-06-30,False,0.4480208932336592,0.5,0.2240104466168296,1.0,0.7465923682731956,0.7630872483221476,0.35838926174496644,0.5863561610623406,0.2240104466168296,0.5138870181732383,16,0.16,1.0,0.9333333333333333,0.8866666666666667,0.5133333333333333,0.9,2026-09-04,v2,SPY Top 150,False
MDT,Medtronic PLC,Healthcare,93.1,1.0,22.5483,2.1627,3.1431,17.4787,0.044349241406225745,0.46238498173579323,0.3181572333046992,0.057212492919954,9.85,65.74,0.3965,0.26065910000000003,18.08,17.4,1.0390804597701149,-0.03833614874354703,0.5653,2.1262,9.77,12.25,106.33,73.31,0.5993337371290125,False,-1.7637,100.798848,8.3,0.7426470588235294,0.7094594594594594,0.03318759936407001,0.6764705882352942,10,13,11,0,0,34,3.771075492872469,0.0,2026-09-30,False,0.6890109258194366,1.0,0.6890109258194366,0.29333333333333333,0.5074742831566819,0.6624161073825503,0.5296644295302013,0.5657612356412373,0.29333333333333333,0.5112756551796565,17,0.76,0.29333333333333333,0.5266666666666666,0.7733333333333333,0.8466666666666667,0.8933333333333333,2026-09-04,v2,SPY Top 150,False
C,Citigroup Inc,Other,138.14,2.83,13.0056,1.1259,1.09533,,0.07688995509626623,0.8881783462119194,0.9129668684323446,,8.41,,,,23.01502,28.99823,0.7936698205373225,-0.23108774737372909,3.8387,,99.23775,35.24,147.96,93.4,0.8200146627565978,False,39.2993,157.81491,14.2,0.7589285714285714,0.7589285714285714,0.0,0.7857142857142857,7,15,6,0,0,28,3.1371311729611766,0.0,2026-06-30,True,0.8643693693693694,1.0,0.8643693693693694,0.72,0.3122988505747127,0.47986577181208057,0.5534413330247628,0.5607713518308867,0.3122988505747127,0.5110768515796519,18,0.9533333333333334,0.72,0.10666666666666667,0.4533333333333333,0.8733333333333333,0.8866666666666667,2026-09-04,v2,SPY Top 150,False
BK,BK,Financials,164.33,1.41,15.7933,1.8182,2.12845,,0.06331798927393262,0.5499945000549994,0.46982545984166885,,13.48,,,,26.54159,28.68099,0.9254070379021087,-0.07752159728409598,1.1894,,284.5591,31.5,165.685,102.63,0.9785108238839111,False,54.3244,143.663022,-12.6,,,,,0,0,0,0,0,0,,0.0,,False,0.7844594594594595,1.0,0.7844594594594595,0.8466666666666667,0.4538390804597701,0.352013422818792,0.3796551724137931,0.5442842160952899,0.352013422818792,0.5058300574399903,19,0.86,0.8466666666666667,0.42,0.25333333333333335,0.56,0.88,2026-09-04,v2,SPY Top 150,False
PWR,Quanta Services Inc,Technology,620.06,1.52,68.9152,11.2108,2.779,37.022,0.014510586924219911,0.08919970028900702,0.35984166966534725,0.027010966452379666,14.74,15.46,1.2941,0.20006786000000001,6.19,5.39,1.1484230055658629,-0.13838970177559906,0.6334,1.0983,26.3,35.37,788.75,363.01,0.6037722553671253,False,62.523500000000006,805.77654,30.0,0.7708333333333334,0.75,0.02083333333333337,0.7777777777777778,11,17,8,0,0,36,4.549570905131631,0.0,2026-06-30,False,0.3170845313398505,1.0,0.3170845313398505,0.88,0.39769327390985537,0.8644295302013423,0.6166026382781763,0.5519554167899141,0.3170845313398505,0.5049812396999014,20,0.2733333333333333,0.88,0.26666666666666666,0.96,0.9466666666666667,0.8733333333333333,2026-09-04,v2,SPY Top 150,False
AMAT,Applied Materials Inc,Technology,435.91,-0.58,37.5484,16.0073,11.2839,35.94,0.026632293253507473,0.06247149737932068,0.08862184173911503,0.02782415136338342,40.44,49.4,0.7819,0.3862586,29.64,29.33,1.0105693828844187,-0.010513917438526452,0.2554,2.423,7.77,38.36,739.67,154.47,0.48092959671907054,False,184.9622,648.610146,48.8,0.7833333333333333,0.7833333333333333,0.0,0.8666666666666667,12,27,6,0,0,45,0.9000104539017862,0.0,2026-09-30,False,0.2155970864481503,1.0,0.2155970864481503,0.9533333333333334,0.7853351665095373,0.6909395973154362,0.3609719972228651,0.5771668739447492,0.2155970864481503,0.5048529164454294,21,0.14666666666666667,0.9533333333333334,0.9933333333333333,0.7866666666666666,0.52,0.8666666666666667,2026-09-04,v2,SPY Top 150,False
SLB,SLB NV,Energy,57.41,-1.24,27.912,2.6657,2.3801,13.9469,0.03582688449412439,0.37513598679521326,0.4201504138481576,0.07170052126278958,11.93,17.07,0.6611,0.11284977,11.44,14.66,0.7803547066848567,-0.2480067105068536,0.4908,1.4392,2.5,-29.35,60.46,31.64,0.8941707147814016,False,69.3636,63.040488,9.8,0.7720588235294118,0.75,0.022058823529411797,0.8529411764705882,10,19,3,2,0,34,2.4499571496668424,0.0,2026-06-30,True,0.6772886716503738,1.0,0.6772886716503738,0.9,0.31446580769267396,0.7040268456375839,0.3829206202267994,0.5519053723819323,0.31446580769267396,0.5044174594440806,22,0.7466666666666667,0.9,0.12666666666666668,0.8066666666666666,0.5733333333333334,0.86,2026-09-04,v2,SPY Top 150,False
EOG,EOG Resources Inc,Energy,145.96,-2.01,11.2809,2.1685,2.876,5.86,0.08864540949746917,0.4611482591653217,0.34770514603616137,0.1706484641638225,22.38,79.47,0.5085,0.40410494999999996,33.02,34.76,0.9499424626006906,-0.051353861905209186,0.2487,1.8514,18.67,24.77,153.67,101.59,0.8519585253456224,False,20.7768,161.221608,10.5,0.6597222222222222,0.6666666666666666,-0.00694444444444442,0.4722222222222222,6,11,19,0,0,36,0.586965717530179,0.0,2026-06-30,False,0.8804734521755799,1.0,0.8804734521755799,0.5266666666666666,0.6977935891209325,0.22751677852348995,0.2844295302013423,0.5702908916817407,0.22751677852348995,0.5017360690500906,23,0.9733333333333334,0.5266666666666666,0.8866666666666667,0.12,0.36666666666666664,0.8533333333333334,2026-09-04,v2,SPY Top 150,False
GD,General Dynamics Corp,Industrials,365.87,0.49,21.862,3.8011,1.7881,15.3358,0.04574146921599122,0.2630817394964616,0.5592528382081539,0.0652069014984546,17.43,15.38,0.9376,0.14420288,10.32,10.36,0.9961389961389963,-0.003868476777920206,0.2802,1.4409,9.13,10.13,400.0,306.77,0.6339161214201439,False,14.7419,426.03033600000003,16.4,0.7121212121212122,0.7045454545454546,0.007575757575757569,0.6666666666666666,7,15,10,1,0,33,0.9835280370829034,0.0,2026-06-30,False,0.722697910676634,1.0,0.722697910676634,0.46,0.5317241236465446,0.575503355704698,0.3040499884286045,0.5468998841683522,0.3040499884286045,0.49832990502040275,24,0.8133333333333334,0.46,0.5866666666666667,0.6333333333333333,0.4066666666666667,0.8466666666666667,2026-09-04,v2,SPY Top 150,False
JPM,JPMorgan Chase & Co,Financials,362.06,1.64,14.7627,2.3228,2.89596,,0.06773828635683174,0.4305148958153952,0.3453086368596251,,17.810000000000002,,,,41.22809,38.1933,1.0794587008716188,-0.07645971259532333,3.3045,,108.9793,19.48,366.5,279.1,0.9491990846681923,False,18.8781,380.19714600000003,5.0,0.675,0.6666666666666666,0.008333333333333415,0.6,3,15,12,0,0,30,1.463788500270821,0.0,2026-06-30,True,0.7525675675675676,1.0,0.7525675675675676,0.52,0.45505172413793105,0.4634228187919463,0.3831659338116177,0.5268168629634031,0.3831659338116177,0.4980866771330461,25,0.84,0.52,0.4266666666666667,0.4066666666666667,0.58,0.84,2026-09-04,v2,SPY Top 150,False
AMZN,Amazon.com Inc,Cons Discretionary,258.9,1.54,20.3302,4.6479,3.5457,16.7389,0.049187907644784604,0.21515092837625593,0.28203175677581294,0.05974108214996206,30.5,50.77,0.872,0.4427144,12.08,7.2,1.6777777777777778,-0.5174701664846593,0.2816,1.0331,15.77,89.71,287.2,196.0,0.6896929824561402,False,14.671899999999999,326.48496600000004,26.1,0.8006756756756757,0.8033333333333333,-0.002657657657657686,0.9324324324324325,20,49,5,0,0,74,0.6841049144849262,0.0,2026-06-30,False,0.6443923710944988,0.8940397350993378,0.5761123847533598,0.4533333333333333,0.5779508851622241,0.5771812080536913,0.35302476278639205,0.5311366510990376,0.35302476278639205,0.49551427343650856,26,0.6333333333333333,0.4533333333333333,0.6733333333333333,0.64,0.5066666666666667,0.8333333333333334,2026-09-04,v2,SPY Top 150,False
PM,Philip Morris International Inc,Cons Staples,186.17,-0.94,26.84,1368.8571,6.86,18.7681,0.037257824143070044,0.000730536445330926,0.14577259475218657,0.053281898540608795,575.44,67.51,0.6224,0.42018224,37.75,36.94,1.0219274499187874,-0.02169050092393995,186.0804,0.9798,8.93,31.96,207.76,142.11,0.671134805788271,False,14.803500000000001,204.59925,9.9,0.7685185185185185,0.7596153846153846,0.008903133903133909,0.7407407407407407,9,11,7,0,0,27,2.0212465868594633,0.0,2026-06-30,False,0.33536706919685644,1.0,0.33536706919685644,0.47333333333333333,0.6972020731556343,0.602013422818792,0.4727192779449202,0.5316462988347341,0.33536706919685644,0.49239045290715866,27,0.31333333333333335,0.47333333333333333,0.88,0.6866666666666666,0.7333333333333333,0.8266666666666667,2026-09-04,v2,SPY Top 150,False
LRCX,Lam Research Corp,Technology,292.66,1.51,49.6574,41.2056,15.529,41.5372,0.020137985476484873,0.02426854602287068,0.06439564685427265,0.02407480523482565,66.97,50.47,1.0607,0.53533529,35.29,31.37,1.1249601530124322,-0.1177476154845919,0.2995,2.6293,26.02,38.62,438.5,96.44,0.573642051102146,False,199.35500000000002,373.541034,27.6,0.774390243902439,0.7682926829268293,0.0060975609756097615,0.8536585365853658,10,25,6,0,0,41,3.2502881658104763,0.0,2026-06-30,False,0.10039869656890933,1.0,0.10039869656890933,0.9666666666666667,0.7761642383033835,0.7285234899328858,0.5784957185836612,0.5870946680740354,0.10039869656890933,0.48975547377301026,28,0.04,0.9666666666666667,0.98,0.8533333333333334,0.9066666666666666,0.82,2026-09-04,v2,SPY Top 150,False
CRH,CRH PLC,Industrials,92.04,-0.68,16.0462,2.9747,1.5942,9.5049,0.0623200508531615,0.3361683531112381,0.6272738677706686,0.10520889225557345,16.259999999999998,36.25,0.6616,0.23983,15.09,12.76,1.182601880877743,-0.16771699486311373,0.7691,1.5788,6.29,17.98,131.55,90.21,0.044267053701016246,False,-15.4743,141.93300000000002,54.2,0.8125,0.8055555555555556,0.00694444444444442,0.9285714285714286,9,17,2,0,0,28,1.17485306331291,0.0,2026-06-30,False,0.8457954763273912,1.0,0.8457954763273912,0.13333333333333333,0.44676123951280367,0.8355704697986577,0.340735940754455,0.577035059341922,0.13333333333333333,0.4882947141402043,29,0.94,0.13333333333333333,0.41333333333333333,0.9333333333333333,0.46,0.8133333333333334,2026-09-04,v2,SPY Top 150,False
PH,Parker-Hannifin Corp,Industrials,964.52,1.59,33.2143,8.0062,5.6359,25.8008,0.03010751393225207,0.12490320001998452,0.17743395021203356,0.03875848810889585,25.11,37.84,0.7006,0.26510704,21.65,19.62,1.103465851172273,-0.09845600031128168,0.5531,1.2623,8.31,5.03,1099.94,715.37,0.6478664482408922,False,29.901699999999998,1186.289172,23.0,0.7647058823529411,0.7647058823529411,0.0,0.7941176470588235,9,18,7,0,0,34,4.28790922676389,0.0,2026-06-30,False,0.3763283496262219,1.0,0.3763283496262219,0.6466666666666666,0.5455390728413755,0.5741610738255034,0.5263503818560519,0.5161952479691432,0.3763283496262219,0.4882218683005589,30,0.3466666666666667,0.6466666666666666,0.6133333333333333,0.6266666666666667,0.8333333333333334,0.8066666666666666,2026-09-04,v2,SPY Top 150,False
CSCO,Cisco Systems Inc,Technology,108.61,-0.77,37.4005,7.1349,7.3624,31.15,0.02673761045975321,0.1401561339332016,0.13582527436705422,0.03210272873194222,25.14,64.33,0.4936,0.31753287999999996,23.36,24.52,0.9526916802610114,-0.048463953107984396,0.6407,0.9246,9.21,22.99,130.3656,66.13,0.6613155321970995,False,62.6849,137.325966,26.4,0.7214285714285714,0.7196969696969697,0.0017316017316016952,0.6857142857142857,7,17,11,0,0,35,2.407220913859974,0.0,2026-09-30,False,0.3078014184397163,1.0,0.3078014184397163,0.8866666666666667,0.5737553209724879,0.6140939597315436,0.47689886600324,0.5320972394151369,0.3078014184397163,0.48723807522005275,31,0.26,0.8866666666666667,0.66,0.7066666666666667,0.7466666666666667,0.8,2026-09-04,v2,SPY Top 150,False
MSFT,Microsoft Corp,Technology,510.12,2.68,27.5827,6.2636,11.1173,19.5003,0.03625460886715224,0.15965259595121015,0.08994989790686587,0.051281262339553754,33.22,67.94,0.4819,0.32740286,46.73,44.07,1.0603585205355117,-0.0586070778584392,0.2416,1.2303,17.79,31.56,553.72,349.2,0.7868179151183258,False,0.3759999999999999,582.19917,14.1,0.8152173913043478,0.8161764705882353,-0.0009590792838874984,0.927536231884058,23,41,5,0,0,69,4.113875052263524,0.0,2026-06-30,False,0.42503066896683916,1.0,0.42503066896683916,0.32,0.6645432677199098,0.4993288590604027,0.5941217310807684,0.5266046790318786,0.32,0.4852837432255029,32,0.42,0.32,0.82,0.4866666666666667,0.92,0.7933333333333333,2026-09-04,v2,SPY Top 150,False
MS,Morgan Stanley,Financials,217.15,2.52,16.9267,2.8248,2.6488,38.3778,0.05907826097231002,0.35400736335315774,0.37752944729688914,0.02605673071411076,17.83,56.72,0.0853,0.04838216,20.3,20.12,1.0089463220675945,-0.00890654081620325,8.5222,0.354,13.96,38.56,232.25,146.29,0.8243369008841323,False,43.3141,245.933322,13.3,0.696969696969697,0.6875,0.009469696969697017,0.6060606060606061,8,12,12,0,1,33,2.5921168622841213,0.0,2026-06-30,True,0.6447441058079356,1.0,0.6447441058079356,0.78,0.3138920521098192,0.563758389261745,0.5368479518629947,0.526632512716728,0.3138920521098192,0.48408442059534623,33,0.7066666666666667,0.78,0.12,0.58,0.8533333333333334,0.7866666666666666,2026-09-04,v2,SPY Top 150,False
JCI,Johnson Controls International PLC,Industrials,142.23,2.14,23.9902,6.6121,4.0687,25.1447,0.0416836875057315,0.15123788206469957,0.24577874996927768,0.039769812326255635,26.939999999999998,43.41,0.5516,0.23944955999999998,14.17,8.99,1.5761957730812013,-0.4550142052190601,0.7028,0.9998,5.08,70.9,157.06,104.03,0.7203469734112764,False,31.460400000000003,166.954824,17.4,0.7019230769230769,0.7019230769230769,0.0,0.6153846153846154,5,11,10,0,0,26,7.045665528882793,0.0,2026-06-30,False,0.49747556066705,0.9516584333098095,0.4734268126743239,0.68,0.4091762087059205,0.4647651006711409,0.66294376301782,0.5015041503672584,0.4091762087059205,0.48303856203499085,34,0.49333333333333335,0.68,0.32,0.41333333333333333,0.9866666666666667,0.78,2026-09-04,v2,SPY Top 150,False
UPS,United Parcel Service Inc,Industrials,103.5,0.48,19.1119,6.0646,0.9712,10.2665,0.052323421533180904,0.16489133660917454,1.0296540362438222,0.09740417863926362,29.07,81.91,1.2509,1.0246121899999998,7.31,10.88,0.6718749999999999,-0.3976829676661096,1.625,1.179,-0.42,-20.08,122.41,82.0,0.5320465231378372,False,21.9467,118.57214400000001,14.6,0.6642857142857143,0.6590909090909091,0.0051948051948051965,0.5142857142857142,9,9,13,4,0,35,0.6073221974599818,0.0,2026-06-30,False,0.7839716312056738,1.0,0.7839716312056738,0.56,0.580528292812997,0.5023489932885906,0.18847489007174267,0.5548924278137971,0.18847489007174267,0.48160892026538626,35,0.8533333333333334,0.56,0.68,0.49333333333333335,0.16666666666666666,0.7733333333333333,2026-09-04,v2,SPY Top 150,False
BLK,BlackRock Inc,Financials,1126.15,1.72,29.225,2.7178,7.0399,19.5118,0.03421727972626176,0.3679446611229671,0.14204747226523104,0.05125103783351612,11.65,81.73,0.1609,0.13150357,32.57,35.1,0.9279202279202279,-0.07480951118367804,0.2212,2.3899,26.54,-3.67,1219.94,917.39,0.6900016526194019,False,4.889799999999999,1320.606138,17.3,0.7608695652173914,0.75,0.010869565217391353,0.8695652173913043,4,16,3,0,0,23,3.9992167555497815,0.0,2026-06-30,True,0.504423040061338,1.0,0.504423040061338,0.36666666666666664,0.4358709682027255,0.6946308724832215,0.4908585975468642,0.5060886812714926,0.36666666666666664,0.4782042783505275,36,0.56,0.36666666666666664,0.36,0.8,0.7933333333333333,0.7666666666666667,2026-09-04,v2,SPY Top 150,False
FCX,Freeport-McMoRan Inc,Materials,72.56,-1.85,35.5713,4.4959,4.0497,12.1349,0.02811255141082839,0.22242487599813165,0.2469318714966541,0.08240694196079078,15.260000000000002,27.06,0.443,0.1198758,26.76,29.35,0.9117546848381601,-0.09238431101407775,0.4668,2.0661,-24.23,53.11,80.24,35.15,0.8296739853626083,False,62.3768,75.06129,3.4,0.725,0.725,0.0,0.8,5,19,5,0,1,30,2.634569696508523,0.0,2026-06-30,False,0.5432087406555492,1.0,0.5432087406555492,0.8733333333333333,0.4338711396166043,0.3560402684563758,0.5539967600092571,0.5076044280748656,0.3560402684563758,0.4772915961511677,37,0.6,0.8733333333333333,0.35333333333333333,0.26,0.88,0.76,2026-09-04,v2,SPY Top 150,False
LOW,Lowe's Companies Inc,Cons Discretionary,201.9,1.03,17.0339,316.2831,1.2513,11.8335,0.058706461820252555,0.003161724417144008,0.7991688643810436,0.08450585203025308,264.53000000000003,33.08,1.6561,0.5478378799999999,11.38,12.14,0.9373970345963757,-0.06464835693316727,52.2337,1.1046,8.16,-2.74,293.06,199.34,0.027315407597097763,False,-20.964799999999997,258.550212,28.1,0.7317073170731707,0.7317073170731707,0.0,0.6829268292682927,11,17,12,1,0,41,6.563798534130623,0.0,2026-09-30,False,0.6552348092773626,1.0,0.6552348092773626,0.07333333333333333,0.7071114952051729,0.5708053691275168,0.5238185605183986,0.576009342117489,0.07333333333333333,0.4754741403606579,38,0.7266666666666667,0.07333333333333333,0.9,0.62,0.8266666666666667,0.7533333333333333,2026-09-04,v2,SPY Top 150,False
PNC,PNC Financial Services Group Inc,Financials,245.18,1.12,12.848,1.5348,2.34179,,0.07783312577833125,0.6515506906437321,0.4270237724134103,,12.34,,,,34.5423,,,,0.7078,,72.26733,22.76,258.96,176.88,0.832115009746589,False,17.0922,280.016826,14.2,0.75,0.7592592592592593,-0.0092592592592593,0.7037037037037037,8,11,8,0,0,27,1.8742588172348609,0.0,2026-06-30,True,0.8084234234234233,1.0,0.8084234234234233,0.5,0.42533333333333334,0.31845637583892616,0.4419625086785467,0.509691507325423,0.31845637583892616,0.47144448102812364,39,0.8866666666666667,0.5,0.34,0.23333333333333334,0.7066666666666667,0.7466666666666667,2026-09-04,v2,SPY Top 150,False
WMT,Walmart Inc,Cons Staples,108.42,2.2,38.2439,9.0081,1.1474,18.7868,0.026147960851273015,0.11101120103018394,0.8715356458079135,0.053228862818574744,22.74,25.23,2.5443,0.64192689,4.39,3.99,1.1002506265664158,-0.09553799618530769,0.5827,0.7671,6.16,4.13,135.16,97.5,0.28996282527881045,False,5.524100000000001,130.32081,20.2,0.78125,0.796875,-0.015625,0.875,12,30,6,0,0,48,1.8727998000694324,0.0,2026-09-30,False,0.5139486294805444,1.0,0.5139486294805444,0.37333333333333335,0.6347923130398346,0.41006711409395974,0.3765378384633187,0.49475228320370956,0.37333333333333335,0.47046849322963435,40,0.5666666666666667,0.37333333333333335,0.7733333333333333,0.3333333333333333,0.5466666666666666,0.74,2026-09-04,v2,SPY Top 150,False
GS,Goldman Sachs Group Inc,Financials,1037.93,3.34,14.3087,2.4257,2.2226,51.7348,0.06988755093055274,0.4122521334047904,0.44992351300278954,0.01932934891021131,16.939999999999998,41.8,0.0692,0.0289256,19.48,20.62,0.9447138700290979,-0.05687318037442489,11.0081,0.3193,6.67,41.66,1153.99,722.3,0.7311496675855361,False,39.5801,1198.3866779999998,15.5,0.6484375,0.640625,0.0078125,0.46875,6,9,16,0,1,32,6.8061131646013395,0.0,2026-06-30,True,0.6829691393521181,1.0,0.6829691393521181,0.7266666666666667,0.2578524316963308,0.5318791946308725,0.6416570238370748,0.5233890735153311,0.2578524316963308,0.4702817451515311,41,0.7533333333333333,0.7266666666666667,0.06666666666666667,0.5266666666666666,0.9733333333333334,0.7333333333333333,2026-09-04,v2,SPY Top 150,False
ADI,Analog Devices Inc,Technology,356.5,0.22,41.6404,5.2265,12.4036,31.5075,0.0240151391437162,0.19133263178035015,0.08062175497436228,0.03173847496627787,12.26,65.8,0.2887,0.18996459999999998,35.55,25.34,1.4029202841357535,-0.33855598135625675,0.2719,1.2504,33.65,114.38,445.91,223.47,0.598048912066175,False,47.2305,477.556146,34.0,0.8076923076923077,0.7894736842105263,0.018218623481781382,0.8974358974358975,13,22,4,0,0,39,1.5955163581443985,0.0,2026-09-30,False,0.27302760207015525,1.0,0.27302760207015525,0.8266666666666667,0.3649690264643983,0.9234899328859061,0.4854616986808609,0.5179315165028353,0.27302760207015525,0.4689507336162993,42,0.24,0.8266666666666667,0.19333333333333333,1.0,0.7733333333333333,0.7266666666666667,2026-09-04,v2,SPY Top 150,False
STX,Seagate Technology Holdings PLC,Technology,798.61,-1.23,56.8469,84.8655,14.8422,43.3424,0.017591108749993405,0.01178335130294407,0.06737545646871758,0.023072095684595225,212.44,45.58,1.3545,0.6173811,32.33,15.81,2.044908285895003,-0.7153529405159611,1.6451,1.6697,34.06,104.53,1145.0,170.01,0.6447245612775516,False,360.959,1111.99431,39.2,0.775,0.7666666666666667,0.008333333333333304,0.8666666666666667,7,19,4,0,0,30,3.784277326409649,0.0,2026-06-30,False,0.09159286946520989,0.7335292298175069,0.06718604699559086,0.98,0.6588833814244494,0.7939597315436242,0.6337097894006017,0.5663099408950476,0.06718604699559086,0.4664851621151563,43,0.02,0.98,0.8066666666666666,0.9133333333333333,0.96,0.72,2026-09-04,v2,SPY Top 150,False
WDC,Western Digital Corp,Technology,441.57,-1.63,16.4185,22.4549,11.9768,36.003,0.060906903797545445,0.044533709791626776,0.08349475652928995,0.027775463155848123,117.8,48.85,0.8777,0.42875645,30.25,11.1,2.725225225225225,-1.002551076158562,0.1187,1.3288,35.7,363.83,799.87,83.34,0.4999511534757791,False,422.3429,663.796518,50.3,0.75,0.7586206896551724,-0.008620689655172376,0.7741935483870968,7,17,7,0,0,31,2.217411658221307,0.0,2026-06-30,False,0.3575570251102166,0.5504132231404959,0.19680411464744155,0.9866666666666667,0.68552977363845,0.4892617449664429,0.5482110622541079,0.5336106357514668,0.19680411464744155,0.46624933153066184,44,0.13333333333333333,0.9866666666666667,0.8666666666666667,0.47333333333333333,0.8666666666666667,0.7133333333333334,2026-09-04,v2,SPY Top 150,False
ETN,Eaton Corporation PLC,Industrials,397.12,1.6,39.3783,8.1694,5.0244,26.5177,0.025394697079355887,0.12240801038019929,0.19902873975001992,0.03771066118102249,19.59,35.9,0.6217,0.2231903,17.53,17.02,1.0299647473560518,-0.02952457578791516,1.0176,1.2404,15.53,-1.15,478.0,311.92,0.5130057803468208,False,16.6984,483.330264,21.7,0.7727272727272727,0.7651515151515151,0.007575757575757569,0.8181818181818182,9,18,6,0,0,33,2.705803827377525,0.0,2026-06-30,False,0.344280237684493,1.0,0.344280237684493,0.49333333333333335,0.5095565522955176,0.6929530201342282,0.4407081694052303,0.49296718788074206,0.344280237684493,0.46322979784149226,45,0.32666666666666666,0.49333333333333335,0.5333333333333333,0.7933333333333333,0.7,0.7066666666666667,2026-09-04,v2,SPY Top 150,False
KLAC,KLA Corp,Technology,172.94,0.39,46.636,62.0673,16.5903,37.8358,0.021442662320953768,0.016111543437526684,0.06027618548187797,0.026429994872580995,85.38,61.57,0.8004,0.49280628000000004,41.77,38.55,1.0835278858625164,-0.08022227849974561,0.9272,2.8762,11.71,20.63,307.3743,83.22,0.4002599994735769,False,105.9419,234.468624,35.6,0.7428571428571429,0.7357142857142858,0.0071428571428571175,0.6857142857142857,10,14,11,0,0,35,1.4749887460556024,0.0,2026-06-30,False,0.10796338892083573,1.0,0.10796338892083573,0.9333333333333333,0.7571640002285518,0.7181208053691275,0.39341819023374225,0.5501102702409947,0.10796338892083573,0.4616808939769629,46,0.06,0.9333333333333333,0.96,0.84,0.6,0.7,2026-09-04,v2,SPY Top 150,False
CVS,CVS Health Corp,Healthcare,97.2,-0.03,25.3035,1.6561,0.2981,19.817,0.03952022447487502,0.6038282712396594,3.354579000335458,0.05046172478175304,6.41,14.15,1.6348,0.23132420000000004,2.11,2.88,0.7326388888888888,-0.3111023466598795,0.7705,0.8656,7.36,5.27,110.68,69.51,0.6725771192615981,False,29.075200000000002,114.783456,18.1,0.7727272727272727,0.7727272727272727,0.0,0.8484848484848485,8,20,5,0,0,33,2.4974326388402797,0.0,2026-06-30,False,0.7386582327007859,1.0,0.7386582327007859,0.6266666666666667,0.2824038368139874,0.5463087248322147,0.43376996065725526,0.5063796149510906,0.2824038368139874,0.46158445932367004,47,0.8333333333333334,0.6266666666666667,0.08666666666666667,0.54,0.6933333333333334,0.6933333333333334,2026-09-04,v2,SPY Top 150,False
TXN,Texas Instruments Inc,Technology,253.83,-0.38,37.6609,15.0648,11.7166,25.4176,0.026552737720022625,0.0663799054750146,0.08534899202840415,0.03934281757522347,35.77,58.33,0.5563,0.32448978999999994,37.29,42.06,0.8865905848787445,-0.12037197608382441,0.7804,4.8573,16.66,20.26,334.03,152.73,0.5576392719249864,False,32.5145,315.719376,24.4,0.6395348837209303,0.625,0.014534883720930258,0.4883720930232558,7,14,19,2,1,43,1.6630994233063483,0.0,2026-06-30,True,0.24878282537857005,1.0,0.24878282537857005,0.6866666666666666,0.612003652067918,0.6771812080536912,0.41277019208516547,0.5118152390551977,0.24878282537857005,0.4592087563198722,48,0.22,0.6866666666666666,0.72,0.78,0.6533333333333333,0.6866666666666666,2026-09-04,v2,SPY Top 150,False
WFC,Wells Fargo & Co,Financials,89.19,-0.09,11.9395,1.389,1.90599,,0.0837556011558273,0.7199424046076314,0.5246617243532232,,12.55,,,,25.34514,25.21255,1.0052588889263483,-0.005245109259358108,2.5479,,72.74767,16.88,97.76,72.78,0.6569255404323456,False,7.546899999999999,102.255,14.6,0.7166666666666667,0.7413793103448276,-0.02471264367816095,0.6666666666666666,6,14,10,0,0,30,2.6848089464264913,0.0,2026-06-30,True,0.8398648648648649,1.0,0.8398648648648649,0.3933333333333333,0.4697701149425288,0.24194630872483222,0.4856283267762092,0.5114640947937059,0.24194630872483222,0.4575605375799312,49,0.9333333333333333,0.3933333333333333,0.4533333333333333,0.13333333333333333,0.78,0.68,2026-09-04,v2,SPY Top 150,False
T,AT&T Inc,Comm Services,26.19,0.92,8.2691,1.3023,1.401,6.6257,0.12093214497345539,0.7678722260615833,0.7137758743754461,0.1509274491751815,19.54,59.72,0.3006,0.17951831999999998,20.12,13.9,1.4474820143884892,-0.36982550509489237,1.3034,0.971,2.63,72.22,29.79,19.89,0.6363636363636366,False,-10.8722,29.002476,10.7,0.7,0.7,0.0,0.5714285714285714,9,11,14,1,0,35,3.2129308745768217,0.0,2026-06-30,False,0.9738297872340425,1.0,0.9738297872340425,0.18666666666666668,0.3197402413126494,0.39026845637583896,0.5938532747049294,0.5251778683498793,0.18666666666666668,0.4574756280132368,50,0.9933333333333333,0.18666666666666668,0.14,0.3,0.9133333333333333,0.6733333333333333,2026-09-04,v2,SPY Top 150,False
HCA,HCA Healthcare Inc,Healthcare,409.2,1.78,13.0578,256.9178,1.1449,8.7649,0.07658257899493023,0.0038922955124168117,0.8734387282732116,0.11409143287430545,695.73,85.26,1.2728,1.08518928,15.48,15.39,1.0058479532163742,-0.005830920310793144,125.7976,0.993,7.31,25.46,556.52,353.99,0.2726015898879178,False,1.6279000000000001,462.27726,13.0,0.6833333333333333,0.7,-0.016666666666666607,0.5666666666666667,6,11,12,1,0,30,0.14601096312744102,0.0,2026-06-30,False,0.7093281579451793,1.0,0.7093281579451793,0.34,0.7793438562408936,0.20134228187919462,0.2368525804211988,0.5209315397975817,0.20134228187919462,0.45701368821390426,51,0.7866666666666666,0.34,0.9866666666666667,0.09333333333333334,0.28,0.6666666666666666,2026-09-04,v2,SPY Top 150,False
GEV,GE Vernova Inc,Industrials,941.84,2.16,29.3342,26.4036,6.7563,38.1368,0.034089901889262364,0.03787362329379327,0.1480100054763702,0.02622139246082524,83.39,20.32,0.6043,0.12279375999999999,15.44,-1.22,,,0.2337,0.8496,12.98,744.44,1195.94,530.16,0.6183423953858632,False,57.1652,1240.2732839999999,31.7,0.7738095238095238,0.7559523809523809,0.017857142857142905,0.8333333333333334,11,24,7,0,0,42,-1.3249709086065011,0.0,2026-06-30,False,0.2734598428215449,1.0,0.2734598428215449,0.8666666666666667,0.49527533830433584,0.8664429530201342,0.2335570469798658,0.5119363765143604,0.2335570469798658,0.45626051060746153,52,0.24666666666666667,0.8666666666666667,0.5066666666666667,0.9733333333333334,0.26666666666666666,0.66,2026-09-04,v2,SPY Top 150,False
CAT,Caterpillar Inc,Industrials,800.14,0.99,33.9451,25.2892,4.9258,26.2771,0.029459332863947967,0.0395425715325119,0.2030127085955581,0.03805594985748047,54.2,34.67,0.7655,0.26539885,17.52,16.56,1.0579710144927537,-0.05635293655113178,2.3277,1.3684,18.36,18.21,1073.46,411.37,0.5871860321104381,False,91.5065,977.2591440000001,22.1,0.6764705882352942,0.6911764705882353,-0.014705882352941124,0.5294117647058824,7,11,15,1,0,34,4.974415552729205,0.0,2026-06-30,False,0.31741038911251673,1.0,0.31741038911251673,0.92,0.5776691902598825,0.3063758389261745,0.577014579958343,0.49248070913508024,0.3063758389261745,0.4552597350932991,53,0.28,0.92,0.6666666666666666,0.18666666666666668,0.9,0.6533333333333333,2026-09-04,v2,SPY Top 150,False
NOC,Northrop Grumman Corp,Industrials,528.24,0.84,16.5414,4.0449,1.7339,14.2525,0.06045437508312477,0.24722490049197754,0.576734529096257,0.07016312927556569,26.58,20.06,0.8517,0.17085102,10.72,10.68,1.00374531835206,-0.003738322110607158,0.8494,1.1682,5.9,15.95,774.0,479.02,0.1668587700861076,False,-6.900799999999999,662.651058,25.4,0.6964285714285714,0.7053571428571429,-0.008928571428571508,0.6071428571428571,5,12,11,0,0,28,1.6843868957220978,0.0,2026-06-30,True,0.7867711328349626,1.0,0.7867711328349626,0.23333333333333334,0.514437319658315,0.36845637583892615,0.4037121036797038,0.5086054031593092,0.23333333333333334,0.45355098919411413,54,0.8666666666666667,0.23333333333333334,0.54,0.2733333333333333,0.6133333333333333,0.6466666666666666,2026-09-04,v2,SPY Top 150,False
CMI,Cummins Inc,Industrials,545.5,-0.98,27.8328,7.6606,2.1772,18.7327,0.03592883216923917,0.13053807795734015,0.45930553003858166,0.05338258766755459,21.89,25.66,1.0082,0.25870412,11.22,10.75,1.0437209302325583,-0.0427921455208786,0.599,1.7272,2.93,-7.98,737.76,389.52,0.4479094877096256,False,42.881,767.649348,40.7,0.7142857142857143,0.7053571428571429,0.008928571428571397,0.6785714285714286,5,14,9,0,0,28,-0.8749581576565397,0.0,2026-06-30,False,0.5570107341383937,1.0,0.5570107341383937,0.7733333333333333,0.573404712929368,0.7369127516778524,0.0759453830131914,0.5473817885342914,0.0759453830131914,0.45309450743007146,55,0.6066666666666667,0.7733333333333333,0.6533333333333333,0.8633333333333333,0.04,0.64,2026-09-04,v2,SPY Top 150,False
TJX,TJX Companies Inc,Cons Discretionary,132.19,0.67,23.789,16.3356,2.3143,15.2907,0.04203623523477237,0.0612159945150469,0.43209609817223354,0.06539922959707535,59.77,32.0,1.7296,0.5534720000000001,12.69,10.47,1.2120343839541545,-0.19230025684385063,0.2696,1.1474,7.66,23.31,170.0,131.18,0.02601751674394619,False,-3.9090999999999996,173.91,31.6,0.7592592592592593,0.8076923076923077,-0.04843304843304841,0.7777777777777778,8,13,5,1,0,27,0.41155072386631114,0.0,2026-09-30,False,0.5694316657082614,1.0,0.5694316657082614,0.2733333333333333,0.7222239665171557,0.3892617449664429,0.2433788474890072,0.5007176158321851,0.2433788474890072,0.44924986216354956,56,0.62,0.2733333333333333,0.92,0.29333333333333333,0.29333333333333333,0.6333333333333333,2026-09-04,v2,SPY Top 150,False
GLW,Corning Inc,Technology,146.0,1.3,64.0533,17.5026,7.1741,47.3022,0.015611998132805026,0.05713436860809251,0.13939030679806527,0.021140665761846172,15.93,36.38,0.5424,0.19732512,15.31,11.09,1.3805229936880072,-0.32246240830731676,0.6707,1.8132,19.41,131.21,271.78,66.4,0.3875742526049275,False,110.95270000000001,199.614,36.7,0.7738095238095238,0.75,0.023809523809523836,0.7619047619047619,7,9,5,0,0,21,1.6470158235621497,0.0,2026-06-30,False,0.17589610887483229,1.0,0.17589610887483229,0.9466666666666667,0.3977678294241446,0.9073825503355705,0.49571395510298544,0.5138046460451801,0.17589610887483229,0.4462229386111105,57,0.10666666666666667,0.9466666666666667,0.2733333333333333,0.9933333333333333,0.8066666666666666,0.6266666666666667,2026-09-04,v2,SPY Top 150,False
SHW,Sherwin-Williams Co,Materials,332.26,0.3,29.9416,22.0307,3.2973,23.8608,0.03339834878563604,0.04539120409247096,0.30327843993570497,0.04190974317709381,62.12,48.98,0.9261,0.45360377999999996,14.29,13.15,1.0866920152091253,-0.08313823331800231,3.1318,0.727,5.76,7.65,377.77,289.86,0.48231145489705374,False,-6.522799999999999,400.062564,20.4,0.6796875,0.675,0.004687499999999956,0.5625,5,13,14,0,0,32,3.1691329705456672,0.0,2026-06-30,False,0.39355472493770366,1.0,0.39355472493770366,0.24,0.613540287023017,0.5661073825503355,0.48704929414487386,0.4927296379731292,0.24,0.44218371037850335,58,0.36666666666666664,0.24,0.7266666666666667,0.5933333333333334,0.7866666666666666,0.62,2026-09-04,v2,SPY Top 150,False
CSX,CSX Corp,Industrials,48.99,0.7,28.2383,6.2716,6.2715,16.4704,0.03541289666870881,0.15944894444798774,0.1594514868851152,0.06071497959976685,24.07,71.47,0.33,0.235851,34.15,38.18,0.894447354635935,-0.11154923228080248,1.3396,0.8204,2.52,6.36,53.6,31.8,0.7885321100917432,False,54.3949,53.9733,10.2,0.725,0.7142857142857143,0.010714285714285676,0.7,7,14,8,1,0,30,0.7421500915534914,0.0,2026-06-30,True,0.4941211424190147,1.0,0.4941211424190147,0.8533333333333334,0.4255044472378558,0.5798657718120805,0.24860911825966212,0.4897794752108092,0.24860911825966212,0.44154540382057983,59,0.5466666666666666,0.8533333333333334,0.3466666666666667,0.6533333333333333,0.32,0.6133333333333333,2026-09-04,v2,SPY Top 150,False
NEE,Nextera Energy Inc,Utilities,84.06,1.16,18.8566,3.2044,6.1095,18.3569,0.05303182970418845,0.31207090250905006,0.1636795155086341,0.05447542885781369,16.82,,0.1318,,29.82,26.67,1.1181102362204725,-0.11163997114266946,1.929,0.5338,10.82,55.3,98.75,69.24,0.5022026431718063,False,15.089799999999999,99.58362,18.5,0.7232142857142857,0.7241379310344828,-0.000923645320197064,0.6428571428571429,8,10,9,1,0,28,0.7237897215676752,0.0,2026-06-30,False,0.6346214299405788,1.0,0.6346214299405788,0.48,0.3954621984782256,0.4375838926174497,0.34732237907891694,0.4649091524139399,0.34732237907891694,0.4413917977469353,60,0.7,0.48,0.24666666666666667,0.37333333333333335,0.4866666666666667,0.6066666666666667,2026-09-04,v2,SPY Top 150,False
ANET,Arista Networks Inc,Technology,191.44,2.87,58.0314,14.4559,22.2672,50.0956,0.017232050234872846,0.06917590741496552,0.04490910397355752,0.01996183297535113,30.78,63.0,0.5088,0.320544,43.14,37.92,1.1376582278481013,-0.12897196357418933,0.0,2.9572,32.57,24.69,214.89,114.52,0.7663644515293415,False,40.3643,242.832522,26.8,0.8,0.8014705882352942,-0.0014705882352941124,0.9428571428571428,9,24,2,0,0,35,7.291434652164328,0.0,2026-06-30,False,0.12889208357293463,1.0,0.12889208357293463,0.7333333333333333,0.6596893885286023,0.5919463087248322,0.6138856746123582,0.5139352837219678,0.12889208357293463,0.4369266436921612,61,0.07333333333333333,0.7333333333333333,0.8133333333333334,0.6733333333333333,0.94,0.6,2026-09-04,v2,SPY Top 150,False
BKNG,Booking Holdings Inc,Comm Services,195.13,-2.24,20.4668,91.9014,5.2245,15.2725,0.04885961654972932,0.01088122705421245,0.19140587616039811,0.06547716483876248,139.63,98.09,0.9787,0.96000683,32.87,28.47,1.1545486476993325,-0.14370948638618175,11.2905,1.0943,12.85,57.21,226.1,150.14,0.5922854133754608,False,-10.877699999999999,242.443494,24.2,0.776595744680851,0.7771739130434783,-0.0005781683626272516,0.8297872340425532,13,26,8,0,0,47,0.42937627612718865,0.0,2026-06-30,False,0.4871113666858347,1.0,0.4871113666858347,0.18,0.6737598396327935,0.5533557046979866,0.30507752834991897,0.4983385637533818,0.18,0.43467085100270547,62,0.5266666666666666,0.18,0.8466666666666667,0.5633333333333334,0.41333333333333333,0.5933333333333334,2026-09-04,v2,SPY Top 150,False
REGN,Regeneron Pharmaceuticals Inc,Healthcare,843.47,-1.0,20.2649,2.0614,5.6468,20.123,0.049346406841385845,0.4851072086931212,0.17709145002479282,0.04969437956567112,13.81,85.97,0.3805,0.32711585,24.74,35.7,0.6929971988795517,-0.36672932182125173,0.0854,3.3353,9.29,1.88,854.4865,541.0,0.9648581358367906,False,44.496300000000005,852.181134,1.0,0.7236842105263158,0.7368421052631579,-0.013157894736842035,0.6842105263157895,8,18,12,0,0,38,2.530298006330677,0.0,2026-06-30,False,0.6449654974123059,1.0,0.6449654974123059,0.8,0.533138745250407,0.17181208053691277,0.4288498032862763,0.49987288452852263,0.17181208053691277,0.4342607237302007,63,0.72,0.8,0.5933333333333334,0.08666666666666667,0.68,0.5866666666666667,2026-09-04,v2,SPY Top 150,False
ISRG,Intuitive Surgical Inc,Healthcare,369.83,-0.55,41.8558,7.7521,11.9061,35.6417,0.02389155146956933,0.12899730395634731,0.08399055946111657,0.028057023093735707,17.810000000000002,66.68,0.5463,0.36427284000000004,31.28,27.89,1.1215489422732163,-0.11471071403771285,0.0,4.9627,20.66,21.76,603.88,328.57,0.14986742217863497,False,-14.3865,490.3854,32.6,0.75625,0.7375,0.018749999999999933,0.725,13,16,10,1,0,40,2.196718857664023,0.0,2026-06-30,True,0.2298303622771708,1.0,0.2298303622771708,0.14666666666666667,0.6559763020312545,0.8409395973154361,0.45657949548715576,0.5055919916314963,0.14666666666666667,0.4338069266385304,64,0.18,0.14666666666666667,0.7933333333333333,0.94,0.72,0.58,2026-09-04,v2,SPY Top 150,False
CMCSA,Comcast Corp,Comm Services,26.65,-0.6,8.4351,0.977,0.7563,5.1994,0.11855224004457564,1.0235414534288638,1.322226629644321,0.1923298842174097,12.04,69.39,0.4699,0.32606360999999995,14.66,16.83,0.87106357694593,-0.13804031174420914,1.0069,0.7958,0.58,-49.0,32.86,21.28,0.4637305699481864,False,-16.2993,32.014842,20.1,0.6125,0.6125,0.0,0.4,5,11,21,3,0,40,1.574690361946826,0.0,2026-06-30,False,0.9946396396396397,1.0,0.9946396396396397,0.11333333333333333,0.4028022169528326,0.4325503355704698,0.3083128905345985,0.5135909090233768,0.11333333333333333,0.4335393938853681,65,1.0,0.11333333333333333,0.3,0.36666666666666664,0.42,0.5733333333333334,2026-09-04,v2,SPY Top 150,False
ACN,Accenture PLC,Technology,193.12,2.9,15.0068,3.7846,1.5992,8.5382,0.06663645813897699,0.2642287163768958,0.6253126563281641,0.11712070459815886,24.89,32.01,1.0994,0.35191794,14.49,14.67,0.9877300613496933,-0.012345835822299266,0.1612,1.3392,6.74,-0.37,291.09,118.15,0.43350294899965314,False,-25.696,198.86123999999998,3.0,0.6953125,0.6953125,0.0,0.59375,6,13,13,0,0,32,0.7184978836946156,0.0,2026-06-30,True,0.8483362085489745,1.0,0.8483362085489745,0.05333333333333334,0.7137245664657316,0.31610738255033555,0.22534598472575793,0.5285581296292272,0.05333333333333334,0.43351317037004844,66,0.9466666666666667,0.05333333333333334,0.9066666666666666,0.22666666666666666,0.25333333333333335,0.5666666666666667,2026-09-04,v2,SPY Top 150,False
AXP,American Express Co,Financials,329.82,-0.05,19.5058,6.7327,2.7484,23.7127,0.05126680269458315,0.14852882201791257,0.3638480570513753,0.042171494599940115,34.12,60.62,0.2675,0.1621585,18.18,18.88,0.9629237288135594,-0.03778107196802181,6.3017,0.2566,9.48,15.53,387.49,290.97,0.40250725238292556,False,1.9944000000000002,383.44543799999997,16.3,0.6554054054054054,0.6458333333333334,0.009572072072072002,0.5405405405405406,5,15,16,0,1,37,0.8756622349151112,0.0,2026-06-30,False,0.6060762890550124,1.0,0.6060762890550124,0.3466666666666667,0.40021274366959025,0.5778523489932885,0.2983059476972923,0.4665659239845484,0.2983059476972923,0.4329139287270972,67,0.6666666666666666,0.3466666666666667,0.29333333333333333,0.6466666666666666,0.3933333333333333,0.56,2026-09-04,v2,SPY Top 150,False
MCK,McKesson Corp,Healthcare,921.38,-0.37,23.3958,4.0599,0.2614,16.5727,0.04274271450431274,0.24631148550456908,3.825554705432287,0.06034019803652995,39.43,3.64,4.8493,0.17651452000000004,1.58,1.26,1.253968253968254,-0.22631312607548879,1.2917,0.8931,8.84,49.07,999.0,682.35,0.754871309016264,False,29.406000000000002,1001.9970000000001,8.7,0.78125,0.8152173913043478,-0.03396739130434778,0.7916666666666666,8,11,5,0,0,24,1.2166907739266106,0.0,2026-06-30,False,0.7119369369369368,1.0,0.7119369369369368,0.6333333333333333,0.3958096163186013,0.2536912751677852,0.4122749363573247,0.47263994795030373,0.2536912751677852,0.4288502133938001,68,0.7933333333333333,0.6333333333333333,0.25333333333333335,0.14,0.6466666666666666,0.5533333333333333,2026-09-04,v2,SPY Top 150,False
CB,Chubb Limited,Financials,348.25,2.6,12.0041,1.7534,2.1725,8.9623,0.08330487083579777,0.5703205201323144,0.4602991944764097,0.11157850105441683,15.18,,0.2249,,23.26,19.24,1.2089397089397091,-0.1897437018529581,0.2425,0.162,8.02,24.7,365.91,265.3,0.8244707285558094,False,21.7548,361.746978,3.9,0.6642857142857143,0.6714285714285714,-0.0071428571428571175,0.5142857142857142,8,10,15,1,1,35,0.8488979884416739,0.0,2026-06-30,True,0.898901667625072,1.0,0.898901667625072,0.5466666666666666,0.43750040472721385,0.1697986577181208,0.32331867623235366,0.493099737969576,0.1697986577181208,0.42843952191928497,69,0.98,0.5466666666666666,0.37333333333333335,0.08,0.44,0.5466666666666666,2026-09-04,v2,SPY Top 150,False
NEM,Newmont Corporation,Materials,130.43,4.21,15.9715,2.8292,5.3288,8.5404,0.06261152678208058,0.35345680757811393,0.18765951058399638,0.117090534401199,25.05,68.94,0.4538,0.31284972,50.97,14.04,3.6303418803418803,-1.2893268257542854,0.1588,2.5461,25.18,42.23,135.29,73.44,0.9214227970897334,False,66.6646,136.25160000000002,4.5,0.7890625,0.7903225806451613,-0.0012600806451612545,0.84375,10,17,5,0,0,32,0.4196666916223682,0.0,2026-06-30,False,0.7508366877515814,0.5,0.3754183438757907,0.8933333333333333,0.5243511222847566,0.3919463087248322,0.2906873408933117,0.46248561886667117,0.2906873408933117,0.4281259632719993,70,0.34,0.8933333333333333,0.5466666666666666,0.30666666666666664,0.37333333333333335,0.54,2026-09-04,v2,SPY Top 150,False
WMB,Williams Companies Inc,Energy,74.05,-1.48,29.9123,6.8929,7.532,17.519,0.03343106347556022,0.14507681817522378,0.1327668613913967,0.05708088361207832,23.86,82.37,0.2082,0.17149434000000002,38.18,33.0,1.156969696969697,-0.14580425683112133,2.3346,0.4771,8.72,26.31,80.08,56.09,0.7486452688620258,False,30.0457,86.63931,17.0,0.7592592592592593,0.7586206896551724,0.0006385696040869249,0.8148148148148148,7,15,4,1,0,27,2.479330067855023,0.0,2026-06-30,False,0.4354753689860073,1.0,0.4354753689860073,0.6533333333333333,0.31245702749288157,0.5687919463087249,0.499379773200648,0.4566046390695418,0.31245702749288157,0.42777511675420976,71,0.44,0.6533333333333333,0.11333333333333333,0.6066666666666667,0.8133333333333334,0.5333333333333333,2026-09-04,v2,SPY Top 150,False
ICE,Intercontinental Exchange Inc,Financials,164.59,4.27,22.5138,2.3559,6.7713,15.6342,0.04441720189394949,0.42446623371110825,0.14768212898557145,0.06396233897481163,13.850000000000001,78.64,0.0851,0.06692263999999999,40.72,40.75,0.9992638036809816,-0.0007364674446044524,0.6716,1.0123,6.95,35.87,176.59,121.79,0.7810218978102189,False,-8.0935,188.367786,14.4,0.7875,0.7857142857142857,0.0017857142857142794,0.9,5,13,2,0,0,20,1.2753151666399876,0.0,2026-06-30,False,0.6183074563925628,1.0,0.6183074563925628,0.22,0.39995927015779603,0.6073825503355705,0.40992825734783617,0.47953039381476903,0.22,0.42762431505181525,72,0.6866666666666666,0.22,0.2866666666666667,0.7,0.64,0.5266666666666666,2026-09-04,v2,SPY Top 150,False
LLY,Eli Lilly and Co,Healthcare,1159.6,-0.04,40.3139,33.3408,13.5169,31.4228,0.024805340093615357,0.02999328150494289,0.07398146024606234,0.031824025866568226,92.58,83.4,0.6553,0.5465202,42.22,26.78,1.5765496639283045,-0.455238702157148,1.6207,1.3546,49.58,94.62,1292.65,712.05,0.77084050981743,False,56.939,1322.743446,14.1,0.7631578947368421,0.7631578947368421,0.0,0.7894736842105263,11,19,7,1,0,38,3.587324693569875,0.0,2026-06-30,False,0.15147306881349434,0.9514448128848888,0.144118265614355,0.86,0.627962598443943,0.48087248322147647,0.6094376301781995,0.4980084871077969,0.144118265614355,0.42723044280910855,73,0.09333333333333334,0.86,0.76,0.46,0.9266666666666666,0.52,2026-09-04,v2,SPY Top 150,False
VRT,Vertiv Holdings Co,Technology,268.83,4.73,59.7554,27.032,9.0157,43.6778,0.016734889231768173,0.03699319325244155,0.11091762148252492,0.02289492602649401,42.11,38.04,0.8775,0.333801,18.41,8.12,2.267241379310345,-0.8185638410714001,0.6179,1.3786,26.23,111.16,379.935,118.7,0.5746932838249086,False,105.1761,337.638258,25.6,0.7916666666666666,0.7794117647058824,0.01225490196078427,0.8888888888888888,10,22,4,0,0,36,1.1606471166956316,0.0,2026-06-30,False,0.14303526931186505,0.6615969581749048,0.09463169908845823,0.9266666666666666,0.5451138473845099,0.8268456375838926,0.42703540847026156,0.5092831844414519,0.09463169908845823,0.4263528873708532,74,0.02666666666666667,0.9266666666666666,0.6066666666666667,0.9266666666666666,0.6733333333333333,0.5133333333333333,2026-09-04,v2,SPY Top 150,False
RTX,RTX Corp,Industrials,202.13,0.67,35.1039,3.8493,2.9052,20.2023,0.028486863282997044,0.259787493830047,0.3442103813851026,0.04949931443449508,11.799999999999999,20.35,0.5467,0.11125345,11.21,7.79,1.4390243902439026,-0.36396537720141175,0.5632,1.0105,11.84,24.78,226.884,150.61,0.6754595274929858,False,30.3332,229.473582,13.5,0.7083333333333334,0.7,0.008333333333333415,0.6666666666666666,7,13,9,0,1,30,2.8071139588492993,0.0,2026-06-30,True,0.5171506612995975,1.0,0.5171506612995975,0.6666666666666666,0.25773070403489223,0.5533557046979866,0.5274195788012035,0.46305762096181147,0.25773070403489223,0.4219922375764276,75,0.58,0.6666666666666666,0.06,0.5633333333333334,0.84,0.5066666666666667,2026-09-04,v2,SPY Top 150,False
CRM,Salesforce Inc,Technology,264.43,2.92,22.664,3.9271,4.9838,26.6196,0.04412283798093893,0.2546408291105396,0.20065010634455638,0.037566304527491025,20.150000000000002,77.28,0.4148,0.32055744,18.78,10.6,1.7716981132075473,-0.5719384726620955,1.0237,0.8385,11.23,59.27,269.11,146.32,0.9618861470803811,False,0.42410000000000003,277.006908,4.8,0.7330508474576272,0.7327586206896551,0.00029222676797202585,0.7457627118644068,14,30,13,1,1,59,8.494069412172767,0.0,2026-09-30,False,0.5180419781483611,0.8466453674121405,0.4385978409243312,0.32666666666666666,0.3953777057204621,0.4224832214765101,0.6655172413793103,0.44525366911608666,0.32666666666666666,0.4215362686262027,76,0.44666666666666666,0.32666666666666666,0.24,0.35333333333333333,1.0,0.5,2026-09-04,v2,SPY Top 150,False
QCOM,Qualcomm Inc,Technology,168.57,-0.82,19.1342,7.1918,4.0201,16.0462,0.052262441074097686,0.13904724825495704,0.24875003109375388,0.0623200508531615,37.330000000000005,54.23,0.8098,0.43915454,23.0,27.9,0.8243727598566308,-0.19313247289817023,0.5521,2.0156,1.88,-16.65,259.92,121.99,0.337707532806496,False,8.367099999999999,197.00841,16.9,0.6122448979591837,0.609375,0.002869897959183687,0.40816326530612246,5,15,26,3,0,49,-0.4818001792575668,0.0,2026-06-30,False,0.6188949587885758,1.0,0.6188949587885758,0.4066666666666667,0.6696912550352827,0.4677852348993289,0.0925387641749595,0.5037356444805051,0.0925387641749595,0.421496268419396,77,0.6933333333333334,0.4066666666666667,0.84,0.4266666666666667,0.05333333333333334,0.49333333333333335,2026-09-04,v2,SPY Top 150,False
GILD,"Gilead Sciences, Inc",Healthcare,151.22,1.08,,13.2617,6.1057,19.1296,,0.07540511397482978,0.1637813846078255,0.05227500836400134,-16.3,79.6,0.5458,0.4344567999999999,-8.2,26.21,-0.3128576879053796,,2.219,1.2654,5.52,,157.29,108.46,0.8756911734589393,False,30.1754,160.94886,6.4,0.7635135135135135,0.7702702702702703,-0.006756756756756799,0.8108108108108109,9,21,7,0,0,37,4.0254626656897345,0.0,2026-06-30,False,0.4423049645390071,1.0,0.4423049645390071,0.66,0.4370796741231704,0.29966442953020134,0.5597315436241611,0.4515927608213674,0.29966442953020134,0.4212070945631342,78,0.46,0.66,0.36666666666666664,0.18,0.8866666666666667,0.4866666666666667,2026-09-04,v2,SPY Top 150,False
HON,Honeywell International Inc,Industrials,207.63,0.76,8.6003,3.8268,1.9002,8.4803,0.11627501366231409,0.2613149367617853,0.5262603936427744,0.11792035659115833,53.6,36.41,0.5096,0.18554536000000002,28.84,18.49,1.559762033531639,-0.44453326701771495,1.8335,1.2106,-0.11,169.74,496.36,204.81,0.009672440404733298,False,-45.423,304.841688,46.8,0.7016129032258065,0.6875,0.014112903225806495,0.6451612903225806,5,15,11,0,0,31,-1.9505956392824528,0.0,2026-06-30,False,0.8655204140310522,0.9616851595006933,0.8323581374185586,0.013333333333333334,0.4060696035577903,0.7822147651006711,0.20988197176579498,0.5191689975403135,0.013333333333333334,0.4180018646989175,79,0.92,0.013333333333333334,0.30666666666666664,0.9,0.22666666666666666,0.48,2026-09-04,v2,SPY Top 150,False
AMGN,Amgen Inc,Healthcare,444.12,0.29,27.3834,16.7214,6.2846,18.7151,0.036518474696348883,0.05980360496130707,0.1591191165706648,0.05343278956564485,89.32,74.3,0.4131,0.3069333,30.32,28.53,1.0627409744128986,-0.06085139554876219,4.9028,1.3709,9.1,31.72,447.03,269.77,0.9835834367595624,False,50.7808,397.709526,-10.4,0.627906976744186,0.6337209302325582,-0.005813953488372103,0.46511627906976744,6,14,20,2,1,43,3.6317970306339107,0.0,2026-06-30,False,0.41081656124209315,1.0,0.41081656124209315,0.8333333333333334,0.6089119551657477,0.14966442953020137,0.5686554038417033,0.48394225667587665,0.14966442953020137,0.4170866912467416,80,0.4,0.8333333333333334,0.7066666666666667,0.04666666666666667,0.8933333333333333,0.47333333333333333,2026-09-04,v2,SPY Top 150,False
SYK,Stryker Corp,Healthcare,307.99,-1.35,31.8132,5.0316,4.5915,20.8559,0.031433493015477855,0.19874393830988155,0.21779374931939455,0.04794806265852829,16.36,65.31,0.5465,0.35691915,21.32,17.04,1.251173708920188,-0.22408207789647427,0.6229,2.1571,8.48,27.71,396.86,281.0,0.2329535646469878,False,-16.0691,392.35238400000003,27.4,0.7867647058823529,0.7857142857142857,0.0010504201680672232,0.7941176470588235,12,15,7,0,0,34,1.1215459503060061,0.0,2026-06-30,False,0.4781656124209316,1.0,0.4781656124209316,0.12,0.5417866897123104,0.7070469798657718,0.3665308956260125,0.4904664403359822,0.12,0.4163731522687858,81,0.5133333333333333,0.12,0.6,0.8133333333333334,0.5333333333333333,0.4666666666666667,2026-09-04,v2,SPY Top 150,False
DHR,Danaher Corp,Healthcare,211.03,0.53,36.7698,2.6408,5.864,28.718,0.027196231690137018,0.37867312935474096,0.17053206002728513,0.03482136639041716,7.66,58.57,0.296,0.1733672,20.42,23.08,0.8847487001733103,-0.12245162890337923,0.5051,1.651,4.56,19.66,242.8,160.93,0.6119457676804689,False,6.9588,230.07211800000002,9.0,0.8046875,0.796875,0.0078125,0.84375,12,15,5,0,0,32,1.129856034931391,0.0,2026-06-30,True,0.43536611079164267,1.0,0.43536611079164267,0.38666666666666666,0.3726068098924854,0.6231543624161073,0.3409210830826198,0.4350592722779374,0.3409210830826198,0.4162316344388739,82,0.43333333333333335,0.38666666666666666,0.20666666666666667,0.7333333333333333,0.4666666666666667,0.46,2026-09-04,v2,SPY Top 150,False
JNJ,Johnson & Johnson,Healthcare,278.43,1.17,31.8475,7.3236,6.8414,21.581,0.0313996389041526,0.13654486864383636,0.14616891279562663,0.04633705574347806,25.740000000000002,68.05,0.4934,0.3357587,25.73,23.93,1.075219389887171,-0.07252472437337085,0.5771,1.0889,8.06,-7.75,281.07,173.33,0.9754965658065715,False,51.0916,274.55931599999997,-1.4,0.7338709677419355,0.7258064516129032,0.008064516129032251,0.7096774193548387,7,15,9,0,0,31,0.35772413699001365,0.0,2026-06-30,True,0.39021659957830174,1.0,0.39021659957830174,0.84,0.6053676494395719,0.4671140939597315,0.15450590141171025,0.4797631487301498,0.15450590141171025,0.41471169926646195,83,0.35333333333333333,0.84,0.6933333333333334,0.42,0.12,0.4533333333333333,2026-09-04,v2,SPY Top 150,False
DUK,Duke Energy Corp,Utilities,121.4,0.7,17.9969,1.8024,2.84,11.6753,0.055565125104879175,0.5548158011540169,0.35211267605633806,0.0856509040452922,9.879999999999999,45.96976,0.169,0.0776888944,27.75,24.09,1.1519302615193026,-0.14143902356566346,1.6664,0.6612,6.33,7.71,134.49,113.9,0.36425449247207375,False,-1.3158,138.83393400000003,14.4,0.6666666666666666,0.6517857142857143,0.014880952380952328,0.5555555555555556,4,11,11,1,0,27,1.6620938571337012,0.0,2026-06-30,False,0.808184780525206,1.0,0.808184780525206,0.3,0.19019258825434013,0.6201342281879194,0.37769034945614444,0.4697843696636091,0.19019258825434013,0.4138660133817553,84,0.88,0.3,0.006666666666666667,0.72,0.5533333333333333,0.44666666666666666,2026-09-04,v2,SPY Top 150,False
TMO,Thermo Fisher Scientific Inc,Healthcare,618.43,1.63,32.5124,3.572,4.8878,28.0239,0.03075749560167813,0.2799552071668533,0.20459102254593067,0.03568382701908014,13.33,40.93,0.4214,0.17247902,17.58,18.55,0.947708894878706,-0.0537078967964134,0.8076,1.5505,7.23,7.52,647.0,435.27,0.8650639965994424,False,26.9758,650.820078,5.2,0.7777777777777778,0.7847222222222222,-0.00694444444444442,0.8055555555555556,11,18,7,0,0,36,3.1505493546671413,0.0,2026-06-30,False,0.450027793751198,1.0,0.450027793751198,0.5933333333333334,0.4194126265367731,0.31409395973154364,0.4823142791020597,0.4328300035437824,0.31409395973154364,0.4090827947813347,85,0.47333333333333333,0.5933333333333334,0.32666666666666666,0.22,0.76,0.44,2026-09-04,v2,SPY Top 150,False
HWM,Howmet Aerospace Inc,Industrials,260.49,2.98,55.423,18.7671,11.374,38.6757,0.01804305071901557,0.05328473765259417,0.08791981712678038,0.025856028462316133,34.410000000000004,36.03,0.7492,0.26993676,27.2,18.43,1.475854584915898,-0.3892372016202197,0.7852,1.8183,18.08,35.22,310.0,172.41,0.6401628025292536,False,41.701,338.403258,29.9,0.7857142857142857,0.7857142857142857,0.0,0.8214285714285714,9,14,5,0,0,28,2.543778965881253,0.0,2026-06-30,False,0.15312344259152771,1.0,0.15312344259152771,0.76,0.49167962746050337,0.6533557046979867,0.521860680398056,0.4707349918853387,0.15312344259152771,0.4072126820265765,86,0.1,0.76,0.5,0.76,0.82,0.43333333333333335,2026-09-04,v2,SPY Top 150,False
ABT,Abbott Laboratories,Healthcare,108.79,-1.52,34.681,3.0924,4.0387,23.2005,0.028834232000230674,0.32337343163885657,0.24760442716715772,0.04310251934225555,10.52,56.78,0.4771,0.27089738,15.83,17.73,0.8928369994359842,-0.1133512461931958,0.638,1.3763,8.06,-61.21,137.49,81.97,0.48306916426512975,False,-15.842500000000001,124.156848,14.1,0.7803030303030303,0.7571428571428571,0.02316017316017316,0.7575757575757576,12,13,8,0,0,33,2.430193871653292,0.0,2026-06-30,True,0.49215641173087976,1.0,0.49215641173087976,0.12666666666666668,0.43931597767810376,0.7657718120805369,0.3712890534598473,0.47634828333790225,0.12666666666666668,0.40641196000365515,87,0.5333333333333333,0.12666666666666668,0.38,0.8933333333333333,0.54,0.4266666666666667,2026-09-04,v2,SPY Top 150,False
VZ,Verizon Communications Inc,Comm Services,50.59,0.74,12.9021,1.7012,1.5022,7.8131,0.07750676246502507,0.587820362097343,0.6656903208627347,0.12799017035491675,15.52,59.41,0.3428,0.20365747999999997,20.59,21.42,0.96125116713352,-0.03951954397990472,1.59,0.6039,1.38,-10.78,51.68,38.39,0.9179834462001507,False,14.415,52.393014,3.6,0.6736111111111112,0.6736111111111112,0.0,0.5,7,11,18,0,0,36,-0.1253362013945896,0.0,2026-06-30,False,0.9323893041978148,1.0,0.9323893041978148,0.44666666666666666,0.4064372815663419,0.3104026845637584,0.11207590835454756,0.4785871003519568,0.11207590835454756,0.40528486195247493,88,0.9866666666666667,0.44666666666666666,0.31333333333333335,0.20666666666666667,0.08,0.42,2026-09-04,v2,SPY Top 150,False
AVGO,Broadcom Inc,Technology,357.16,-2.74,44.0472,18.7187,18.9157,38.4424,0.02270291868722643,0.05342251331556145,0.05286613765284922,0.02601294404095478,43.91,68.82,0.5032,0.34630223999999993,47.97,37.02,1.2957860615883305,-0.259117508368621,0.596,2.5037,48.69,100.1,495.0,289.96,0.3277409285992979,False,22.282899999999998,524.380674,46.8,0.8026315789473685,0.8026315789473685,0.0,0.9122807017543859,17,35,5,0,0,57,0.5467102747121745,0.0,2026-09-30,False,0.13670404447000192,1.0,0.13670404447000192,0.5666666666666667,0.6169565656277081,0.7120805369127516,0.3403841703309419,0.4694033804046712,0.13670404447000192,0.4028635132177374,89,0.08,0.5666666666666667,0.74,0.82,0.4533333333333333,0.41333333333333333,2026-09-04,v2,SPY Top 150,False
AMT,American Tower Corp,Real Estate,177.75,2.79,24.329,20.4872,7.5623,16.9536,0.04110321016071355,0.048810964895154046,0.132234902080055,0.05898452246130615,91.62,73.77,0.1726,0.12732701999999999,44.77,36.56,1.224562363238512,-0.20258352566692495,9.998,0.352,6.65,164.05,202.8,160.06,0.4138979878334112,False,-10.3102,219.3,23.4,0.7844827586206896,0.7586206896551724,0.025862068965517238,0.8620689655172413,8,17,4,0,0,29,0.4945093976482505,0.0,2026-06-30,False,0.4038527889591719,1.0,0.4038527889591719,0.2,0.3434139930863069,0.8704697986577181,0.34608655403841704,0.4499943380029912,0.2,0.399995470402393,90,0.38,0.2,0.17333333333333334,0.98,0.48,0.4066666666666667,2026-09-04,v2,SPY Top 150,False
BSX,Boston Scientific Corp,Healthcare,46.95,-2.94,18.98,2.5446,3.3221,16.1413,0.05268703898840885,0.3929890749037177,0.30101441859065053,0.061952878640506026,14.940000000000001,69.5,0.4773,0.3317235,19.78,14.58,1.356652949245542,-0.30502059961405403,0.5064,1.2402,13.53,46.78,109.5,42.2,0.07057949479940565,False,-55.1621,66.68352,42.0,0.7697368421052632,0.7756410256410257,-0.005904183535762497,0.7894736842105263,11,19,8,0,0,38,1.2145447269007514,0.0,2026-06-30,False,0.7215305731263177,1.0,0.7215305731263177,0.006666666666666667,0.4815296260320544,0.5483221476510067,0.40753992131451056,0.4963036154852404,0.006666666666666667,0.3983762257215257,91,0.8066666666666666,0.006666666666666667,0.4866666666666667,0.5466666666666666,0.6333333333333333,0.4,2026-09-04,v2,SPY Top 150,False
META,Meta Platforms Inc,Comm Services,610.68,3.01,22.1782,5.4738,6.6169,14.3949,0.04508932194677656,0.18268844312908766,0.1511281718025057,0.06946904806563435,29.73,81.75,0.6026,0.49262550000000005,38.08,36.55,1.041860465116279,-0.04100802372737704,0.3203,2.2256,27.65,-3.69,790.8,520.26,0.33422044799290296,False,-23.148,770.959248,26.2,0.7887323943661971,0.795774647887324,-0.007042253521126862,0.8732394366197183,20,42,9,0,0,71,-3.847423073129104,0.0,2026-06-30,False,0.5754878282537857,1.0,0.5754878282537857,0.06666666666666667,0.7673526459636792,0.5100671140939598,0.03645915297384865,0.48822671328408607,0.03645915297384865,0.3978732012220386,92,0.6266666666666667,0.06666666666666667,0.9666666666666667,0.5,0.02,0.3933333333333333,2026-09-04,v2,SPY Top 150,False
HD,Home Depot Inc,Cons Discretionary,318.07,-0.14,22.2659,20.4032,1.8725,15.0737,0.04491172600254201,0.04901191969887077,0.5340453938584779,0.06634071263193508,102.67999999999999,33.21,1.5787,0.52428627,12.43,14.18,0.8765867418899859,-0.13171961558136172,3.1832,1.0781,2.5,-2.94,426.75,289.1,0.210461314929168,False,-19.0354,381.437568,19.9,0.6902173913043478,0.6902173913043478,0.0,0.6086956521739131,9,19,17,0,1,46,0.46311599854457963,0.0,2026-09-30,False,0.6006239217941346,1.0,0.6006239217941346,0.08,0.6472495976535345,0.4697986577181208,0.18351307567692665,0.4738175526397571,0.08,0.3950540421118057,93,0.66,0.08,0.7866666666666666,0.43333333333333335,0.16,0.38666666666666666,2026-09-04,v2,SPY Top 150,False
MDLZ,Mondelez International Inc,Cons Staples,61.45,-1.6,22.2773,2.7871,1.9742,21.4576,0.044888743249855236,0.35879588102328586,0.5065342923715935,0.04660353441204981,13.469999999999999,31.15,0.5564,0.1733186,11.22,13.68,0.8201754385964913,-0.198237012099854,0.8052,0.5992,6.93,-0.41,66.65,51.2,0.663430420711974,False,1.2637999999999998,70.317984,14.4,0.7196969696969697,0.7132352941176471,0.0064616755793226455,0.6363636363636364,8,13,12,0,0,33,0.8102633869396869,0.0,2026-06-30,False,0.6740224266820012,1.0,0.6740224266820012,0.3333333333333333,0.28430945918921235,0.548993288590604,0.24074519787086324,0.43304221515934765,0.24074519787086324,0.3945828117016508,94,0.74,0.3333333333333333,0.09333333333333334,0.5533333333333333,0.2866666666666667,0.38,2026-09-04,v2,SPY Top 150,False
DIS,Walt Disney Co,Comm Services,107.16,-0.76,21.6438,1.5566,1.8828,11.925,0.04620260767517719,0.6424257998201208,0.5311238580837051,0.08385744234800838,7.870000000000001,37.6,0.4885,0.183676,13.66,8.2,1.6658536585365855,-0.5103376998724367,0.4184,0.7091,4.58,-24.0,119.78,92.19,0.5425878941645522,False,-8.408000000000001,131.07030600000002,22.3,0.7894736842105263,0.7916666666666666,-0.002192982456140302,0.8947368421052632,11,23,3,1,0,38,1.877421621806558,0.0,2026-06-30,False,0.8090866398313207,0.9004392386530014,0.7285333579740295,0.20666666666666667,0.255371896694569,0.5449664429530201,0.3487664892386022,0.4407198371449391,0.20666666666666667,0.3939092030492847,95,0.8266666666666667,0.20666666666666667,0.05333333333333334,0.5333333333333333,0.49333333333333335,0.37333333333333335,2026-09-04,v2,SPY Top 150,False
PGR,Progressive Corp,Financials,223.87,1.12,11.1236,3.6993,1.4293,8.9817,0.08989895357618037,0.27032141215905714,0.6996431819771917,0.11133749735573444,35.4,,0.7404,,16.56,10.22,1.6203522504892365,-0.4826435641815551,0.2443,0.08,10.49,12.3,249.83,189.2,0.5718291274946397,False,-11.783999999999999,234.06572400000002,4.6,0.6129032258064516,0.6129032258064516,0.0,0.3870967741935484,3,9,18,1,0,31,-0.04697002824184976,0.0,2026-06-30,False,0.878564308989841,0.9257246376811596,0.8133086266192189,0.16666666666666666,0.4647616966164805,0.2885906040268456,0.17869474658643833,0.4439446650997504,0.16666666666666666,0.38848906541313366,96,0.9,0.16666666666666666,0.44666666666666666,0.17333333333333334,0.14,0.36666666666666664,2026-09-04,v2,SPY Top 150,False
ADBE,Adobe Inc,Technology,285.75,2.13,15.3848,9.0964,4.4137,12.2272,0.06499922000935988,0.10993360010553627,0.22656727915354463,0.081784873069877,62.39,89.4,0.855,0.76437,36.07,34.73,1.0385833573279586,-0.03785762815946502,0.5769,0.7508,11.49,11.83,370.86,190.12,0.5291025782892552,False,-15.2759,273.230868,-4.4,0.6086956521739131,0.6222222222222222,-0.01352657004830915,0.391304347826087,7,11,23,5,0,46,0.8264282264048898,0.0,2026-06-30,True,0.6555290396779758,1.0,0.6555290396779758,0.14,0.7717005970916778,0.07516778523489934,0.27996297153436706,0.46642044182413217,0.07516778523489934,0.3881699105062856,97,0.7333333333333333,0.14,0.9733333333333334,0.006666666666666667,0.36,0.36,2026-09-04,v2,SPY Top 150,False
PEP,PepsiCo Inc,Cons Staples,140.02,-0.36,18.2499,9.0456,1.9682,13.2209,0.0547948207935386,0.11055098611479613,0.508078447312265,0.07563781588242857,50.2,54.17,0.8874,0.48070458000000005,14.53,13.13,1.1066260472201066,-0.10131578926748669,2.4081,0.9336,5.62,38.92,171.48,133.73,0.16662251655629193,False,-5.591200000000001,158.34174,13.1,0.6083333333333333,0.625,-0.01666666666666672,0.4,2,10,17,1,0,30,-1.0054170413390933,0.0,2026-06-30,True,0.6995620088173279,1.0,0.6995620088173279,0.24666666666666667,0.616662386081193,0.15838926174496645,0.1939689886600324,0.44532908534335464,0.15838926174496645,0.387941120623677,98,0.78,0.24666666666666667,0.7333333333333333,0.06,0.18666666666666668,0.35333333333333333,2026-09-04,v2,SPY Top 150,False
XOM,Exxonmobil Holdings Corp,Energy,162.21,-1.18,20.6058,2.1848,1.8695,10.3557,0.04853002552679343,0.4577077993409008,0.5349023803155925,0.09656517666599071,12.68,28.84,0.7882,0.22731688,11.53,12.88,0.8951863354037266,-0.11072338639524001,0.1633,1.1347,9.62,10.18,176.41,108.35,0.7913605642080519,False,44.6922,170.05735800000002,4.8,0.6583333333333333,0.6833333333333333,-0.025000000000000022,0.4666666666666667,5,9,16,0,0,30,-1.4476239329977831,0.0,2026-06-30,False,0.8102558941920645,1.0,0.8102558941920645,0.8066666666666666,0.45652335990248455,0.1057046979865772,0.10744272159222402,0.45744499602157723,0.1057046979865772,0.38709693641457726,99,0.8933333333333333,0.8066666666666666,0.43333333333333335,0.02,0.07333333333333333,0.3466666666666667,2026-09-04,v2,SPY Top 150,False
DE,Deere & Co,Industrials,694.41,-0.57,38.5877,5.8352,3.9189,20.7877,0.025914993637869064,0.17137373183438442,0.25517364566587564,0.04810537000245337,18.11,36.58,0.4526,0.16556107999999997,19.46,21.77,0.8938906752411576,-0.112171798488597,2.2807,0.9375,7.99,-5.93,700.64,433.0,0.9767224630100134,False,42.1053,670.16601,-3.5,0.7132352941176471,0.6985294117647058,0.014705882352941235,0.6470588235294118,7,15,12,0,0,34,0.7878299767381549,0.0,2026-09-30,False,0.4436831512363427,1.0,0.4436831512363427,0.7666666666666667,0.3338811482825282,0.5248322147651007,0.22299930571626939,0.4261681377709714,0.22299930571626939,0.385534371360031,100,0.4666666666666667,0.7666666666666667,0.16,0.5133333333333333,0.24666666666666667,0.34,2026-09-04,v2,SPY Top 150,False
PLTR,Palantir Technologies Inc,Technology,182.53,7.71,145.4032,28.6156,71.2542,163.9757,0.006877427731989392,0.03494597352493046,0.014034260436577774,0.006098464589570285,37.47,84.8,0.6331,0.5368688,42.8,2.54,16.8503937007874,-2.824374021557306,0.0,7.2282,78.92,290.0,207.52,106.37,0.7529411764705881,False,18.477800000000002,199.380216,9.2,0.7371794871794872,0.7243589743589743,0.012820512820512886,0.717948717948718,12,16,9,1,1,39,3.681511298949538,0.0,2026-06-30,False,0.04569676059037761,0.5,0.022848380295188805,0.5133333333333333,0.6825104800540905,0.5875838926174497,0.6374357787549179,0.47493071776008533,0.022848380295188805,0.384514250267106,101,0.006666666666666667,0.5133333333333333,0.86,0.6666666666666666,0.9666666666666667,0.3333333333333333,2026-09-04,v2,SPY Top 150,False
MAR,Marriott International Inc,Cons Discretionary,336.07,0.88,33.4179,366.336,3.2134,22.7264,0.02992408260243761,0.0027297344514325647,0.3111968631356196,0.04400168966488313,309.12,19.81,0.9668,0.19152307999999998,15.8,15.05,1.0498338870431894,-0.04863194883803638,76.1214,0.5347,4.72,8.84,410.98,256.76,0.514265335235378,False,28.2022,387.099792,15.2,0.65625,0.6612903225806451,-0.005040322580645129,0.5,5,11,15,1,0,32,1.0291995111072474,0.0,2026-06-30,False,0.34021755798351544,1.0,0.34021755798351544,0.6133333333333333,0.5016316030054567,0.3140939597315436,0.30188845174728074,0.4049792634392501,0.30188845174728074,0.3843611011008563,102,0.32,0.6133333333333333,0.52,0.21333333333333335,0.4,0.32666666666666666,2026-09-04,v2,SPY Top 150,False
TMUS,T-Mobile US Inc,Comm Services,188.02,0.38,19.2187,3.2261,2.2014,8.959,0.052032655694714006,0.3099717925668764,0.45425638230217136,0.11161960040183057,18.22,62.69,0.4265,0.26737285,19.8,15.56,1.2724935732647815,-0.24097841895024402,1.6063,0.9242,9.68,-9.81,256.69,165.66,0.24563330770075814,False,-29.6706,246.95301600000002,31.3,0.75,0.7567567567567568,-0.006756756756756799,0.8108108108108109,7,23,7,0,0,37,2.4012470553045873,0.0,2026-06-30,False,0.7834282154494921,1.0,0.7834282154494921,0.04666666666666667,0.382088282909084,0.4748322147651006,0.3852672992362879,0.46790674324022824,0.04666666666666667,0.383658727925516,103,0.8466666666666667,0.04666666666666667,0.23333333333333334,0.44666666666666666,0.5933333333333334,0.32,2026-09-04,v2,SPY Top 150,False
V,Visa Inc,Financials,378.75,0.09,30.3419,18.3758,15.4083,24.5954,0.032957725125980906,0.05441939942750791,0.0649000863171148,0.04065800922123649,61.260000000000005,80.18,0.4609,0.36954962,60.68,63.94,0.9490147012824524,-0.05233098915136383,0.6782,0.9852,14.39,14.72,385.5699,293.89,0.9256118298558352,False,8.101899999999999,423.41679000000005,11.8,0.7794117647058824,0.7857142857142857,-0.006302521008403339,0.8823529411764706,12,33,6,0,0,51,0.43606339407454564,0.0,2026-06-30,False,0.26202415181138583,1.0,0.26202415181138583,0.4,0.6763667780856878,0.38791946308724834,0.2298125433927332,0.42047184550491246,0.2298125433927332,0.38233998508247663,104,0.23333333333333334,0.4,0.8533333333333334,0.2866666666666667,0.26,0.31333333333333335,2026-09-04,v2,SPY Top 150,False
COST,Costco Wholesale Corp,Cons Staples,925.41,-0.33,46.5899,13.2328,1.4025,28.8967,0.02146387951036598,0.07556979626382927,0.7130124777183601,0.03460602767790094,28.27,12.88,3.5591,0.45841208,3.82,3.52,1.0852272727272727,-0.08178943300847807,0.1692,1.0725,9.23,12.79,1096.5,844.06,0.3222547932181905,False,-0.6099999999999999,1099.893846,18.9,0.7282608695652174,0.7333333333333333,-0.005072463768115876,0.6521739130434783,13,17,15,1,0,46,-0.7934876073053161,0.0,2026-06-30,True,0.40484857197623153,1.0,0.40484857197623153,0.31333333333333335,0.6922944938052928,0.4033557046979866,0.1364498958574404,0.4413724497871925,0.1364498958574404,0.38038793900124207,105,0.38666666666666666,0.31333333333333335,0.8733333333333333,0.32,0.1,0.30666666666666664,2026-09-04,v2,SPY Top 150,False
AMD,Advanced Micro Devices Inc,Technology,456.16,-0.2,115.6649,13.086,18.0169,96.897,0.00864566519315713,0.07641754546843955,0.0555034439886995,0.010320236952640432,10.07,53.2,0.5197,0.2764804,15.71,9.46,1.660676532769556,-0.5072250692037429,0.048,2.6092,39.54,124.33,584.73,149.22,0.7047828982112927,False,185.5108,614.072946,34.6,0.7796610169491526,0.7763157894736842,0.003345227475468393,0.8305084745762712,17,32,10,0,0,59,0.4165501684478027,0.0,2026-06-30,False,0.11258769407705577,0.9032463399108848,0.10169442259410702,0.96,0.4446506823224676,0.7369127516778524,0.31845869011802824,0.4499701641985418,0.10169442259410702,0.3803150158776548,106,0.04666666666666667,0.96,0.3933333333333333,0.8633333333333333,0.43333333333333335,0.3,2026-09-04,v2,SPY Top 150,False
INTU,Intuit Inc,Technology,344.3,0.4,20.5446,4.5523,4.3737,15.194,0.04867459089006357,0.2196691782176043,0.22863936712623179,0.0658154534684744,23.419999999999998,80.17,0.5975,0.47901575,27.43,23.58,1.1632739609838847,-0.15123840984028702,0.4038,1.5065,13.9,20.37,705.08,252.84,0.2022377498673271,False,-44.1606,429.206514,24.7,0.6845238095238095,0.7439024390243902,-0.059378629500580704,0.5714285714285714,9,15,16,2,0,42,1.5152025718826476,0.0,2026-09-30,False,0.6448361127084531,1.0,0.6448361127084531,0.02,0.6412272662343228,0.27181208053691275,0.39875028928488776,0.46975216754752586,0.02,0.3798017340380207,107,0.7133333333333334,0.02,0.78,0.15333333333333332,0.6066666666666667,0.29333333333333333,2026-09-04,v2,SPY Top 150,False
MA,Mastercard Inc,Financials,585.71,-0.41,31.699,80.8784,14.6889,24.4082,0.0315467364901101,0.01236424063779699,0.0680786171871277,0.04096983800526052,232.48000000000002,,0.6449,,58.33,55.46,1.051749008294266,-0.050454500577914126,4.3919,1.0607,16.01,22.62,601.62,464.52,0.8839533187454416,False,-0.6678999999999999,677.39322,15.7,0.7870370370370371,0.7884615384615384,-0.0014245014245013454,0.9074074074074074,13,36,5,0,0,54,0.9749560240375839,0.0,2026-06-30,False,0.22200115008625648,1.0,0.22200115008625648,0.30666666666666664,0.6077822567589444,0.49328859060402686,0.33655635269613515,0.4176428022411397,0.22200115008625648,0.37851447181016307,108,0.15333333333333332,0.30666666666666664,0.7,0.48,0.44666666666666666,0.2866666666666667,2026-09-04,v2,SPY Top 150,False
ORLY,O'Reilly Automotive Inc,Cons Discretionary,87.38,0.47,26.5454,182.0263,3.7881,18.4922,0.03767131028351428,0.005493711622990744,0.26398458330033525,0.054076854024940245,423.35,51.64,1.1064,0.57134496,19.56,20.29,0.9640216855593888,-0.03664148923105213,17.5459,0.7519,8.47,-76.61,108.72,82.59,0.1833141982395711,False,-14.185299999999998,109.385616,25.2,0.7638888888888888,0.7638888888888888,0.0,0.8055555555555556,9,20,7,0,0,36,-1.0669177486446446,0.0,2026-06-30,False,0.4217615487828254,1.0,0.4217615487828254,0.15333333333333332,0.7185948156824653,0.5862416107382551,0.04302707706549409,0.46005454894125436,0.04302707706549409,0.37664905456610237,109,0.41333333333333333,0.15333333333333332,0.9133333333333333,0.66,0.03333333333333333,0.28,2026-09-04,v2,SPY Top 150,False
VRTX,Vertex Pharmaceuticals Inc,Healthcare,557.96,0.22,32.5119,6.2265,11.3783,27.0781,0.030757968620720416,0.16060387055328035,0.08788659114278935,0.036930212976538236,23.31,86.0,0.4822,0.414692,37.95,31.29,1.2128475551294344,-0.19297094616084826,0.0,3.1854,10.23,22.46,558.36,374.17,0.9978283294424237,False,38.1277,574.514184,3.0,0.7638888888888888,0.775,-0.011111111111111183,0.8055555555555556,11,18,6,0,1,36,-0.5918047795177966,0.0,2026-06-30,False,0.3282250335441825,1.0,0.3282250335441825,0.7133333333333334,0.6684362102295993,0.23590604026845638,0.1673918074519787,0.42621043395974684,0.1673918074519787,0.37444670865819324,110,0.3,0.7133333333333334,0.8333333333333334,0.12666666666666668,0.12666666666666668,0.2733333333333333,2026-09-04,v2,SPY Top 150,False
ABBV,AbbVie Inc,Healthcare,260.21,-0.58,73.2948,261.0115,7.1831,29.8489,0.01364353269263304,0.0038312488147073977,0.13921565897732177,0.03350207210315958,95.59,72.79,0.4774,0.34749946000000004,26.2,25.49,1.0278540604158495,-0.02747319237902722,49.2176,0.8085,10.39,67.6,267.47,190.75,0.9053701772679869,False,21.2909,282.119658,8.4,0.7692307692307693,0.7564102564102564,0.012820512820512886,0.8205128205128205,10,22,7,0,0,39,-1.5858431005586042,0.0,2026-06-30,False,0.14399367452558942,1.0,0.14399367452558942,0.54,0.6277167195192792,0.6218120805369127,0.19176579495487156,0.4314407198377944,0.14399367452558942,0.37395131077535343,111,0.08666666666666667,0.54,0.7533333333333333,0.7266666666666667,0.18,0.26666666666666666,2026-09-04,v2,SPY Top 150,False
MCD,McDonald's Corp,Cons Discretionary,259.63,-0.51,20.9095,160.4594,6.6314,16.7849,0.047825151247040815,0.0062321060654595495,0.15079771993847452,0.05957735822078177,95.13000000000001,57.38,0.4616,0.26486608,46.22,43.93,1.0521283860687458,-0.05081514685854655,40.6406,1.0814,6.3,5.44,341.75,259.85,-0.00268620268620302,False,-16.5399,323.165886,24.5,0.6951219512195121,0.6890243902439024,0.0060975609756097615,0.6097560975609756,8,17,15,1,0,41,0.516204398254754,0.0,2026-06-30,False,0.43247843588269125,1.0,0.43247843588269125,0.10666666666666667,0.5586103476844843,0.6057046979865772,0.21702846563295533,0.44006458938494347,0.10666666666666667,0.3733850048412881,112,0.4266666666666667,0.10666666666666667,0.64,0.6933333333333334,0.24,0.26,2026-09-04,v2,SPY Top 150,False
BA,Boeing Co,Industrials,210.51,0.79,67.8777,27.9744,1.7584,30.0093,0.014732378969823667,0.035746968657057884,0.5686988171064604,0.033323003202340606,132.92,4.68,0.5794,0.027115919999999998,4.89,-4.44,,,7.5246,1.1375,24.78,,254.35,176.77,0.43490590358339765,False,-10.6416,275.651634,30.9,0.8108108108108109,0.7972972972972973,0.013513513513513598,0.8648648648648649,14,18,5,0,0,37,-0.30552127747797514,0.0,2026-06-30,False,0.3216292888633314,1.0,0.3216292888633314,0.19333333333333333,0.39761433305716654,0.8724832214765101,0.18053691275167785,0.42060213667436985,0.18053691275167785,0.37258909188983147,113,0.29333333333333333,0.19333333333333333,0.26,0.9866666666666667,0.14666666666666667,0.25333333333333335,2026-09-04,v2,SPY Top 150,False
KO,Coca-Cola Co,Cons Staples,88.81,0.65,26.6009,10.0141,7.5968,25.3203,0.03759271302850656,0.09985919853007261,0.13163437236731254,0.0394940028356694,42.99,61.89,0.474,0.29335859999999997,30.35,26.86,1.1299329858525688,-0.12215832641041573,1.2045,1.3046,6.52,17.61,92.49,65.35,0.8644067796610172,False,28.3875,96.1299,8.2,0.75,0.7714285714285715,-0.021428571428571463,0.7714285714285715,8,19,8,0,0,35,0.9435033891402996,0.0,2026-06-30,True,0.36984090473452175,1.0,0.36984090473452175,0.62,0.5577660152939271,0.20805369127516776,0.3125109928257348,0.4102774179507024,0.20805369127516776,0.3698326726155955,114,0.3333333333333333,0.62,0.6333333333333333,0.1,0.4266666666666667,0.24666666666666667,2026-09-04,v2,SPY Top 150,False
WM,Waste Management Inc,Industrials,221.72,1.22,30.6883,9.018,3.4111,14.7491,0.03258570855993978,0.11088933244621867,0.2931605640409252,0.06780074716423375,28.92,40.88,0.5592,0.22860096000000005,17.57,17.07,1.0292911540714704,-0.02887036539265659,2.3532,0.9074,7.17,4.83,248.13,194.11,0.5111069974083672,False,-2.4477,264.44316,19.3,0.7564102564102564,0.7564102564102564,0.0,0.717948717948718,12,16,11,0,0,39,-0.33391607077263674,0.0,2026-06-30,False,0.5160964155645007,1.0,0.5160964155645007,0.2866666666666667,0.4842718195583236,0.5295302013422818,0.13235362184679472,0.4287313999707645,0.13235362184679472,0.36945584434597056,115,0.5733333333333334,0.2866666666666667,0.49333333333333335,0.52,0.09333333333333334,0.24,2026-09-04,v2,SPY Top 150,False
TT,Trane Technologies PLC,Industrials,445.19,1.41,33.2452,12.5913,4.4143,23.1636,0.03007953027805518,0.07941991692676689,0.2265364837007,0.04317118237234282,34.57,35.39,0.9929,0.35138731,17.94,16.35,1.0972477064220183,-0.09280495928738762,0.5354,1.0734,7.04,4.73,505.87,348.06,0.6154869780115328,False,8.7318,532.937148,19.7,0.7121212121212122,0.7121212121212122,0.0,0.5757575757575758,9,10,14,0,0,33,-1.2576880633455574,0.0,2026-06-30,False,0.3913225991949396,1.0,0.3913225991949396,0.41333333333333333,0.6292853993467228,0.486241610738255,0.09070585512612822,0.43880380335265534,0.09070585512612822,0.36918421370734994,116,0.36,0.41333333333333333,0.7666666666666667,0.4666666666666667,0.04666666666666667,0.23333333333333334,2026-09-04,v2,SPY Top 150,False
SBUX,Starbucks Corp,Cons Discretionary,105.82,-0.84,61.0392,64.1154,3.1567,25.8069,0.016382914586036513,0.015596876881373276,0.31678651756581244,0.03874932673044806,115.68,22.34,1.2458,0.27831172,9.17,14.65,0.625938566552901,-0.4685030491947028,8.0719,0.7597,4.49,-24.99,110.51,77.99,0.8557810578105778,False,21.8728,113.32557,7.1,0.6358695652173914,0.6329787234042553,0.002890841813136036,0.4782608695652174,8,14,20,3,1,46,1.9572762913530979,0.0,2026-06-30,False,0.2804054054054054,1.0,0.2804054054054054,0.5533333333333333,0.44549173880334064,0.3865771812080537,0.3507428835917612,0.3890090751060618,0.2804054054054054,0.3672883411659305,117,0.25333333333333335,0.5533333333333333,0.4,0.28,0.5,0.22666666666666666,2026-09-04,v2,SPY Top 150,False
SO,Southern Co,Utilities,88.77,0.52,22.0192,2.7267,3.5459,13.4187,0.04541491062345589,0.3667436828400631,0.28201584929073015,0.07452286734184385,12.61,40.03546,0.1842,0.07374531732,25.26,22.53,1.1211717709720372,-0.11437436247819194,1.9101,0.7867,6.85,6.93,100.84,83.8,0.2916666666666665,False,-4.007099999999999,102.108222,15.0,0.6328125,0.6363636363636364,-0.0035511363636363535,0.4375,5,9,16,2,0,32,2.1146499248146036,0.0,2026-06-30,False,0.6915219474793943,1.0,0.6915219474793943,0.26666666666666666,0.23290559856774182,0.3100671140939597,0.40435084471187227,0.3920848826324106,0.23290559856774182,0.3602490258194768,118,0.7733333333333333,0.26666666666666666,0.04666666666666667,0.2,0.62,0.22,2026-09-04,v2,SPY Top 150,False
ADP,Automatic Data Processing Inc,Industrials,283.53,0.84,25.4826,14.8429,5.1243,17.7855,0.039242463484887725,0.0673722790020818,0.19514860566321254,0.05622557701498412,70.19999999999999,46.53,0.3292,0.15317676,26.33,25.27,1.0419469726948951,-0.04109105210811516,0.8231,1.0507,6.74,9.61,302.68,188.16,0.8327803003842121,False,-4.4978,291.06312,2.7,0.5869565217391305,0.5869565217391305,0.0,0.34782608695652173,3,5,13,1,1,23,0.6835394284682381,0.0,2026-06-30,False,0.45995878857580985,1.0,0.45995878857580985,0.25333333333333335,0.5291676189659934,0.260738255033557,0.24622078222633648,0.38815408450774574,0.24622078222633648,0.35976742405146395,119,0.48,0.25333333333333335,0.5733333333333334,0.14666666666666667,0.3,0.21333333333333335,2026-09-04,v2,SPY Top 150,False
EQIX,Equinix Inc,Real Estate,1040.83,2.12,66.735,7.1482,10.4339,27.8614,0.014984640743238182,0.13989535827201252,0.09584143992179339,0.03589195087109765,10.76,51.49,0.2449,0.12609901,21.82,16.84,1.2957244655581948,-0.2590699715907441,1.5289,1.1314,9.64,52.11,1128.68,720.62,0.7847130323971961,False,36.345200000000006,1235.32557,18.7,0.78125,0.7692307692307693,0.012019230769230727,0.825,12,21,7,0,0,40,0.011514961386430985,0.0,2026-06-30,False,0.2471669541882308,1.0,0.2471669541882308,0.7066666666666667,0.23194827586206895,0.7476510067114095,0.25929183059476973,0.3904668639038424,0.23194827586206895,0.3587631462954877,120,0.20666666666666667,0.7066666666666667,0.04,0.8733333333333333,0.3333333333333333,0.20666666666666667,2026-09-04,v2,SPY Top 150,False
SCHW,Charles Schwab Corp,Financials,110.38,1.98,18.8487,3.3178,6.4168,31.8563,0.05305405677845156,0.30140454518054133,0.15584091759132276,0.03139096505243861,19.08,87.76,0.0594,0.052129440000000006,44.03,35.74,1.231952993844432,-0.20860071003638048,5.8093,0.3699,11.2,43.25,114.53,83.96,0.8642459928034019,False,13.930900000000001,125.50437,13.7,0.7666666666666667,0.7678571428571429,-0.0011904761904761862,0.8333333333333334,8,17,4,1,0,30,1.2688339381527751,0.0,2026-06-30,True,0.541293847038528,1.0,0.541293847038528,0.44,0.21022744717119485,0.4261744966442953,0.4162277250636427,0.39006075399939594,0.21022744717119485,0.35409409263375574,121,0.5866666666666667,0.44,0.02,0.36,0.66,0.2,2026-09-04,v2,SPY Top 150,False
EMR,Emerson Electric Co,Industrials,150.21,0.83,32.5174,3.9344,4.4948,20.9416,0.030752766211320705,0.2541683611224075,0.22247930942422356,0.04775184322114833,12.68,53.16,0.4432,0.23560511999999997,19.86,15.2,1.306578947368421,-0.2674122307647958,0.6435,0.8963,4.82,-1.79,166.35,122.64,0.6307481125600551,False,17.3122,173.95406400000002,15.8,0.7132352941176471,0.7132352941176471,0.0,0.6764705882352942,7,16,10,1,0,34,0.4722098507280315,0.0,2026-06-30,False,0.4803057312631781,1.0,0.4803057312631781,0.5066666666666667,0.34201857459836776,0.45671140939597316,0.19100671140939599,0.3933419604525756,0.19100671140939599,0.3528749106439397,122,0.52,0.5066666666666667,0.16666666666666666,0.3933333333333333,0.17333333333333334,0.19333333333333333,2026-09-04,v2,SPY Top 150,False
MRK,Merck & Co Inc,Healthcare,152.34,0.46,116.5006,7.5686,5.553,43.4801,0.008583646779501564,0.1321248315408398,0.18008283810552855,0.02299902714115193,6.6000000000000005,77.28,0.5073,0.39204144,9.58,24.53,0.39054219323277617,-0.9402192662876289,1.2855,1.3227,4.64,-80.7,156.9199,77.58,0.9422749461494152,False,77.5119,148.689378,-2.4,0.7361111111111112,0.7361111111111112,0.0,0.7222222222222222,8,18,10,0,0,36,1.5100818466873418,0.0,2026-06-30,False,0.2521564117308798,1.0,0.2521564117308798,0.9066666666666666,0.36968525078802766,0.337248322147651,0.2933256190696598,0.37605985212577414,0.2521564117308798,0.35127916404679527,123,0.22666666666666666,0.9066666666666666,0.2,0.24666666666666667,0.38,0.18666666666666668,2026-09-04,v2,SPY Top 150,False
HLT,Hilton Worldwide Holdings Inc,Cons Discretionary,314.35,0.91,44.6833,245.967,5.6691,26.7501,0.02237972575884055,0.004065586033898856,0.17639484221481364,0.037383037820419365,171.01,37.9,0.7484,0.2836436,23.35,21.09,1.1071597913703177,-0.10179798962422312,73.65,0.6491,8.74,4.49,358.0,253.54,0.5821367030442277,False,14.784600000000001,356.43818400000004,13.4,0.696969696969697,0.6774193548387096,0.019550342130987386,0.6363636363636364,5,16,12,0,0,33,-0.4876022185668842,0.0,2026-06-30,False,0.2248897834004217,1.0,0.2248897834004217,0.4666666666666667,0.5261726090144655,0.6429530201342282,0.11952788706317982,0.4072606823074344,0.11952788706317982,0.34971412325858353,124,0.16666666666666666,0.4666666666666667,0.5533333333333333,0.7466666666666667,0.08666666666666667,0.18,2026-09-04,v2,SPY Top 150,False
INTC,Intel Corp,Technology,91.67,1.8,,7.5624,8.3244,30.5447,,0.13223315349624457,0.12012877805006966,0.032738903966972994,-10.76,38.6,0.277,0.10692200000000002,9.36,2.79,3.354838709677419,-1.2104036946562262,0.5773,1.604,7.47,,142.35,23.72,0.5727893450223384,False,274.605,116.78653200000001,27.4,0.5954545454545455,0.5909090909090909,0.004545454545454519,0.34545454545454546,4,15,34,2,0,55,2.2949705398278684,0.0,2026-06-30,False,0.3675531914893617,0.5,0.18377659574468086,0.9733333333333334,0.21054457236998733,0.5674496644295302,0.4557046979865772,0.3882864915643923,0.18377659574468086,0.34738451240045004,125,0.12,0.9733333333333334,0.02666666666666667,0.6,0.7133333333333334,0.17333333333333334,2026-09-04,v2,SPY Top 150,False
MO,Altria Group Inc,Cons Staples,69.49,-0.1,14.6451,27.0919,4.9778,12.5463,0.06828222408860302,0.036911401562828745,0.20089196030374865,0.07970477351888604,149.65,62.86,0.68,0.42744800000000005,46.78,45.18,1.0354138999557327,-0.034801250116175866,8.6709,0.5176,-0.58,-8.27,77.06,54.7,0.6614490161001786,False,2.8203000000000005,71.10981000000001,2.3,0.6458333333333334,0.6521739130434783,-0.0063405797101449,0.5,6,6,9,2,1,24,-1.9793581876732331,0.0,2026-06-30,False,0.5938853747364387,1.0,0.5938853747364387,0.35333333333333333,0.6663276147758763,0.16677852348993288,0.041009025688498034,0.4232100200014672,0.041009025688498034,0.34676982113887334,126,0.6466666666666666,0.35333333333333333,0.8266666666666667,0.07333333333333333,0.02666666666666667,0.16666666666666666,2026-09-04,v2,SPY Top 150,False
PG,Procter & Gamble Co,Cons Staples,146.92,-0.49,21.3508,6.2872,3.9359,15.8862,0.04683665249077318,0.15905331467107775,0.2540714957188953,0.06294771562739988,29.830000000000002,50.87,0.6829,0.34739122999999994,22.89,22.46,1.0191451469278718,-0.01896418465417827,0.6286,0.6773,3.26,1.72,167.25,137.62,0.31387107661154184,False,-8.3939,163.24488000000002,11.1,0.6621621621621622,0.6959459459459459,-0.03378378378378377,0.5135135135135135,6,13,17,1,0,37,-0.8288154760384036,0.0,2026-06-30,False,0.6083534598428215,1.0,0.6083534598428215,0.21333333333333335,0.6268271719566894,0.15771812080536915,0.09861143253876417,0.40780518892293394,0.09861143253876417,0.34596643764609997,127,0.6733333333333333,0.21333333333333335,0.7466666666666667,0.05333333333333334,0.06666666666666667,0.16,2026-09-04,v2,SPY Top 150,False
PLD,Prologis Inc,Real Estate,138.35,1.29,31.5025,2.3509,14.4258,26.6995,0.031743512419649234,0.4253690076141052,0.06932024567095066,0.03745388490421169,7.9,74.31,0.0928,0.06895968,38.37,36.59,1.0486471713582945,-0.04750092522774551,0.6783,0.2736,7.35,21.55,153.35,110.51,0.649859943977591,False,25.4894,161.888586,17.0,0.717391304347826,0.73,-0.012608695652173929,0.6521739130434783,5,10,8,0,0,23,1.0814942485960324,0.0,2026-06-30,True,0.4050920069005175,1.0,0.4050920069005175,0.5866666666666667,0.27992474454570565,0.3077181208053691,0.3411062254107845,0.35662664972819924,0.27992474454570565,0.34128626869170053,128,0.3933333333333333,0.5866666666666667,0.08,0.19333333333333333,0.47333333333333333,0.15333333333333332,2026-09-04,v2,SPY Top 150,False
BX,Blackstone Inc,Financials,137.68,0.63,48.579,15.5015,10.6112,23.8535,0.02058502645175899,0.06450988614005096,0.0942400482509047,0.04192256901502924,40.87,83.07,0.3348,0.27811835999999995,47.2,46.47,1.0157090596083496,-0.015586949494622828,1.4637,0.6789,17.19,20.32,190.09,101.73,0.406858306926211,False,-13.7563,150.90073800000002,9.6,0.7196969696969697,0.7196969696969697,0.0,0.6666666666666666,7,15,11,0,0,33,1.3645572754555086,0.0,2026-06-30,False,0.23866685834770943,1.0,0.23866685834770943,0.16,0.5709205115751984,0.39496644295302014,0.38059245545012726,0.38302502496761,0.16,0.338420019974088,129,0.2,0.16,0.6466666666666666,0.31333333333333335,0.5666666666666667,0.14666666666666667,2026-09-04,v2,SPY Top 150,False
MRSH,Marsh & McLennan Companies Inc,Other,188.46,0.33,22.6543,5.2889,3.2263,,0.044141730267543026,0.18907523303522472,0.3099525772556799,,26.529999999999998,,0.4742,,21.62,22.5,0.9608888888888889,-0.03989649699931221,1.3542,1.1392,8.33,-1.95,207.83,156.6,0.6219012297481945,False,-7.458600000000001,208.85316,10.8,0.6129032258064516,0.6290322580645161,-0.016129032258064502,0.3870967741935484,3,9,18,1,0,31,0.0941402621867388,0.0,2026-06-30,True,0.5776576576576576,1.0,0.5776576576576576,0.22666666666666666,0.5523425611138094,0.15906040268456373,0.14600323999074288,0.3864964159507481,0.14600323999074288,0.33839778075874705,130,0.64,0.22666666666666666,0.62,0.06666666666666667,0.11333333333333333,0.14,2026-09-04,v2,SPY Top 150,False
UBER,Uber Technologies Inc,Comm Services,75.96,-0.64,16.1631,5.3774,2.8034,21.8508,0.061869319623092105,0.18596347677316177,0.35670970963829635,0.045764914785728666,35.730000000000004,36.77,0.8807,0.32383339000000005,12.13,0.29,41.827586206896555,-3.733556078957576,0.4658,0.8425,16.68,-22.8,101.99,65.41,0.28840896664844173,False,-18.8001,104.383638,37.4,0.7758620689655172,0.775,0.0008620689655172153,0.8620689655172413,15,35,7,1,0,58,0.357013569685265,0.0,2026-06-30,False,0.6658251868890167,0.5,0.33291259344450835,0.09333333333333334,0.4707935605519527,0.7167785234899329,0.1387364036102754,0.3979657150995741,0.09333333333333334,0.33703923874632596,131,0.30666666666666664,0.09333333333333334,0.46,0.8333333333333334,0.10666666666666667,0.13333333333333333,2026-09-04,v2,SPY Top 150,False
CME,CME Group Inc,Financials,282.05,1.54,23.6155,3.0173,8.0279,9.4073,0.04234506997522813,0.3314221323699997,0.12456557754830029,0.10630042626470933,15.58,95.97,0.0645,0.06190065,83.82,76.32,1.0982704402515724,-0.09373661535689443,0.1309,1.0184,16.57,13.39,329.16,218.31,0.5750112764997745,False,5.8335,291.022728,3.2,0.6190476190476191,0.6309523809523809,-0.011904761904761862,0.5238095238095238,2,9,7,3,0,21,1.7762782820292842,0.0,2026-06-30,False,0.5963580601878474,1.0,0.5963580601878474,0.38,0.3983081878696112,0.11946308724832216,0.40628558204119414,0.39141742616368874,0.11946308724832216,0.33702655838061546,132,0.6533333333333333,0.38,0.28,0.03333333333333333,0.6266666666666667,0.12666666666666668,2026-09-04,v2,SPY Top 150,False
AAPL,Apple Inc,Technology,328.21,1.0,37.3169,38.486,10.3064,28.9122,0.026797509975373092,0.025983474510211508,0.09702708996351782,0.03458747518348656,137.17999999999998,48.65,1.2508,0.6085141999999999,33.17,30.67,1.0815128790348876,-0.07836087483280095,0.7844,1.0033,14.24,32.61,344.5699,225.95,0.8620813202506491,False,33.7091,328.890432,0.2,0.6933962264150944,0.7175925925925926,-0.024196366177498208,0.6415094339622641,12,22,15,3,1,53,-0.3649840802328873,0.0,2026-06-30,False,0.20050220433199156,1.0,0.20050220433199156,0.6933333333333334,0.749223233246674,0.09932885906040267,0.20899791714880817,0.3954413137747351,0.09932885906040267,0.33621882283186866,133,0.14,0.6933333333333334,0.94,0.013333333333333334,0.21333333333333335,0.12,2026-09-04,v2,SPY Top 150,False
ORCL,Oracle Corp,Technology,154.04,5.69,24.5701,16.5759,6.2328,23.2573,0.040699875051383595,0.060328549279375476,0.16044153510460787,0.04299725247556681,50.38,65.82,0.3019,0.19871057999999997,30.59,28.47,1.0744643484369512,-0.07182225687286588,3.0087,1.115,17.35,34.97,345.72,114.5,0.1710059683418389,False,-32.513,257.924034,67.4,0.7704081632653061,0.7755102040816326,-0.005102040816326481,0.7959183673469388,15,24,9,1,0,49,0.1338017632099066,0.0,2026-06-30,True,0.4016839179605137,1.0,0.4016839179605137,0.04,0.4955050376634384,0.5704697986577181,0.2486692895163157,0.4044668439481509,0.04,0.33157347515852076,134,0.37333333333333335,0.04,0.5133333333333333,0.6133333333333333,0.32666666666666666,0.11333333333333333,2026-09-04,v2,SPY Top 150,False
SNPS,Synopsys Inc,Technology,416.31,0.08,74.0462,2.3895,8.4655,35.9082,0.01350508196234243,0.4184975936388366,0.11812651349595416,0.027848792197882378,3.5700000000000003,72.38,0.1982,0.14345716,18.87,21.84,0.864010989010989,-0.1461697914962454,0.3222,1.3369,46.33,-55.62,615.79,366.0,0.20140918371432007,False,-24.375799999999998,559.068834,34.3,0.7734375,0.7580645161290323,0.015372983870967749,0.8125,10,16,5,1,0,32,0.875491545873812,0.0,2026-09-30,False,0.32061912976806595,1.0,0.32061912976806595,0.06,0.32425225456865603,0.8657718120805369,0.2163295533441333,0.3890342542303407,0.06,0.3232274033842726,135,0.2866666666666667,0.06,0.14666666666666667,0.9666666666666667,0.23333333333333334,0.10666666666666667,2026-09-04,v2,SPY Top 150,False
CEG,Constellation Energy Corp,Utilities,285.05,-1.72,28.4918,2.7892,3.1572,20.5746,0.03509781761770053,0.35852574214828625,0.31673634866337264,0.04860361805332789,14.69,43.91,0.4053,0.17796723,14.7,7.46,1.970509383378016,-0.6782920795690212,0.7724,1.4553,25.98,7.2,412.7,228.63,0.30651382626174833,False,-11.5351,354.12615,24.2,0.75,0.75,0.0,0.8214285714285714,5,18,5,0,0,28,0.28702461097243437,0.0,2026-06-30,False,0.5799664558175196,0.7612244897959184,0.4414846694284384,0.17333333333333334,0.31615181079716975,0.5543624161073826,0.18089794029159917,0.36055721819481024,0.17333333333333334,0.32311244122251487,136,0.4533333333333333,0.17333333333333334,0.13333333333333333,0.5733333333333334,0.15333333333333332,0.1,2026-09-04,v2,SPY Top 150,False
PANW,Palo Alto Networks Inc,Technology,331.94,1.05,872.0235,9.8371,23.3198,165.0008,0.0011467580862213002,0.10165597584654014,0.04288201442550965,0.006060576675991874,1.68,70.36,0.3206,0.22557416,6.05,6.05,1.0,-0.0,0.0645,0.871,24.49,-67.95,398.88,139.57,0.7418533801241757,False,85.5429,370.72104,11.7,0.753968253968254,0.7579365079365079,-0.003968253968253954,0.7777777777777778,16,33,13,1,0,63,1.3093020507950246,0.0,2026-09-30,False,0.10522426682001151,1.0,0.10522426682001151,0.9133333333333333,0.478399475283071,0.3604026845637584,0.27930571626938205,0.3751356369764165,0.10522426682001151,0.3211533629451355,137,0.05333333333333334,0.9133333333333333,0.48,0.26666666666666666,0.35333333333333333,0.09333333333333334,2026-09-04,v2,SPY Top 150,False
MMM,3M Co,Industrials,168.31,-0.26,28.7493,28.6067,3.4218,15.9251,0.034783455597179755,0.03495684577389213,0.29224384826699396,0.06279395419808981,77.12,39.4,0.6913,0.2723722,18.36,6.45,2.8465116279069766,-1.0460942543846632,4.2517,1.2402,2.35,-21.67,184.895,139.34,0.6359345845681044,False,12.8122,184.133562,9.4,0.6458333333333334,0.6521739130434783,-0.0063405797101449,0.5416666666666666,4,9,9,1,1,24,2.7111975465442586,0.0,2026-06-30,True,0.44598907418056355,0.5269607843137255,0.23501875232554206,0.43333333333333335,0.4417672866135284,0.22315436241610737,0.42199490858597544,0.3425483161698951,0.22315436241610737,0.3186695254191376,138,0.19333333333333333,0.43333333333333335,0.38666666666666666,0.11333333333333333,0.6666666666666666,0.08666666666666667,2026-09-04,v2,SPY Top 150,False
NFLX,Netflix Inc,Comm Services,82.67,-0.07,25.1429,9.8602,7.095,19.8781,0.03977265947842134,0.10141782113953063,0.14094432699083861,0.05030661884184102,47.96,49.12,0.8412,0.41319743999999997,35.46,23.1,1.535064935064935,-0.4285726831183139,0.4746,1.1416,16.02,35.26,126.71,65.08,0.2854129482394938,False,-34.6042,98.46427200000001,19.1,0.7456896551724138,0.7629310344827587,-0.017241379310344862,0.7413793103448276,14,29,15,0,0,58,-0.06866525735797707,0.0,2026-06-30,True,0.42426682001150084,0.9771573604060914,0.4145754459503244,0.03333333333333333,0.6100687607728861,0.3214765100671141,0.23602869706086554,0.38969742962533294,0.03333333333333333,0.31842461036693304,139,0.4066666666666667,0.03333333333333333,0.7133333333333334,0.24,0.2733333333333333,0.08,2026-09-04,v2,SPY Top 150,False
APP,Applovin Corp,Technology,313.58,-1.71,23.7271,54.7219,15.3219,19.6672,0.04214590067897046,0.018274219279666826,0.06526605708169353,0.05084607875040677,193.1,88.46,0.9235,0.8169280999999999,77.44,31.36,2.4693877551020407,-0.9039702474861144,1.1113,4.3002,60.59,84.72,745.61,297.5,0.03588404632791052,False,-36.773700000000005,536.645562,71.1,0.7635135135135135,0.7986111111111112,-0.035097597597597674,0.7837837837837838,10,19,8,0,0,37,0.011789255039797568,0.0,2026-06-30,False,0.3122388345792601,0.6074380165289257,0.1896657383601291,0.02666666666666667,0.7004180546429354,0.4436241610738255,0.2778199490858598,0.3906063422272236,0.02666666666666667,0.3178184071151123,140,0.12666666666666668,0.02666666666666667,0.8933333333333333,0.38,0.3466666666666667,0.07333333333333333,2026-09-04,v2,SPY Top 150,False
SPGI,S&P Global Inc,Financials,450.58,4.37,26.9366,3.8129,8.2242,17.7429,0.03712421018242837,0.2622675653701907,0.12159237372631988,0.05636057239797328,15.5,63.58,0.2636,0.16759688,44.43,41.74,1.0644465740297075,-0.06245501529876226,0.4798,0.9544,9.67,26.22,552.25,381.61,0.40418424753867777,False,-18.993399999999998,537.459216,19.3,0.7867647058823529,0.8014705882352942,-0.014705882352941235,0.8529411764705882,10,19,5,0,0,34,-0.21055450800248943,0.0,2026-06-30,False,0.49326912018401375,1.0,0.49326912018401375,0.08666666666666667,0.4252740146082717,0.411744966442953,0.20940985882897478,0.37332662320808835,0.08666666666666667,0.315994631899804,141,0.54,0.08666666666666667,0.3333333333333333,0.34,0.22,0.06666666666666667,2026-09-04,v2,SPY Top 150,False
AEP,American Electric Power Company Inc,Utilities,124.71,0.92,21.6147,2.4161,3.0457,13.7496,0.04626481052246851,0.41389015355324693,0.3283317463965591,0.07272938849130157,10.0,41.85097,0.1921,0.08039571337,23.52,21.07,1.1162790697674418,-0.11000089521432849,1.6438,0.504,10.6,-15.36,140.58,105.7,0.5450114678899078,False,11.2575,147.246078,18.1,0.6964285714285714,0.6964285714285714,0.0,0.5714285714285714,6,10,12,0,0,28,-2.4882391142798244,0.0,2026-06-30,False,0.72785125551083,1.0,0.72785125551083,0.4266666666666667,0.21678971802416935,0.4590604026845637,0.03015968525804212,0.38600242927724404,0.03015968525804212,0.31483388047340366,142,0.82,0.4266666666666667,0.03333333333333333,0.4,0.013333333333333334,0.06,2026-09-04,v2,SPY Top 150,False
GE,General Electric Co,Industrials,333.48,1.21,38.4847,21.9811,6.8172,37.9538,0.025984352223091256,0.04549362861731214,0.14668778970838467,0.026347822879395476,49.03,33.57,0.3937,0.13216508999999999,16.72,5.34,3.131086142322097,-1.141379954684452,1.086,0.9819,21.7,18.32,388.84,268.91,0.5383973984824483,False,21.2641,407.19522,22.1,0.78125,0.78125,0.0,0.875,9,19,3,1,0,32,1.2771939497465317,0.0,2026-06-30,True,0.21812152578110025,0.5,0.10906076289055013,0.5333333333333333,0.3306131950594711,0.6006711409395973,0.3636287896320296,0.3544610292065361,0.10906076289055013,0.3053809759433389,143,0.06666666666666667,0.5333333333333333,0.15333333333333332,0.68,0.5266666666666666,0.05333333333333334,2026-09-04,v2,SPY Top 150,False
CRWD,CrowdStrike Holdings Inc,Technology,214.97,5.68,3726.2576,38.0963,40.369,2355.4581,0.0002683657726722919,0.026249268301646093,0.024771483068691324,0.0004245458664707303,1.29,75.24,0.4867,0.36619308,-2.21,-5.59,,,0.1463,1.5701,24.3,,233.88,85.68,0.8724021592442646,False,108.86099999999999,226.875132,5.5,0.7213114754098361,0.725,-0.0036885245901638886,0.7377049180327869,12,33,14,1,1,61,0.7934193249923772,0.0,2026-09-30,False,0.03511213341000575,1.0,0.03511213341000575,0.94,0.5266151615575808,0.2832214765100671,0.2946308724832215,0.3616015079942723,0.03511213341000575,0.296303633077419,144,0.013333333333333334,0.94,0.56,0.16666666666666666,0.38666666666666666,0.04666666666666667,2026-09-04,v2,SPY Top 150,False
NOW,ServiceNow Inc,Technology,145.59,6.49,84.6518,8.1806,9.596,53.2106,0.01181309789041698,0.12224042246290003,0.10421008753647353,0.018793247961872258,13.77,74.79,0.5673,0.42428367,11.4,8.77,1.2998859749144813,-0.2622765490163582,0.6006,0.7006,22.19,0.87,194.73,81.24,0.5670103092783506,False,-18.0318,148.806678,2.2,0.7909090909090909,0.7870370370370371,0.0038720538720538045,0.9090909090909091,16,34,3,2,0,55,0.9298564235210325,0.0,2026-06-30,False,0.17947862756373395,1.0,0.17947862756373395,0.1,0.46293102495976535,0.5221476510067113,0.2636380467484378,0.337724201592471,0.1,0.29017936127397687,145,0.11333333333333333,0.1,0.44,0.5066666666666667,0.34,0.04,2026-09-04,v2,SPY Top 150,False
PFE,Pfizer Inc,Healthcare,28.81,-0.72,37.7393,1.6304,2.5673,24.6848,0.02649757679660195,0.6133464180569185,0.38951427569820435,0.04051075965776511,4.89,74.71,0.3086,0.23055505999999998,6.79,18.78,0.3615548455804047,-1.017341532209512,0.7418,1.2669,-0.22,-59.91,29.09,23.58,0.9491833030852993,False,15.095600000000001,28.982076,0.6,0.6180555555555556,0.625,-0.00694444444444442,0.3888888888888889,6,8,20,1,1,36,0.6416447957185399,0.0,2026-06-30,False,0.5626777841671459,1.0,0.5626777841671459,0.4866666666666667,0.2750966107666962,0.1342281879194631,0.17803749132145336,0.3254163572205726,0.1342281879194631,0.2871787233603507,146,0.6133333333333333,0.4866666666666667,0.07333333333333333,0.04,0.13333333333333333,0.03333333333333333,2026-09-04,v2,SPY Top 150,False
IBM,International Business Machines Corp,Technology,234.71,1.3,20.646,7.6717,3.2041,23.0803,0.048435532306500044,0.13034920552159235,0.3121001217190475,0.04332699315000238,33.51,58.1,0.4557,0.2647617,15.11,9.78,1.5449897750511248,-0.43501729223792224,1.7992,0.7908,7.9,82.66,332.46,199.19,0.2665266001350643,False,-4.152,248.956296,6.1,0.6774193548387096,0.7327586206896551,-0.05533926585094551,0.5161290322580645,8,8,13,2,0,31,-1.515345428295742,0.0,2026-06-30,False,0.5586189380870232,0.970880211780278,0.5423520729144031,0.26,0.38023626070146377,0.10805369127516778,0.1992594306873409,0.3271585492971746,0.10805369127516778,0.28333757769277323,147,0.5933333333333334,0.26,0.22666666666666666,0.02666666666666667,0.19333333333333333,0.02666666666666667,2026-09-04,v2,SPY Top 150,False
LIN,Linde PLC,Materials,482.19,-1.08,30.7118,6.1393,6.2759,18.6011,0.03256077468595133,0.1628850194647598,0.15933969629853886,0.05376026148991189,18.75,48.35,0.4081,0.19731635000000003,26.45,21.82,1.2121906507791016,-0.19242917789938352,0.7168,0.879,6.63,10.12,548.2,387.78,0.5885176411918712,False,3.7565999999999997,556.3616519999999,15.4,0.7016129032258065,0.7413793103448276,-0.03976640711902113,0.7096774193548387,5,17,7,2,0,31,-1.9474597995289649,0.0,2026-06-30,False,0.46218995591336015,1.0,0.46218995591336015,0.36,0.37820173985086997,0.22281879194630871,0.09461698680860912,0.3237643173441542,0.09461698680860912,0.2779348512370452,148,0.4866666666666667,0.36,0.22,0.10666666666666667,0.06,0.02,2026-09-04,v2,SPY Top 150,False
WELL,Welltower Inc,Real Estate,241.12,1.06,110.8954,3.452,13.4733,64.0591,0.009017506587288563,0.28968713789107764,0.07422086645439499,0.015610584600782714,3.63,40.33,0.1935,0.07803855,3.57,11.1,0.3216216216216216,-1.1343795125267409,0.3819,1.0648,37.57,22.25,255.2,163.75,0.8460360852925097,False,41.5065,264.129,9.5,0.7589285714285714,0.7685185185185185,-0.009589947089947093,0.8214285714285714,6,17,5,0,0,28,-0.11430011723950567,0.0,2026-06-30,False,0.22769982748706155,1.0,0.22769982748706155,0.7533333333333333,0.19905105276690568,0.2818791946308725,0.19956954408701688,0.27828487657439743,0.19905105276690568,0.2624381118128991,149,0.17333333333333334,0.7533333333333333,0.013333333333333334,0.16,0.2,0.013333333333333334,2026-09-04,v2,SPY Top 150,False
TSLA,Tesla Inc,Cons Discretionary,376.365,5.42,352.782,18.1867,12.9579,120.6108,0.00283461174322953,0.05498523646400942,0.07717299871121092,0.008291131474130011,4.569999999999999,18.85,0.7352,0.1385852,4.22,9.97,0.4232698094282848,-0.8597454559258266,0.1076,1.9409,11.75,-37.66,498.83,297.38,0.3920824025812858,False,9.8336,388.679772,3.3,0.6352459016393442,0.625,0.010245901639344246,0.4918032786885246,10,20,25,5,1,61,-2.4523766396480196,0.0,2026-06-30,False,0.09842150661299598,1.0,0.09842150661299598,0.42,0.30039913245531336,0.45100671140939597,0.021101596852580423,0.25009169819960925,0.021101596852580423,0.2042936779302035,150,0.03333333333333333,0.42,0.1,0.38666666666666666,0.006666666666666667,0.006666666666666667,2026-09-04,v2,SPY Top 150,False
