ticker,name,sector,price,day_chg,pe_ttm,pb,ps_ttm,ev_ebitda,earn_yld,book_yld,sales_yld,ebitda_yld,roe,gross_margin,asset_turnover,gp_assets,op_margin_ttm,op_margin_5y,margin_ratio,margin_stability,debt_equity,current_ratio,rev_growth,eps_growth,w52_high,w52_low,w52_pos,stale_ref,mom_12_1,mean_target,upside_pct,analyst_score,analyst_score_3m_ago,revision_3m,buy_ratio,strong_buy,buy,hold,sell,strong_sell,total_recs,sue,pead_decay,last_report,has_earnings,score_value_raw,cyc_guard,score_value,score_momentum,score_quality,score_sentiment,score_catalyst,score_value_uni,score_quality_uni,weighted_mean,worst_lens,score_composite,rank,score_value_pct,score_momentum_pct,score_quality_pct,score_sentiment_pct,score_catalyst_pct,score_composite_pct,as_of,version,universe,in_top_n
NVDA,NVIDIA Corp,Technology,223.67,-0.91,28.0747,20.768,17.8732,26.9753,0.03561925862075107,0.048151001540832045,0.055949690038717186,0.03707095009137989,110.11,74.67,1.2788,0.95487996,65.17,45.98,1.4173553719008265,-0.34879272100925357,0.1457,4.5889,83.38,125.15,236.54,164.27,0.8219178082191779,False,31.8735,319.559574,42.9,0.8188405797101449,0.8152173913043478,0.0036231884057971175,0.9420289855072463,24,41,3,1,0,69,3.676278564427623,0.0,2026-09-30,False,0.24099482461184588,1.0,0.6176470588235294,0.6533333333333333,1.0,0.7935873862278202,0.6285628326776209,0.24099482461184588,0.804304159643459,0.772747000186423,0.6176470588235294,0.7417270119138443,1,0.6066666666666667,0.6533333333333333,0.9733333333333334,0.9133333333333333,0.9533333333333334,1.0,2026-09-10,v2,SPY Top 150,True
MU,Micron Technology Inc,Technology,1027.77,2.75,22.8884,10.34,12.7961,16.642,0.043690253578231766,0.09671179883945842,0.07814881096584116,0.06008893161879582,70.55,72.57,0.8929,0.6479775299999999,65.63,9.66,6.79399585921325,-1.9160392602612046,0.0568,3.4245,166.98,700.71,1255.0,128.4,0.798304633410261,False,656.5536,1474.5329100000001,43.5,0.8017241379310345,0.8035714285714286,-0.001847290640394128,0.9137931034482759,18,35,4,1,0,58,4.226455705090022,0.0,2026-06-30,True,0.4225455242476519,0.5,0.5588235294117647,0.9933333333333333,0.7941176470588235,0.6352394961846097,0.6650636426753067,0.21127276212382595,0.7345549381481586,0.7040819554421395,0.5588235294117647,0.6750302702360645,2,0.5533333333333333,0.9933333333333333,0.7666666666666667,0.7333333333333333,0.9933333333333333,0.9933333333333333,2026-09-10,v2,SPY Top 150,True
FDX,FedEx Corp,Industrials,309.19,-1.57,16.6315,2.5521,0.7784,8.7656,0.06012686769082765,0.3918341757768113,1.2846865364850977,0.11408232180341335,15.110000000000001,62.11,1.0205,0.6338325499999999,5.76,6.03,0.9552238805970148,-0.04580953603129434,0.8125,1.4754,7.73,9.81,345.37,178.94,0.7826113080574415,False,77.3088,358.529286,16.0,0.7214285714285714,0.7121212121212122,0.009307359307359264,0.6857142857142857,9,15,9,2,0,35,0.41769222888554963,0.0,2025-09-30,True,0.878000766724171,1.0,1.0,0.9066666666666666,1.0,0.5999218534522386,0.20733163619532516,0.878000766724171,0.6553489367578017,0.7917507827864132,0.20733163619532516,0.6748669534681957,3,0.9733333333333334,0.9066666666666666,0.9733333333333334,0.6733333333333333,0.20666666666666667,0.9866666666666667,2026-09-10,v2,SPY Top 150,True
CVX,Chevron Corp,Energy,213.81,1.91,20.4299,1.7386,2.0156,8.7845,0.04894786562831928,0.5751754285056943,0.4961301845604286,0.11383687176276397,10.979999999999999,43.65,0.6372,0.2781378,13.22,12.75,1.0368627450980392,-0.03619956281910508,0.1953,1.2522,11.17,34.62,214.71,146.49,0.9868073878627968,False,34.4583,221.029818,3.4,0.7583333333333333,0.7416666666666667,0.016666666666666607,0.8333333333333334,7,18,4,1,0,30,2.813694710521799,0.0,2026-06-30,False,0.8190147594402915,1.0,0.6666666666666666,0.6866666666666666,0.8333333333333334,0.587537924059943,0.5459476972922934,0.8190147594402915,0.5522290327495738,0.684733072739166,0.5459476972922934,0.6569759976497914,4,0.6566666666666666,0.6866666666666666,0.8133333333333334,0.64,0.86,0.98,2026-09-10,v2,SPY Top 150,True
AMAT,Applied Materials Inc,Technology,468.85,-0.83,40.1984,16.0073,12.0802,38.4801,0.024876612004457888,0.06247149737932068,0.08278008642241023,0.0259874584525508,40.44,49.4,0.7819,0.3862586,29.64,29.33,1.0105693828844187,-0.010513917438526452,0.2554,2.423,7.77,38.36,739.67,161.75,0.5313884274640089,False,188.61419999999998,648.610146,38.3,0.7833333333333333,0.7833333333333333,0.0,0.8666666666666667,12,27,6,0,0,45,0.9000104539017862,0.0,2026-09-30,False,0.18895533831704045,1.0,0.47058823529411764,0.9533333333333334,0.9705882352941176,0.6681299990806289,0.3609719972228651,0.18895533831704045,0.7839558561647096,0.6919286621446537,0.3609719972228651,0.625737329160296,5,0.4533333333333333,0.9533333333333334,0.94,0.8066666666666666,0.52,0.9733333333333334,2026-09-10,v2,SPY Top 150,True
UNP,Union Pacific Corp,Industrials,284.74,-1.29,23.1227,7.8116,6.6702,15.6262,0.043247544620654166,0.12801474729888881,0.14992054211268027,0.06399508517745837,38.65,78.25,0.364,0.28482999999999997,40.03,40.23,0.9950285856326125,-0.0049838129572145375,1.467,0.9859,4.17,7.27,315.99,210.84,0.7028055159296244,False,36.831500000000005,332.281116,16.7,0.7419354838709677,0.7327586206896551,0.009176863181312611,0.6774193548387096,9,12,10,0,0,31,1.739336906013676,0.0,2026-06-30,True,0.49997508146444325,1.0,0.6,0.7133333333333334,0.92,0.6250022984278754,0.38361953251562136,0.49997508146444325,0.6031758039787066,0.6798767228962517,0.38361953251562136,0.6206252848201257,6,0.5933333333333334,0.7133333333333334,0.9066666666666666,0.72,0.5866666666666667,0.9666666666666667,2026-09-10,v2,SPY Top 150,True
SNDK,Sandisk Corp,Technology,1764.17,1.51,22.2837,16.422,12.5824,19.9399,0.0448758509583238,0.060893922786505905,0.07947609359104782,0.05015070286210061,93.13,71.47,1.2398,0.88608506,61.19,2.86,21.395104895104897,-3.063162152642688,0.0,2.2899,175.3,,2354.39,67.86,0.7418708698333284,False,2354.4758,2073.938154,17.6,0.7954545454545454,0.7916666666666666,0.0037878787878787845,0.8484848484848485,11,17,5,0,0,33,1.2648324250882537,0.0,2026-06-30,False,0.3796961855472494,0.5,0.5,1.0,0.8235294117647058,0.6483014618001287,0.35838926174496644,0.1898480927736247,0.7465923682731956,0.6554775051511824,0.35838926174496644,0.5960598564699392,7,0.49333333333333335,1.0,0.8066666666666666,0.7533333333333333,0.5133333333333333,0.96,2026-09-10,v2,SPY Top 150,True
APH,Amphenol Corp,Technology,81.34,-0.51,39.2472,14.0021,6.958,23.6128,0.025479524653988055,0.07141785874975896,0.14371945961483185,0.04234991191218322,37.14,38.95,0.772,0.300694,27.03,21.28,1.2702067669172932,-0.23917969581491255,1.2143,1.8878,54.17,59.37,89.26,39.41,0.841123370110331,False,44.800200000000004,201.169194,147.3,0.782608695652174,0.7604166666666666,0.022192028985507317,0.8695652173913043,6,14,3,0,0,23,3.694949898643713,0.0,2026-06-30,False,0.292270461951313,1.0,0.6764705882352942,0.7866666666666666,0.38235294117647056,0.9463087248322147,0.6132052765563527,0.292270461951313,0.5315492005447151,0.6437327325283273,0.38235294117647056,0.591456774257956,8,0.6666666666666666,0.7866666666666666,0.37333333333333335,1.0,0.94,0.9533333333333334,2026-09-10,v2,SPY Top 150,True
CSCO,Cisco Systems Inc,Technology,109.43,0.24,32.5196,8.9802,6.8131,27.8649,0.03075068574029201,0.11135609451905303,0.1467760637595221,0.0358874426249511,27.389999999999997,64.52,0.5069,0.32705188,24.27,24.23,1.001650846058605,-0.001649484910075718,0.5873,0.9311,11.77,30.78,130.3656,66.13,0.6740810391745389,False,64.4274,137.325966,25.5,0.7214285714285714,0.7196969696969697,0.0017316017316016952,0.6857142857142857,7,17,11,0,0,35,2.407220913859974,0.0,2026-09-30,False,0.3243070730304773,1.0,0.7352941176470589,0.8733333333333333,0.5,0.6035648616346418,0.49069196945151583,0.3243070730304773,0.6380720890590329,0.6154736304897537,0.49069196945151583,0.5905172982821062,9,0.7266666666666667,0.8733333333333333,0.4866666666666667,0.68,0.7866666666666666,0.9466666666666667,2026-09-10,v2,SPY Top 150,True
EOG,EOG Resources Inc,Energy,147.01,1.14,11.2351,2.1685,2.8643,5.8371,0.08900677341545692,0.4611482591653217,0.349125440770869,0.17131794898151478,22.38,79.47,0.5085,0.40410494999999996,33.02,34.76,0.9499424626006906,-0.051353861905209186,0.2487,1.8514,18.67,24.77,153.67,101.59,0.8721198156682028,False,23.277,161.221608,9.7,0.6597222222222222,0.6666666666666666,-0.00694444444444442,0.4722222222222222,6,11,19,0,0,36,0.586965717530179,0.0,2026-06-30,False,0.8821401188422464,1.0,1.0,0.58,1.0,0.19243357543440287,0.2830502198565147,0.8821401188422464,0.6977935891209325,0.6889442480653578,0.19243357543440287,0.5896421135391668,10,0.9733333333333334,0.58,0.9733333333333334,0.09333333333333334,0.36666666666666664,0.94,2026-09-10,v2,SPY Top 150,True
COP,ConocoPhillips,Energy,136.53,1.1,17.7845,1.9381,2.606,6.9743,0.056228738508251566,0.5159692482328053,0.3837298541826554,0.14338356537573663,14.32,46.31,0.5156,0.23877436,22.51,25.7,0.8758754863813231,-0.1325313369825331,0.3564,1.5415,9.6,1.31,137.53,85.57,0.9807544264819091,False,45.8215,148.314222,8.6,0.7419354838709677,0.7419354838709677,0.0,0.7419354838709677,7,16,8,0,0,31,3.2455704051692447,0.0,2026-06-30,False,0.8395735096798926,1.0,0.8333333333333334,0.8133333333333334,0.6666666666666666,0.3788245839845546,0.4730710483684332,0.8395735096798926,0.47127128150920394,0.6363922407188426,0.3788245839845546,0.5848787093719849,11,0.82,0.8133333333333334,0.6566666666666666,0.26666666666666666,0.74,0.9333333333333333,2026-09-10,v2,SPY Top 150,False
BMY,Bristol-Myers Squibb Co,Healthcare,64.41,-0.43,14.1729,5.2719,2.6749,11.0064,0.07055719013046025,0.18968493332574596,0.3738457512430371,0.09085622910306732,46.760000000000005,71.66,0.5449,0.39047534000000006,25.51,13.6,1.8757352941176473,-0.6290007394117139,1.932,1.5316,3.11,99.29,68.64,42.52,0.8380551301684531,False,41.6364,67.63405800000001,5.0,0.6428571428571429,0.6285714285714286,0.014285714285714346,0.42857142857142855,7,8,18,2,0,35,4.637284440412436,0.0,2026-06-30,False,0.7666752923135902,0.7996863974911799,0.6666666666666666,0.76,0.5714285714285714,0.48443044957249237,0.6544411015968525,0.6130998025557522,0.5289477187669628,0.6091474932492645,0.48443044957249237,0.5842040845139101,12,0.6566666666666666,0.76,0.56,0.46,0.98,0.9266666666666666,2026-09-10,v2,SPY Top 150,False
UPS,United Parcel Service Inc,Industrials,99.22,-1.25,18.5776,6.0646,0.9441,10.0326,0.05382826629919903,0.16489133660917454,1.0592098294672174,0.09967505930666028,29.07,81.91,1.2509,1.0246121899999998,7.31,10.88,0.6718749999999999,-0.3976829676661096,1.625,1.179,-0.42,-20.08,122.41,82.0,0.4261321455085375,False,22.7629,118.57214400000001,19.5,0.6642857142857143,0.6590909090909091,0.0051948051948051965,0.5142857142857142,9,9,13,4,0,35,0.6073221974599818,0.0,2026-06-30,False,0.7799175771516198,1.0,0.84,0.5666666666666667,0.88,0.5473062425301095,0.18847489007174267,0.7799175771516198,0.580528292812997,0.66839914868345,0.18847489007174267,0.5724142969611085,13,0.8266666666666667,0.5666666666666667,0.8666666666666667,0.5533333333333333,0.16666666666666666,0.92,2026-09-10,v2,SPY Top 150,False
MSFT,Microsoft Corp,Technology,491.65,-0.47,27.3573,6.2636,11.0265,19.3445,0.03655331483735603,0.15965259595121015,0.09069060898743934,0.05169428002791491,33.22,67.94,0.4819,0.32740286,46.73,44.07,1.0603585205355117,-0.0586070778584392,0.2416,1.2303,17.79,31.56,553.72,349.2,0.6965088988851944,False,1.7766000000000002,582.19917,18.4,0.8152173913043478,0.8161764705882353,-0.0009590792838874984,0.927536231884058,23,41,5,0,0,69,4.113875052263524,0.0,2026-06-30,False,0.41602357676825763,1.0,0.8235294117647058,0.34,0.6176470588235294,0.5460306150592994,0.5941217310807684,0.41602357676825763,0.6645432677199098,0.6235008532622105,0.34,0.5668006826097685,14,0.8133333333333334,0.34,0.6066666666666667,0.5466666666666666,0.92,0.9133333333333333,2026-09-10,v2,SPY Top 150,False
GD,General Dynamics Corp,Industrials,352.67,-1.1,21.3835,3.8011,1.7489,15.0107,0.04676502911123062,0.2630817394964616,0.5717879810166391,0.06661914500989294,17.43,15.38,0.9376,0.14420288,10.32,10.36,0.9961389961389963,-0.003868476777920206,0.2802,1.4409,9.13,10.13,400.0,306.77,0.4923307948085383,False,14.4695,426.03033600000003,20.8,0.7121212121212122,0.7045454545454546,0.007575757575757569,0.6666666666666666,7,15,10,1,0,33,0.9835280370829034,0.0,2026-06-30,True,0.7267519647306881,1.0,0.8,0.46,0.72,0.6177714443320769,0.3040499884286045,0.7267519647306881,0.530344813301717,0.631161787130706,0.3040499884286045,0.5657394273902858,15,0.78,0.46,0.7066666666666667,0.7,0.4066666666666667,0.9066666666666666,2026-09-10,v2,SPY Top 150,False
LMT,Lockheed Martin Corp,Industrials,524.46,-2.18,19.3586,13.2024,1.5803,12.7702,0.05165662806194663,0.07574380415681997,0.6327912421692083,0.07830730920424112,86.24000000000001,11.8,1.274,0.15033200000000002,11.88,10.83,1.0969529085872576,-0.09253625292159959,2.3424,1.1929,7.2,52.8,692.0,437.25,0.3423356231599609,False,21.2491,649.009578,23.7,0.6607142857142857,0.6339285714285714,0.0267857142857143,0.4642857142857143,6,7,14,1,0,28,1.291007267838419,0.0,2026-06-30,True,0.6807101782633698,1.0,0.76,0.5266666666666666,0.44,0.7392019858416843,0.4318120805369128,0.6807101782633698,0.47613819767829424,0.5872788759155405,0.4318120805369128,0.556185516839815,16,0.74,0.5266666666666666,0.4266666666666667,0.86,0.6866666666666666,0.9,2026-09-10,v2,SPY Top 150,False
WDC,Western Digital Corp,Technology,482.28,1.04,17.4572,22.4549,12.7345,38.2885,0.057282954883944734,0.044533709791626776,0.07852683654638973,0.026117502644397144,117.8,48.85,0.8777,0.42875645,30.25,11.1,2.725225225225225,-1.002551076158562,0.1187,1.3288,35.7,363.83,799.87,91.65,0.5515658976024399,False,405.6932,663.796518,37.6,0.75,0.7586206896551724,-0.008620689655172376,0.7741935483870968,7,17,7,0,0,31,2.217411658221307,0.0,2026-06-30,False,0.3425579835154303,0.5504132231404959,0.4117647058823529,0.9866666666666667,0.7058823529411765,0.46238392939229567,0.5482110622541079,0.18854844381923686,0.68552977363845,0.5880809942361832,0.4117647058823529,0.5528177365654172,17,0.41333333333333333,0.9866666666666667,0.6933333333333334,0.41333333333333333,0.8666666666666667,0.8933333333333333,2026-09-10,v2,SPY Top 150,False
GOOGL,Alphabet Inc,Comm Services,330.65,-2.28,16.5698,6.7585,9.0754,26.1095,0.060350758609035715,0.14796182584893097,0.11018798069506579,0.03830023554644861,50.839999999999996,60.9,0.6467,0.39384030000000003,33.11,29.71,1.1144395826321103,-0.10835166208463853,0.1533,2.724,20.05,115.31,408.61,233.23,0.5554795301630743,False,44.8653,429.654804,29.9,0.7964285714285714,0.782608695652174,0.013819875776397428,0.9,20,43,7,0,0,70,-0.5336987384061047,0.0,2026-06-30,False,0.49309804485336395,1.0,0.3181818181818182,0.7966666666666666,0.8636363636363636,0.8664981152891422,0.24759777829206203,0.49309804485336395,0.754515201078003,0.628742320104668,0.24759777829206203,0.5525134117421469,18,0.28,0.7966666666666666,0.8466666666666667,0.9666666666666667,0.31,0.8866666666666667,2026-09-10,v2,SPY Top 150,False
GOOG,Alphabet Inc,Comm Services,328.38,-2.09,16.5698,6.7585,9.0754,26.1095,0.060350758609035715,0.14796182584893097,0.11018798069506579,0.03830023554644861,50.839999999999996,60.9,0.6467,0.39384030000000003,33.11,29.71,1.1144395826321103,-0.10835166208463853,0.1533,2.724,20.05,115.31,408.61,233.23,0.5425362070931691,False,44.8653,425.65558799999997,29.6,0.7964285714285714,0.782608695652174,0.013819875776397428,0.9,20,43,7,0,0,70,-0.5336987384061047,0.0,2026-06-30,False,0.49309804485336395,1.0,0.3181818181818182,0.7966666666666666,0.8636363636363636,0.8644433207685943,0.24759777829206203,0.49309804485336395,0.754515201078003,0.6283313612005584,0.24759777829206203,0.5521846446188592,19,0.28,0.7966666666666666,0.8466666666666667,0.96,0.31,0.88,2026-09-10,v2,SPY Top 150,False
LOW,Lowe's Companies Inc,Cons Discretionary,198.6,-1.1,16.7763,316.2831,1.2324,11.6963,0.05960789923880713,0.003161724417144008,0.8114248620577735,0.08549712302181031,264.53000000000003,33.08,1.6561,0.5478378799999999,11.38,12.14,0.9373970345963757,-0.06464835693316727,52.2337,1.1046,8.16,-2.74,293.06,199.34,-0.007895860008536162,True,-24.5471,,,0.7317073170731707,0.7317073170731707,0.0,0.6829268292682927,11,17,12,1,0,41,6.563798534130623,0.0,2026-09-30,False,0.6503709028177114,1.0,1.0,0.06666666666666667,0.8,0.47315436241610737,0.5238185605183986,0.6503709028177114,0.7071114952051729,0.669870323227648,0.06666666666666667,0.5492295919154517,20,0.9733333333333334,0.06666666666666667,0.78,0.4533333333333333,0.8266666666666667,0.8733333333333333,2026-09-10,v2,SPY Top 150,False
BAC,Bank of America Corp,Financials,62.67,0.45,13.0598,1.3281,2.32875,,0.0765708510084381,0.7529553497477599,0.4294149221685454,,11.129999999999999,,,,32.73721,33.47932,0.9778337791807001,-0.022415583330081108,2.4313,,99.36713,25.82,65.225,46.12,0.8662653755561375,False,25.415799999999997,68.922828,10.0,0.75,0.75,0.0,0.7931034482758621,6,17,6,0,0,29,2.1898905017103685,0.0,2026-06-30,True,0.8090090090090091,1.0,0.7272727272727273,0.5933333333333334,0.6363636363636364,0.4056863105635745,0.4683962045822726,0.8090090090090091,0.4450229885057471,0.5834572988606618,0.4056863105635745,0.5479031012012443,21,0.7166666666666667,0.5933333333333334,0.63,0.32,0.7266666666666667,0.8666666666666667,2026-09-10,v2,SPY Top 150,False
NEE,Nextera Energy Inc,Utilities,82.65,-1.41,18.5448,3.2044,6.0084,18.1686,0.053923471808808944,0.31207090250905006,0.16643365954330605,0.0550400140902436,16.82,,0.1318,,29.82,26.67,1.1181102362204725,-0.11163997114266946,1.929,0.5338,10.82,55.3,98.75,69.24,0.4544222297526265,False,18.3423,99.58362,20.5,0.7232142857142857,0.7241379310344828,-0.000923645320197064,0.6428571428571429,8,10,9,1,0,28,0.7237897215676752,0.0,2026-06-30,False,0.625455242476519,1.0,0.4,0.52,1.0,0.4586076123931231,0.34732237907891694,0.625455242476519,0.3954621984782256,0.5958198793404621,0.34732237907891694,0.546120379288153,22,0.38666666666666666,0.52,0.9733333333333334,0.4066666666666667,0.4866666666666667,0.86,2026-09-10,v2,SPY Top 150,False
TJX,TJX Companies Inc,Cons Discretionary,126.12,-2.17,22.9477,16.3356,2.2325,14.738,0.043577351978629664,0.0612159945150469,0.4479283314669653,0.06785181164337088,59.77,32.0,1.7296,0.5534720000000001,12.69,10.47,1.2120343839541545,-0.19230025684385063,0.2696,1.1474,7.66,23.31,170.0,128.37,-0.05404756185443191,True,-4.7371,,,0.7592592592592593,0.8076923076923077,-0.04843304843304841,0.7777777777777778,8,13,5,1,0,27,0.41155072386631114,0.0,2026-09-30,False,0.5803766532489937,1.0,0.8,0.25333333333333335,1.0,0.2815436241610738,0.2419995371441796,0.5803766532489937,0.7222239665171557,0.617941988737175,0.2419995371441796,0.5427534984185759,23,0.78,0.25333333333333335,0.9733333333333334,0.15333333333333332,0.29333333333333333,0.8533333333333334,2026-09-10,v2,SPY Top 150,False
CMI,Cummins Inc,Industrials,554.76,-1.21,28.2745,7.6606,2.2117,19.0131,0.035367557339652335,0.13053807795734015,0.4521408871004205,0.0525953158611694,21.89,25.66,1.0082,0.25870412,11.22,10.75,1.0437209302325583,-0.0427921455208786,0.599,1.7272,2.93,-7.98,737.76,390.11,0.4736085143103696,False,41.811,767.649348,38.4,0.7142857142857143,0.7053571428571429,0.008928571428571397,0.6785714285714286,5,14,9,0,0,28,-0.8749581576565397,0.0,2026-06-30,False,0.5346712670116925,1.0,0.72,0.7666666666666667,0.8,0.7242116392387608,0.0759453830131914,0.5346712670116925,0.5710254025845404,0.6529008019663975,0.0759453830131914,0.5375097181757563,24,0.7066666666666667,0.7666666666666667,0.78,0.8466666666666667,0.04,0.8466666666666667,2026-09-10,v2,SPY Top 150,False
WFC,Wells Fargo & Co,Financials,89.67,1.94,11.7643,1.389,1.90599,,0.08500293260117474,0.7199424046076314,0.5246617243532232,,12.55,,,,25.34514,25.21255,1.0052588889263483,-0.005245109259358108,2.5479,,72.74767,16.88,97.76,72.78,0.6761409127301841,False,9.3275,102.255,14.0,0.7166666666666667,0.7413793103448276,-0.02471264367816095,0.6666666666666666,6,14,10,0,0,30,2.6848089464264913,0.0,2026-06-30,True,0.8378378378378378,1.0,0.8636363636363636,0.42,0.8181818181818182,0.20676657166498116,0.4856283267762092,0.8378378378378378,0.46839080459770116,0.617561199713064,0.20676657166498116,0.5354022741034474,25,0.8466666666666667,0.42,0.8,0.10666666666666667,0.7733333333333333,0.84,2026-09-10,v2,SPY Top 150,False
BK,BK,Financials,162.51,-0.21,15.7933,1.8182,2.12845,,0.06331798927393262,0.5499945000549994,0.46982545984166885,,13.48,,,,26.54159,28.68099,0.9254070379021087,-0.07752159728409598,1.1894,,284.5591,31.5,165.84,102.63,0.9473184622686281,False,55.582899999999995,143.663022,-11.6,,,,,0,0,0,0,0,0,,0.0,,False,0.7770720720720721,1.0,0.6363636363636364,0.86,0.6818181818181818,0.352054794520548,0.3796551724137931,0.7770720720720721,0.4538390804597701,0.5769955984025422,0.352054794520548,0.5320074376261434,26,0.63,0.86,0.68,0.26,0.56,0.8333333333333334,2026-09-10,v2,SPY Top 150,False
JPM,JPMorgan Chase & Co,Financials,354.71,0.34,14.5006,2.3228,2.89596,,0.06896266361391942,0.4305148958153952,0.3453086368596251,,17.810000000000002,,,,41.22809,38.1933,1.0794587008716188,-0.07645971259532333,3.3045,,108.9793,19.48,366.5,279.1,0.8651029748283751,False,21.3939,380.19714600000003,7.2,0.675,0.6666666666666666,0.008333333333333415,0.6,3,15,12,0,0,30,1.463788500270821,0.0,2026-06-30,True,0.7464864864864865,1.0,0.5909090909090909,0.5333333333333333,0.7272727272727273,0.45319711317458855,0.3831659338116177,0.7464864864864865,0.45505172413793105,0.5673567369490846,0.3831659338116177,0.5305185763215913,27,0.58,0.5333333333333333,0.7166666666666667,0.3933333333333333,0.58,0.8266666666666667,2026-09-10,v2,SPY Top 150,False
AMZN,Amazon.com Inc,Cons Discretionary,252.4,-1.78,20.1126,4.6479,3.5077,16.5645,0.04972007597227608,0.21515092837625593,0.2850870941072498,0.06037006852002778,30.5,50.77,0.872,0.4427144,12.08,7.2,1.6777777777777778,-0.5174701664846593,0.2816,1.0331,15.77,89.71,287.2,196.0,0.6184210526315791,False,10.0374,326.48496600000004,29.4,0.8006756756756757,0.8033333333333333,-0.002657657657657686,0.9324324324324325,20,49,5,0,0,74,0.6841049144849262,0.0,2026-06-30,False,0.6421171171171172,0.8940397350993378,0.7,0.4266666666666667,0.6,0.590199503539579,0.35302476278639205,0.5740782172901379,0.5779508851622241,0.5686602817925412,0.35302476278639205,0.5255331779913114,28,0.6866666666666666,0.4266666666666667,0.5866666666666667,0.6466666666666666,0.5066666666666667,0.82,2026-09-10,v2,SPY Top 150,False
MDT,Medtronic PLC,Healthcare,91.89,-0.54,22.6275,2.176,3.1541,17.0217,0.0441940117114131,0.45955882352941174,0.317047652262135,0.05874853863010158,10.61,65.74,0.4068,0.26743032,18.08,17.4,1.0390804597701149,-0.03833614874354703,0.5605,2.0671,9.77,12.25,106.33,73.31,0.5626892792247123,False,-2.5647,100.798848,9.7,0.7426470588235294,0.7094594594594594,0.03318759936407001,0.6764705882352942,10,13,11,0,0,34,3.771075492872469,0.0,2026-09-30,False,0.676422273337167,1.0,0.7619047619047619,0.28,0.5238095238095238,0.6535074009377586,0.5296644295302013,0.676422273337167,0.5247910512432268,0.5857701922361296,0.28,0.5246161537889037,29,0.7466666666666667,0.28,0.5133333333333333,0.7666666666666667,0.8466666666666667,0.8133333333333334,2026-09-10,v2,SPY Top 150,False
LRCX,Lam Research Corp,Technology,315.84,-1.43,54.7038,41.2056,17.1071,45.78,0.018280265721942534,0.02426854602287068,0.05845526126579023,0.021843599825251202,66.97,50.47,1.0607,0.53533529,35.29,31.37,1.1249601530124322,-0.1177476154845919,0.2995,2.6293,26.02,38.62,438.5,104.46,0.6327984672494311,False,198.6798,373.541034,18.3,0.774390243902439,0.7682926829268293,0.0060975609756097615,0.8536585365853658,10,25,6,0,0,41,3.2502881658104763,0.0,2026-06-30,True,0.09553479010925818,1.0,0.11764705882352941,0.96,0.9411764705882353,0.649324262204652,0.5784957185836612,0.09553479010925818,0.7761642383033835,0.6244039161108325,0.11764705882352941,0.5230525446533719,30,0.08,0.96,0.9133333333333333,0.76,0.9066666666666666,0.8066666666666666,2026-09-10,v2,SPY Top 150,False
TXN,Texas Instruments Inc,Technology,261.59,1.03,39.151,15.0648,12.1802,26.3795,0.025542131746315547,0.0663799054750146,0.08210045812055632,0.03790822418923785,35.77,58.33,0.5563,0.32448978999999994,37.29,42.06,0.8865905848787445,-0.12037197608382441,0.7804,4.8573,16.66,20.26,334.03,152.73,0.6004412575841147,False,40.101800000000004,315.719376,20.7,0.6395348837209303,0.625,0.014534883720930258,0.4883720930232558,7,14,19,2,1,43,1.6630994233063483,0.0,2026-06-30,True,0.2327726662833046,1.0,0.5882352941176471,0.7533333333333333,0.4411764705882353,0.6569918175967637,0.41277019208516547,0.2327726662833046,0.6097977697149768,0.5480589903713433,0.41277019208516547,0.5210012307141078,31,0.5733333333333334,0.7533333333333333,0.43333333333333335,0.78,0.6533333333333333,0.8,2026-09-10,v2,SPY Top 150,False
PH,Parker-Hannifin Corp,Industrials,949.47,-0.67,32.9397,8.0062,5.5893,25.6008,0.030358503568642094,0.12490320001998452,0.1789132807328288,0.03906127933502078,25.11,37.84,0.7006,0.26510704,21.65,19.62,1.103465851172273,-0.09845600031128168,0.5531,1.2623,8.31,5.03,1099.94,715.37,0.608731830355982,False,28.1491,1186.289172,24.9,0.7647058823529411,0.7647058823529411,0.0,0.7941176470588235,9,18,7,0,0,34,4.28790922676389,0.0,2026-06-30,False,0.3703594019551466,1.0,0.32,0.6333333333333333,0.76,0.5825733198492231,0.5263503818560519,0.3703594019551466,0.5433331904884343,0.5668005545815857,0.32,0.5174404436652686,32,0.29333333333333333,0.6333333333333333,0.74,0.62,0.84,0.7933333333333333,2026-09-10,v2,SPY Top 150,False
KLAC,KLA Corp,Technology,182.91,-3.21,49.2487,62.0673,17.5198,39.9163,0.02030510450022031,0.016111543437526684,0.05707827714928253,0.025052422193439772,85.38,61.57,0.8004,0.49280628000000004,41.77,38.55,1.0835278858625164,-0.08022227849974561,0.9272,2.8762,11.71,20.63,307.3743,90.67,0.4256491449408249,False,100.18719999999999,234.468624,28.2,0.7428571428571429,0.7357142857142858,0.0071428571428571175,0.6857142857142857,10,14,11,0,0,35,1.4749887460556024,0.0,2026-06-30,False,0.09884416331224842,1.0,0.17647058823529413,0.9266666666666666,0.8823529411764706,0.6826100946952285,0.39341819023374225,0.09884416331224842,0.7571640002285518,0.5970249435525384,0.17647058823529413,0.5129140724890896,33,0.13333333333333333,0.9266666666666666,0.8733333333333333,0.8133333333333334,0.6,0.7866666666666666,2026-09-10,v2,SPY Top 150,False
COF,Capital One Financial Corp,Financials,210.86,-1.45,12.3881,1.0861,1.11745,,0.08072262897458045,0.9207255317189945,0.8948946261577698,,9.28,,,,18.32824,28.31922,0.6472014412826342,-0.4350976862894166,0.3938,,38.19094,521.95,259.64,174.24,0.4288056206088995,False,-2.5332,264.384,25.4,0.7758620689655172,0.7672413793103449,0.008620689655172376,0.8275862068965517,8,16,5,0,0,29,1.3736360514667123,0.0,2026-06-30,True,0.8704504504504503,1.0,0.9545454545454546,0.2866666666666667,0.2727272727272727,0.7521605222028134,0.4791205739412173,0.8704504504504503,0.37562068965517237,0.5714214026529574,0.2727272727272727,0.5116825766678205,34,0.9266666666666666,0.2866666666666667,0.24333333333333335,0.8933333333333333,0.7466666666666667,0.78,2026-09-10,v2,SPY Top 150,False
NOC,Northrop Grumman Corp,Industrials,515.57,-0.58,16.3995,4.0449,1.719,14.1483,0.06097746882526906,0.24722490049197754,0.5817335660267597,0.07067986966632032,26.58,20.06,0.8517,0.17085102,10.72,10.68,1.00374531835206,-0.003738322110607158,0.8494,1.1682,5.9,15.95,774.0,479.02,0.12390670553935883,False,-6.968300000000001,662.651058,28.5,0.6964285714285714,0.7053571428571429,-0.008928571428571508,0.6071428571428571,5,12,11,0,0,28,1.6843868957220978,0.0,2026-06-30,True,0.7842946137626988,1.0,0.88,0.24,0.64,0.3854187735588857,0.4037121036797038,0.7842946137626988,0.5113913426468207,0.5736405702637327,0.24,0.5069124562109862,35,0.86,0.24,0.64,0.28,0.6133333333333333,0.7733333333333333,2026-09-10,v2,SPY Top 150,False
HCA,HCA Healthcare Inc,Healthcare,421.83,4.93,13.2753,256.9178,1.1639,8.8593,0.07532786453036842,0.0038922955124168117,0.8591803419537761,0.11287573510322486,695.73,85.26,1.2728,1.08518928,15.48,15.39,1.0058479532163742,-0.005830920310793144,125.7976,0.993,7.31,25.46,556.52,353.99,0.3349627215721127,False,-0.8468,462.27726,9.6,0.6833333333333333,0.7,-0.016666666666666607,0.5666666666666667,6,11,12,1,0,30,0.14601096312744102,0.0,2026-06-30,True,0.6985422656699253,1.0,0.8095238095238095,0.3,1.0,0.1460421071986761,0.2354732700763712,0.6985422656699253,0.7779645458960661,0.5969103643321433,0.1460421071986761,0.5067367129054499,36,0.7933333333333333,0.3,0.9733333333333334,0.04666666666666667,0.2733333333333333,0.7666666666666667,2026-09-10,v2,SPY Top 150,False
PWR,Quanta Services Inc,Technology,626.98,-1.89,72.6152,11.2108,2.9282,38.895,0.01377122145225793,0.08919970028900702,0.34150672768253537,0.025710245532844837,14.74,15.46,1.2941,0.20006786000000001,6.19,5.39,1.1484230055658629,-0.13838970177559906,0.6334,1.0983,26.3,35.37,788.75,370.27,0.6134343337793922,False,64.9083,805.77654,28.5,0.7708333333333334,0.75,0.02083333333333337,0.7777777777777778,11,17,8,0,0,36,4.549570905131631,0.0,2026-06-30,False,0.29938374544757523,1.0,0.7058823529411765,0.8866666666666667,0.17647058823529413,0.8552174312770066,0.6166026382781763,0.29938374544757523,0.3966932739098553,0.5816123133696768,0.17647058823529413,0.5005839683428003,37,0.6933333333333334,0.8866666666666667,0.13333333333333333,0.9466666666666667,0.9466666666666667,0.76,2026-09-10,v2,SPY Top 150,False
ADBE,Adobe Inc,Technology,254.86,-0.93,14.1459,9.0964,4.0583,11.2576,0.07069186124601474,0.10993360010553627,0.24640859473178425,0.08882888004548038,62.39,89.4,0.855,0.76437,36.07,34.73,1.0385833573279586,-0.03785762815946502,0.5769,0.7508,11.49,11.83,370.86,190.12,0.3581940909593892,False,-16.136899999999997,273.230868,7.2,0.6086956521739131,0.6222222222222222,-0.01352657004830915,0.391304347826087,7,11,23,5,0,46,0.8264282264048898,0.0,2026-06-30,True,0.6739505462909718,1.0,0.9705882352941176,0.12,0.9117647058823529,0.11125080444975637,0.27996297153436706,0.6739505462909718,0.7703212867468503,0.5924210772083416,0.11125080444975637,0.49618702265662457,38,0.94,0.12,0.9,0.02666666666666667,0.36,0.7533333333333333,2026-09-10,v2,SPY Top 150,False
ACN,Accenture PLC,Technology,175.8,-1.8,14.0374,3.7846,1.4959,7.9619,0.07123826349608901,0.2642287163768958,0.6684938832809679,0.1255981612429194,24.89,32.01,1.0994,0.35191794,14.49,14.67,0.9877300613496933,-0.012345835822299266,0.1612,1.3392,6.74,-0.37,291.09,118.15,0.33335260784086973,False,-24.2942,198.86123999999998,13.1,0.6953125,0.6953125,0.0,0.59375,6,13,13,0,0,32,0.7184978836946156,0.0,2026-06-30,True,0.8614443166570827,1.0,1.0,0.07333333333333333,0.7647058823529411,0.38143329962305783,0.22534598472575793,0.8614443166570827,0.7123452561209039,0.5968336556726909,0.07333333333333333,0.49213359120481937,39,0.9733333333333334,0.07333333333333333,0.7533333333333333,0.2733333333333333,0.25333333333333335,0.7466666666666667,2026-09-10,v2,SPY Top 150,False
CB,Chubb Limited,Financials,337.62,0.29,11.6447,1.7534,2.1075,8.6884,0.08587597791269848,0.5703205201323144,0.4744958481613286,0.11509599005570646,15.18,,0.2249,,23.26,19.24,1.2089397089397091,-0.1897437018529581,0.2425,0.162,8.02,24.7,365.91,265.3,0.7188152271146008,False,21.9037,361.746978,7.1,0.6642857142857143,0.6714285714285714,-0.0071428571428571175,0.5142857142857142,8,10,15,1,1,35,0.8488979884416739,0.0,2026-06-30,True,0.9023471343684111,1.0,1.0,0.5533333333333333,0.5909090909090909,0.16857129723269285,0.32193936588752603,0.9023471343684111,0.43750040472721385,0.5646112249357281,0.16857129723269285,0.4854032393951211,40,0.9733333333333334,0.5533333333333333,0.5733333333333334,0.07333333333333333,0.44,0.74,2026-09-10,v2,SPY Top 150,False
CRH,CRH PLC,Industrials,89.35,-1.39,15.6493,2.9747,1.5547,9.3169,0.06390062175304966,0.3361683531112381,0.6432109088570143,0.10733183784305939,16.259999999999998,36.25,0.6616,0.23983,15.09,12.76,1.182601880877743,-0.16771699486311373,0.7691,1.5788,6.29,17.98,131.55,90.21,-0.020803096274794364,True,-15.238600000000002,,,0.8125,0.8055555555555556,0.00694444444444442,0.9285714285714286,9,17,2,0,0,28,1.17485306331291,0.0,2026-06-30,False,0.8478225033544182,1.0,0.96,0.15333333333333332,0.4,0.6895973154362416,0.340735940754455,0.8478225033544182,0.44676123951280367,0.5643631875337499,0.15333333333333332,0.4821572166936666,41,0.9333333333333333,0.15333333333333332,0.38666666666666666,0.82,0.46,0.7333333333333333,2026-09-10,v2,SPY Top 150,False
SYK,Stryker Corp,Healthcare,275.39,-0.38,28.2218,5.0316,4.0732,18.7104,0.0354336009751327,0.19874393830988155,0.24550721791220662,0.0534462117325124,16.36,65.31,0.5465,0.35691915,21.32,17.04,1.251173708920188,-0.22408207789647427,0.6229,2.1571,8.48,27.71,395.9,275.1,0.002400662251655329,False,-15.0519,392.35238400000003,42.5,0.7867647058823529,0.7857142857142857,0.0010504201680672232,0.7941176470588235,12,15,7,0,0,34,1.1215459503060061,0.0,2026-06-30,False,0.5209536131876558,1.0,0.5714285714285714,0.16,0.6666666666666666,0.7438815849958628,0.3651515852811849,0.5209536131876558,0.5407866897123104,0.5624061976484932,0.16,0.48192495811879454,42,0.5666666666666667,0.16,0.6566666666666666,0.8866666666666667,0.5333333333333333,0.7266666666666667,2026-09-10,v2,SPY Top 150,False
PM,Philip Morris International Inc,Cons Staples,185.71,0.53,26.6128,1368.8571,6.8019,18.6296,0.03757590332471593,0.000730536445330926,0.14701774504182655,0.05367801777815949,575.44,67.51,0.6224,0.42018224,37.75,36.94,1.0219274499187874,-0.02169050092393995,186.0804,0.9798,8.93,31.96,207.76,142.11,0.6641279512566642,False,14.8984,204.59925,10.2,0.7685185185185185,0.7596153846153846,0.008903133903133909,0.7407407407407407,9,11,7,0,0,27,2.0212465868594633,0.0,2026-06-30,True,0.3329796818094691,1.0,0.125,0.47333333333333333,1.0,0.5822584352303025,0.4727192779449202,0.3329796818094691,0.6958227628108067,0.5659429120711319,0.125,0.47775432965690556,43,0.09333333333333334,0.47333333333333333,0.9733333333333334,0.6133333333333333,0.7333333333333333,0.72,2026-09-10,v2,SPY Top 150,False
USB,US Bancorp,Financials,62.11,-0.61,11.8532,1.3955,2.0972,,0.08436540343535923,0.7165890361877464,0.4768262445164982,,12.479999999999999,,,,25.22268,35.30532,0.7144158444109839,-0.33629007103899267,1.4238,,84.11849,18.72,66.075,45.02,0.8116836855853715,False,26.9703,70.914276,14.2,0.6944444444444444,0.6574074074074074,0.03703703703703698,0.5925925925925926,6,10,10,1,0,27,2.558705280264017,0.0,2026-06-30,True,0.8258108108108108,1.0,0.8181818181818182,0.62,0.22727272727272727,0.6568286292176151,0.48245776440638743,0.8258108108108108,0.35279310344827586,0.5384616632317538,0.22727272727272727,0.47622387603994853,44,0.8033333333333333,0.62,0.19333333333333333,0.7733333333333333,0.76,0.7133333333333334,2026-09-10,v2,SPY Top 150,False
HD,Home Depot Inc,Cons Discretionary,310.45,-1.04,21.8493,20.4032,1.8374,14.8307,0.0457680566425469,0.04901191969887077,0.5442473059758355,0.0674277006479802,102.67999999999999,33.21,1.5787,0.52428627,12.43,14.18,0.8765867418899859,-0.13171961558136172,3.1832,1.0781,2.5,-2.94,426.75,289.1,0.15510352342898634,False,-20.9887,381.437568,22.9,0.6902173913043478,0.6902173913043478,0.0,0.6086956521739131,9,19,17,0,1,46,0.46311599854457963,0.0,2026-09-30,False,0.5944537090281771,1.0,0.9,0.08,0.7,0.4890778707364163,0.18351307567692665,0.5944537090281771,0.6472495976535345,0.5683425354988223,0.08,0.47067402839905786,45,0.8733333333333333,0.08,0.6866666666666666,0.47333333333333333,0.16,0.7066666666666667,2026-09-10,v2,SPY Top 150,False
REGN,Regeneron Pharmaceuticals Inc,Healthcare,807.65,-0.33,19.1254,2.0614,5.3292,18.9947,0.05228648812573855,0.4851072086931212,0.1876454252045335,0.05264626448430351,13.81,85.97,0.3805,0.32711585,24.74,35.7,0.6929971988795517,-0.36672932182125173,0.0854,3.3353,9.29,1.88,859.34,541.0,0.8376264371426775,False,43.697,852.181134,5.5,0.7236842105263158,0.7368421052631579,-0.013157894736842035,0.6842105263157895,8,18,12,0,0,38,2.530298006330677,0.0,2026-06-30,False,0.6576662833045812,1.0,0.7142857142857143,0.7733333333333333,0.6190476190476191,0.18249977015721247,0.4288498032862763,0.6576662833045812,0.533138745250407,0.5424464721434316,0.18249977015721247,0.4704571317461878,46,0.7,0.7733333333333333,0.6133333333333333,0.08666666666666667,0.68,0.7,2026-09-10,v2,SPY Top 150,False
AMGN,Amgen Inc,Healthcare,391.27,-0.48,24.2397,16.7214,5.5631,16.8957,0.041254635989719346,0.05980360496130707,0.17975589149934387,0.05918665696005492,89.32,74.3,0.4131,0.3069333,30.32,28.53,1.0627409744128986,-0.06085139554876219,4.9028,1.3709,9.1,31.72,447.03,269.77,0.6854338260182783,False,48.8622,397.709526,1.6,0.627906976744186,0.6337209302325582,-0.005813953488372103,0.46511627906976744,6,14,20,2,1,43,3.6317970306339107,0.0,2026-06-30,False,0.4472100824228484,1.0,0.47619047619047616,0.8266666666666667,0.7619047619047619,0.1559115564953572,0.5686554038417033,0.4472100824228484,0.6089119551657477,0.5467663361610412,0.1559115564953572,0.4685953802279044,47,0.4666666666666667,0.8266666666666667,0.7466666666666667,0.05333333333333334,0.8933333333333333,0.6933333333333334,2026-09-10,v2,SPY Top 150,False
PNC,PNC Financial Services Group Inc,Financials,240.69,-0.91,12.609,1.5348,2.34179,,0.07930843048616068,0.6515506906437321,0.4270237724134103,,12.34,,,,34.5423,,,,0.7078,,72.26733,22.76,258.96,176.88,0.7774122807017546,False,17.8391,280.016826,16.3,0.75,0.7592592592592593,-0.0092592592592593,0.7037037037037037,8,11,8,0,0,27,1.8742588172348609,0.0,2026-06-30,True,0.8084234234234233,1.0,0.6818181818181818,0.5133333333333333,0.5,0.3262204652018019,0.4419625086785467,0.8084234234234233,0.42533333333333334,0.5033263481300212,0.3262204652018019,0.4679051715443774,48,0.68,0.5133333333333333,0.4866666666666667,0.24,0.7066666666666667,0.6866666666666666,2026-09-10,v2,SPY Top 150,False
ANET,Arista Networks Inc,Technology,192.93,-1.04,60.7942,14.4559,23.3273,52.5041,0.0164489375631228,0.06917590741496552,0.042868227355930606,0.019046131635434185,30.78,63.0,0.5088,0.320544,43.14,37.92,1.1376582278481013,-0.12897196357418933,0.0,2.9572,32.57,24.69,214.89,114.52,0.7812095247583941,False,39.6202,242.832522,25.9,0.8,0.8014705882352942,-0.0014705882352941124,0.9428571428571428,9,24,2,0,0,35,7.291434652164328,0.0,2026-06-30,False,0.12544661682959554,1.0,0.2647058823529412,0.74,0.5588235294117647,0.5845407741105084,0.6125063642675307,0.12544661682959554,0.6574835061756611,0.516607638873996,0.2647058823529412,0.46622728756978504,49,0.23333333333333334,0.74,0.5466666666666666,0.6266666666666667,0.9333333333333333,0.68,2026-09-10,v2,SPY Top 150,False
ISRG,Intuitive Surgical Inc,Healthcare,353.24,0.88,39.9199,7.7521,11.3555,33.9578,0.02505016295131,0.12899730395634731,0.08806305314605258,0.029448315261883868,17.810000000000002,66.68,0.5463,0.36427284000000004,31.28,27.89,1.1215489422732163,-0.11471071403771285,0.0,4.9627,20.66,21.76,603.88,328.57,0.08960807816643063,False,-18.413,490.3854,38.8,0.75625,0.7375,0.018749999999999933,0.725,13,16,10,1,0,40,2.196718857664023,0.0,2026-06-30,True,0.2476902434349243,1.0,0.14285714285714285,0.1,0.9047619047619048,0.850427507584812,0.45657949548715576,0.2476902434349243,0.6559763020312545,0.5557152829828929,0.1,0.46457222638631435,50,0.10666666666666667,0.1,0.8866666666666667,0.94,0.72,0.6733333333333333,2026-09-10,v2,SPY Top 150,False
WMT,Walmart Inc,Cons Staples,105.83,-0.21,38.2295,9.0081,1.1469,18.7801,0.026157810068141094,0.11101120103018394,0.8719155985700584,0.05324785278033663,22.74,25.23,2.5443,0.64192689,4.39,3.99,1.1002506265664158,-0.09553799618530769,0.5827,0.7671,6.16,4.13,135.16,98.88,0.19156560088202873,False,2.5608,130.32081,23.1,0.78125,0.796875,-0.015625,0.875,12,30,6,0,0,48,1.8727998000694324,0.0,2026-09-30,False,0.512778416714587,1.0,0.5,0.35333333333333333,0.625,0.4263675645858233,0.3765378384633187,0.512778416714587,0.6347923130398346,0.4895875220199958,0.35333333333333333,0.4623366842826633,51,0.49333333333333335,0.35333333333333333,0.62,0.3466666666666667,0.5466666666666666,0.6666666666666666,2026-09-10,v2,SPY Top 150,False
FCX,Freeport-McMoRan Inc,Materials,76.23,-0.51,37.1341,4.4959,4.2276,12.6423,0.02692942605314253,0.22242487599813165,0.236540826946731,0.07909953093978152,15.260000000000002,27.06,0.443,0.1198758,26.76,29.35,0.9117546848381601,-0.09238431101407775,0.4668,2.0661,-24.23,53.11,80.24,35.15,0.9110667553781329,False,63.04729999999999,75.06129,-1.5,0.725,0.725,0.0,0.8,5,19,5,0,1,30,2.634569696508523,0.0,2026-06-30,True,0.5255970864481503,1.0,0.5255970864481503,0.8666666666666667,0.4338711396166043,0.3239082467592167,0.5539967600092571,0.5255970864481503,0.4338711396166043,0.4961084435169174,0.3239082467592167,0.4616684041653773,52,0.5266666666666666,0.8666666666666667,0.42,0.22666666666666666,0.88,0.66,2026-09-10,v2,SPY Top 150,False
QCOM,Qualcomm Inc,Technology,176.4,1.33,19.9138,7.1918,4.1839,16.6626,0.050216432825477816,0.13904724825495704,0.23901144864839025,0.060014643573031816,37.330000000000005,54.23,0.8098,0.43915454,23.0,27.9,0.8243727598566308,-0.19313247289817023,0.5521,2.0156,1.88,-16.65,259.92,121.99,0.3944754585659393,False,6.5257000000000005,197.00841,11.7,0.6122448979591837,0.609375,0.002869897959183687,0.40816326530612246,5,15,26,3,0,49,-0.4818001792575668,0.0,2026-06-30,False,0.5929739313781868,1.0,0.9117647058823529,0.38666666666666666,0.6470588235294118,0.388861818516135,0.0925387641749595,0.5929739313781868,0.6696912550352827,0.5523786685255494,0.0925387641749595,0.4604106876554314,53,0.9,0.38666666666666666,0.6466666666666666,0.3,0.05333333333333334,0.6533333333333333,2026-09-10,v2,SPY Top 150,False
UNH,UnitedHealth Group Inc,Healthcare,393.06,-1.94,24.8323,3.6115,0.7791,15.3223,0.04027013204576298,0.27689325764917627,1.283532280836863,0.06526435326289134,14.399999999999999,,1.4436,,4.74,7.2,0.6583333333333333,-0.41804389031502454,0.7016,0.7385,6.46,-32.66,461.62,255.97,0.6666180403598346,False,22.2295,482.64207,22.8,0.7573529411764706,0.7426470588235294,0.014705882352941124,0.7941176470588235,8,19,7,0,0,34,4.925330526420075,0.0,2026-06-30,True,0.7109871573701361,1.0,0.8571428571428571,0.56,0.14285714285714285,0.763868713799761,0.49227956491552877,0.7109871573701361,0.35795580378824665,0.5397585346401387,0.14285714285714285,0.46037825628353957,54,0.84,0.56,0.10666666666666667,0.9,0.8,0.6466666666666666,2026-09-10,v2,SPY Top 150,False
DUK,Duke Energy Corp,Utilities,120.43,-0.67,17.9984,1.8024,2.8402,11.6758,0.055560494266156994,0.5548158011540169,0.35208788113513134,0.085647236163689,9.879999999999999,45.96976,0.169,0.0776888944,27.75,24.09,1.1519302615193026,-0.14143902356566346,1.6664,0.6612,6.33,7.71,134.49,113.9,0.3171442447790189,False,-0.2188,138.83393400000003,15.3,0.6666666666666666,0.6517857142857143,0.014880952380952328,0.5555555555555556,4,11,11,1,0,27,1.6620938571337012,0.0,2026-06-30,False,0.8009334866781674,1.0,1.0,0.30666666666666664,0.2,0.6064264043394318,0.37769034945614444,0.8009334866781674,0.18852592158767345,0.5186054999529747,0.2,0.4548843999623797,55,0.9733333333333334,0.30666666666666664,0.17333333333333334,0.6866666666666666,0.5533333333333333,0.64,2026-09-10,v2,SPY Top 150,False
PGR,Progressive Corp,Financials,215.5,0.28,10.6963,3.6993,1.3744,8.6571,0.09349027233716331,0.27032141215905714,0.7275902211874272,0.11551212299730856,35.4,,0.7404,,16.56,10.22,1.6203522504892365,-0.4826435641815551,0.2443,0.08,10.49,12.3,249.71,189.2,0.4346389026607173,False,-11.1628,234.06572400000002,8.6,0.6129032258064516,0.6129032258064516,0.0,0.3870967741935484,3,9,18,1,0,31,-0.04697002824184976,0.0,2026-06-30,False,0.8828196281387771,0.9257246376811596,0.7727272727272727,0.16666666666666666,0.7727272727272727,0.29157626183690355,0.17869474658643833,0.8172478803965856,0.4647616966164805,0.5267861310220131,0.16666666666666666,0.45476223815094385,56,0.76,0.16666666666666666,0.76,0.18,0.14,0.6333333333333333,2026-09-10,v2,SPY Top 150,False
CAT,Caterpillar Inc,Industrials,815.56,-0.84,34.6248,25.2892,5.0244,26.7536,0.028881033247845474,0.0395425715325119,0.19902873975001992,0.03737814723999761,54.2,34.67,0.7655,0.26539885,17.52,16.56,1.0579710144927537,-0.05635293655113178,2.3277,1.3684,18.36,18.21,1073.46,416.44,0.6074700922346351,False,91.40469999999999,977.2591440000001,19.8,0.6764705882352942,0.6911764705882353,-0.014705882352941124,0.5294117647058824,7,11,15,1,0,34,4.974415552729205,0.0,2026-06-30,False,0.2961520030668967,1.0,0.16,0.92,0.84,0.28694492966810703,0.577014579958343,0.2961520030668967,0.5754633079069413,0.5279411729273729,0.16,0.45435293834189827,57,0.12,0.92,0.82,0.16666666666666666,0.9,0.6266666666666667,2026-09-10,v2,SPY Top 150,False
BSX,Boston Scientific Corp,Healthcare,44.96,-0.04,17.9054,2.5446,3.134,15.3624,0.05584907346387123,0.3929890749037177,0.3190810465858328,0.06509399572983389,14.940000000000001,69.5,0.4773,0.3317235,19.78,14.58,1.356652949245542,-0.30502059961405403,0.5064,1.2402,13.53,46.78,109.5,42.2,0.04101040118870725,False,-51.5321,66.68352,48.3,0.7697368421052632,0.7756410256410257,-0.005904183535762497,0.7894736842105263,11,19,8,0,0,38,1.2145447269007514,0.0,2026-06-30,False,0.7413705194556258,1.0,1.0,0.006666666666666667,0.47619047619047616,0.5562103521191505,0.40753992131451056,0.7413705194556258,0.4815296260320544,0.5658968681448161,0.006666666666666667,0.45405082784918627,58,0.9733333333333334,0.006666666666666667,0.46,0.5666666666666667,0.6333333333333333,0.62,2026-09-10,v2,SPY Top 150,False
BKNG,Booking Holdings Inc,Comm Services,173.43,-3.81,17.9919,91.9014,4.5927,13.4621,0.05558056681062033,0.01088122705421245,0.21773684325124656,0.0742826156394619,139.63,98.09,0.9787,0.96000683,32.87,28.47,1.1545486476993325,-0.14370948638618175,11.2905,1.0943,12.85,57.21,225.54,150.14,0.30888594164456257,False,-9.633899999999999,242.443494,39.8,0.776595744680851,0.7771739130434783,-0.0005781683626272516,0.8297872340425532,13,26,8,0,0,47,0.42937627612718865,0.0,2026-06-30,False,0.5313647690243435,1.0,0.45454545454545453,0.18666666666666668,0.7272727272727273,0.614268640250069,0.30507752834991897,0.5313647690243435,0.6737598396327935,0.5191002057873502,0.18666666666666668,0.4526134979632135,59,0.44333333333333336,0.18666666666666668,0.7166666666666667,0.6933333333333334,0.41333333333333333,0.6133333333333333,2026-09-10,v2,SPY Top 150,False
STX,Seagate Technology Holdings PLC,Technology,885.92,-2.04,63.0618,84.8655,16.4649,48.0327,0.015857460459422344,0.01178335130294407,0.060735261070519714,0.02081915028720018,212.44,45.58,1.3545,0.6173811,32.33,15.81,2.044908285895003,-0.7153529405159611,1.6451,1.6697,34.06,104.53,1145.0,187.18,0.7295107640266439,False,368.72659999999996,1111.99431,25.5,0.775,0.7666666666666667,0.008333333333333304,0.8666666666666667,7,19,4,0,0,30,3.784277326409649,0.0,2026-06-30,False,0.07934157561817137,0.7335292298175069,0.08823529411764706,0.98,0.5882352941176471,0.7431621770708836,0.6337097894006017,0.05819936485570473,0.6588833814244494,0.5402183155889729,0.08823529411764706,0.44982171129470777,60,0.04666666666666667,0.98,0.5666666666666667,0.88,0.96,0.6066666666666667,2026-09-10,v2,SPY Top 150,False
GEV,GE Vernova Inc,Industrials,951.04,-2.09,26.3301,26.4036,6.0644,34.0815,0.037979346831193195,0.03787362329379327,0.16489677461908844,0.029341431568446225,83.39,20.32,0.6043,0.12279375999999999,15.44,-1.22,,,0.2337,0.8496,12.98,744.44,1195.94,530.16,0.6321607738291928,False,53.7231,1240.2732839999999,30.4,0.7738095238095238,0.7559523809523809,0.017857142857142905,0.8333333333333334,11,24,7,0,0,42,-1.3249709086065011,0.0,2026-06-30,False,0.31401955146635996,1.0,0.2,0.84,0.56,0.8635607244644663,0.2335570469798658,0.31401955146635996,0.49527533830433584,0.5097457019398732,0.2,0.4477965615518986,61,0.16666666666666666,0.84,0.5533333333333333,0.9533333333333334,0.26666666666666666,0.6,2026-09-10,v2,SPY Top 150,False
LLY,Eli Lilly and Co,Healthcare,1124.21,0.03,39.9513,33.3408,13.3953,31.1517,0.025030474602828943,0.02999328150494289,0.07465304995035572,0.03210097683272502,92.58,83.4,0.6553,0.5465202,42.22,26.78,1.5765496639283045,-0.455238702157148,1.6207,1.3546,49.58,94.62,1292.65,712.05,0.7098863244919049,False,54.9967,1322.743446,17.7,0.7631578947368421,0.7631578947368421,0.0,0.7894736842105263,11,19,7,1,0,38,3.587324693569875,0.0,2026-06-30,False,0.1565852022235001,0.9514448128848888,0.047619047619047616,0.8533333333333334,0.8571428571428571,0.5101084857957158,0.6094376301781995,0.14898217843008052,0.627962598443943,0.5478182940668255,0.047619047619047616,0.44777844477726997,62,0.02666666666666667,0.8533333333333334,0.8333333333333334,0.5,0.9266666666666666,0.5933333333333334,2026-09-10,v2,SPY Top 150,False
MCK,McKesson Corp,Healthcare,891.68,0.29,22.7483,4.0599,0.2542,16.1328,0.043959328828967435,0.24631148550456908,3.933910306845004,0.061985520182485376,39.43,3.64,4.8493,0.17651452000000004,1.58,1.26,1.253968253968254,-0.22631312607548879,1.2917,0.8931,8.84,49.07,999.0,683.38,0.6599708510233824,False,27.138299999999997,1001.9970000000001,12.4,0.78125,0.8152173913043478,-0.03396739130434778,0.7916666666666666,8,11,5,0,0,24,1.2166907739266106,0.0,2026-06-30,False,0.7202463101399271,1.0,0.9047619047619048,0.6266666666666667,0.2857142857142857,0.27260503815390275,0.4122749363573247,0.7202463101399271,0.3958096163186013,0.4909336766558078,0.27260503815390275,0.4472679489554268,63,0.88,0.6266666666666667,0.26666666666666666,0.13333333333333333,0.6466666666666666,0.5866666666666667,2026-09-10,v2,SPY Top 150,False
VRT,Vertiv Holdings Co,Technology,262.89,-9.61,58.4351,27.032,8.8165,42.7139,0.017113002288008407,0.03699319325244155,0.11342369420972041,0.023411582646398477,42.11,38.04,0.8775,0.333801,18.41,8.12,2.267241379310345,-0.8185638410714001,0.6179,1.3786,26.23,111.16,379.935,120.83,0.5482719360876864,False,126.3264,337.638258,28.4,0.7916666666666666,0.7794117647058824,0.01225490196078427,0.8888888888888888,10,22,4,0,0,36,1.1606471166956316,0.0,2026-06-30,True,0.15098428215449491,0.6615969581749048,0.20588235294117646,0.9466666666666667,0.4117647058823529,0.8336581778063805,0.42703540847026156,0.0998907418056354,0.5441138473845099,0.500453613498482,0.20588235294117646,0.441539361387021,64,0.18,0.9466666666666667,0.4066666666666667,0.9333333333333333,0.6733333333333333,0.58,2026-09-10,v2,SPY Top 150,False
TT,Trane Technologies PLC,Industrials,444.17,-0.41,33.2206,12.5913,4.411,23.147,0.030101804302149874,0.07941991692676689,0.22670596236681026,0.043202142826284186,34.57,35.39,0.9929,0.35138731,17.94,16.35,1.0972477064220183,-0.09280495928738762,0.5354,1.0734,7.04,4.73,505.87,348.06,0.6090235092833155,False,7.128,532.937148,20.0,0.7121212121212122,0.7121212121212122,0.0,0.5757575757575758,9,10,14,0,0,33,-1.2576880633455574,0.0,2026-06-30,False,0.38418343875790684,1.0,0.36,0.4,0.96,0.487993012779259,0.09070585512612822,0.38418343875790684,0.6292853993467228,0.529204480824771,0.09070585512612822,0.4415047556850425,65,0.32666666666666666,0.4,0.9333333333333333,0.4666666666666667,0.04666666666666667,0.5733333333333334,2026-09-10,v2,SPY Top 150,False
C,Citigroup Inc,Financials,137.8,0.78,13.0065,1.1259,1.09533,,0.07688463460577404,0.8881783462119194,0.9129668684323446,,8.41,,,,23.01502,28.99823,0.7936698205373225,-0.23108774737372909,3.8387,,99.23775,35.24,147.96,93.66,0.8128913443830572,False,38.7406,157.81491,14.5,0.7589285714285714,0.7589285714285714,0.0,0.7857142857142857,7,15,6,0,0,28,3.1371311729611766,0.0,2026-06-30,True,0.8643693693693694,1.0,0.9090909090909091,0.7333333333333333,0.13636363636363635,0.462972326928381,0.5534413330247628,0.8643693693693694,0.3122988505747127,0.5171258168545422,0.13636363636363635,0.44097338075636106,66,0.89,0.7333333333333333,0.1,0.4266666666666667,0.8733333333333333,0.5666666666666667,2026-09-10,v2,SPY Top 150,False
SLB,SLB NV,Energy,57.05,-0.09,27.6009,2.6657,2.3536,13.8076,0.03623070262201595,0.37513598679521326,0.424881033310673,0.07242388249949303,11.93,17.07,0.6611,0.11284977,11.44,14.66,0.7803547066848567,-0.2480067105068536,0.4908,1.4392,2.5,-29.35,60.46,31.64,0.881679389312977,False,64.57809999999999,63.040488,10.5,0.7720588235294118,0.75,0.022058823529411797,0.8529411764705882,10,19,3,2,0,34,2.4499571496668424,0.0,2026-06-30,True,0.6778972589610888,1.0,0.3333333333333333,0.88,0.3333333333333333,0.6903948699089822,0.3829206202267994,0.6778972589610888,0.31446580769267396,0.4668504003491497,0.3333333333333333,0.4401469869459864,67,0.31,0.88,0.31,0.8266666666666667,0.5733333333333334,0.56,2026-09-10,v2,SPY Top 150,False
ADI,Analog Devices Inc,Technology,365.07,0.51,42.4366,5.2265,12.6408,32.0866,0.023564564550411674,0.19133263178035015,0.07910891715714195,0.031165657938204736,12.26,65.8,0.2887,0.18996459999999998,35.55,25.34,1.4029202841357535,-0.33855598135625675,0.2719,1.2504,33.65,114.38,445.91,223.47,0.6365761553677395,False,45.582499999999996,477.556146,30.8,0.8076923076923077,0.7894736842105263,0.018218623481781382,0.8974358974358975,13,22,4,0,0,39,1.5955163581443985,0.0,2026-09-30,False,0.27433390837646154,1.0,0.6470588235294118,0.8066666666666666,0.08823529411764706,0.9166222303944103,0.4854616986808609,0.27433390837646154,0.3649690264643983,0.525045661665325,0.08823529411764706,0.4376835881557894,68,0.6466666666666666,0.8066666666666666,0.04666666666666667,0.9933333333333333,0.7666666666666667,0.5533333333333333,2026-09-10,v2,SPY Top 150,False
ORLY,O'Reilly Automotive Inc,Cons Discretionary,86.08,0.22,26.2524,182.0263,3.7463,18.3059,0.03809175542045679,0.005493711622990744,0.2669300376371353,0.05462719669614714,423.35,51.64,1.1064,0.57134496,19.56,20.29,0.9640216855593888,-0.03664148923105213,17.5459,0.7519,8.47,-76.61,108.72,82.59,0.13356295445847668,False,-15.999299999999998,109.385616,27.1,0.7638888888888888,0.7638888888888888,0.0,0.8055555555555556,9,20,7,0,0,36,-1.0669177486446446,0.0,2026-06-30,True,0.4183160820394863,1.0,0.5,0.12666666666666668,0.9,0.5969982531948147,0.04302707706549409,0.4183160820394863,0.7172155053376377,0.5335203788654537,0.04302707706549409,0.4354217185054618,69,0.49333333333333335,0.12666666666666668,0.88,0.6533333333333333,0.03333333333333333,0.5466666666666666,2026-09-10,v2,SPY Top 150,False
META,Meta Platforms Inc,Comm Services,653.69,6.55,22.9499,5.4738,6.8472,14.8742,0.04357317461078262,0.18268844312908766,0.14604509872648674,0.06723050651463608,29.73,81.75,0.6026,0.49262550000000005,38.08,36.55,1.041860465116279,-0.04100802372737704,0.3203,2.2256,27.65,-3.69,790.8,520.26,0.49319878760996555,False,-25.6407,770.959248,17.9,0.7887323943661971,0.795774647887324,-0.007042253521126862,0.8732394366197183,20,42,9,0,0,71,-3.847423073129104,0.0,2026-06-30,False,0.5355127467893426,1.0,0.5454545454545454,0.05333333333333334,1.0,0.43271582237749384,0.03645915297384865,0.5355127467893426,0.7659733356188517,0.5337090071185459,0.03645915297384865,0.43425903628960644,70,0.5433333333333333,0.05333333333333334,0.9733333333333334,0.36666666666666664,0.02,0.54,2026-09-10,v2,SPY Top 150,False
SO,Southern Co,Utilities,88.34,-0.73,21.7771,2.7267,3.5069,13.3324,0.045919796483461985,0.3667436828400631,0.28515212866064044,0.07500525036752573,12.61,40.03546,0.1842,0.07374531732,25.26,22.53,1.1211717709720372,-0.11437436247819194,1.9101,0.7867,6.85,6.93,100.84,83.8,0.2664319248826294,False,-3.1508,102.108222,15.6,0.6328125,0.6363636363636364,-0.0035511363636363535,0.4375,5,9,16,2,0,32,2.1146499248146036,0.0,2026-06-30,False,0.691161587119034,1.0,0.6,0.26666666666666666,0.6,0.29040176519260824,0.40435084471187227,0.691161587119034,0.23290559856774182,0.4753996464119692,0.26666666666666666,0.4336530504629087,71,0.5933333333333334,0.26666666666666666,0.5866666666666667,0.17333333333333334,0.62,0.5333333333333333,2026-09-10,v2,SPY Top 150,False
CMCSA,Comcast Corp,Comm Services,24.59,-6.61,7.8631,0.977,0.705,5.0114,0.12717630451094353,1.0235414534288638,1.4184397163120568,0.19954503731492199,12.04,69.39,0.4699,0.32606360999999995,14.66,16.83,0.87106357694593,-0.13804031174420914,1.0069,0.7958,0.58,-49.0,32.86,21.28,0.28583765112262516,False,-16.293699999999998,32.014842,30.2,0.6125,0.6125,0.0,0.4,5,11,21,3,0,40,1.574690361946826,0.0,2026-06-30,False,0.9946396396396397,1.0,1.0,0.10666666666666667,0.36363636363636365,0.49606968833318005,0.3083128905345985,0.9946396396396397,0.4005963345998914,0.5152184470044014,0.10666666666666667,0.4335080909368545,72,0.9733333333333334,0.10666666666666667,0.3433333333333333,0.4866666666666667,0.42,0.5266666666666666,2026-09-10,v2,SPY Top 150,False
SHW,Sherwin-Williams Co,Materials,320.64,-1.67,29.0263,22.0307,3.1965,23.2246,0.034451514660842064,0.04539120409247096,0.3128421711246676,0.04305779216864876,62.12,48.98,0.9261,0.45360377999999996,14.29,13.15,1.0866920152091253,-0.08313823331800231,3.1318,0.727,5.76,7.65,377.77,289.86,0.3501308156068705,False,-9.3417,400.062564,24.8,0.6796875,0.675,0.004687499999999956,0.5625,5,13,14,0,0,32,3.1691329705456672,0.0,2026-06-30,False,0.39983707111366684,1.0,0.39983707111366684,0.19333333333333333,0.613540287023017,0.585552082375655,0.48704929414487386,0.39983707111366684,0.613540287023017,0.49352249781551716,0.19333333333333333,0.43348466491908044,73,0.37333333333333335,0.19333333333333333,0.6,0.6333333333333333,0.78,0.52,2026-09-10,v2,SPY Top 150,False
ETN,Eaton Corporation PLC,Industrials,415.22,-1.64,42.2191,8.1694,5.3869,28.2056,0.023685962040877234,0.12240801038019929,0.18563552321372218,0.03545395240661429,19.59,35.9,0.6217,0.2231903,17.53,17.02,1.0299647473560518,-0.02952457578791516,1.0176,1.2404,15.53,-1.15,478.0,311.92,0.6219894026974954,False,15.745800000000001,483.330264,16.4,0.7727272727272727,0.7651515151515151,0.007575757575757569,0.8181818181818182,9,18,6,0,0,33,2.705803827377525,0.0,2026-06-30,False,0.31678646731838217,1.0,0.24,0.49333333333333335,0.6,0.6312953939505378,0.4407081694052303,0.31678646731838217,0.5081772419506899,0.4816986375342254,0.24,0.43335891002738036,74,0.21333333333333335,0.49333333333333335,0.5866666666666667,0.7266666666666667,0.7,0.5133333333333333,2026-09-10,v2,SPY Top 150,False
VRTX,Vertex Pharmaceuticals Inc,Healthcare,521.12,-1.47,30.8856,6.2265,10.8092,25.645,0.032377548113036496,0.16060387055328035,0.09251378455389853,0.03899395593682979,23.31,86.0,0.4822,0.414692,37.95,31.29,1.2128475551294344,-0.19297094616084826,0.0,3.1854,10.23,22.46,560.25,374.17,0.7897141014617369,False,36.6826,574.514184,10.2,0.7638888888888888,0.775,-0.011111111111111183,0.8055555555555556,11,18,6,0,1,36,-0.5918047795177966,0.0,2026-06-30,False,0.348018018018018,1.0,0.23809523809523808,0.7066666666666667,0.9523809523809523,0.27554702583432933,0.1673918074519787,0.348018018018018,0.6684362102295993,0.49612293818942454,0.1673918074519787,0.4303767120419354,75,0.20666666666666667,0.7066666666666667,0.92,0.14,0.12666666666666668,0.5066666666666667,2026-09-10,v2,SPY Top 150,False
CVS,CVS Health Corp,Healthcare,95.38,-0.72,24.6588,1.6561,0.2905,19.4576,0.04055347381056661,0.6038282712396594,3.442340791738382,0.05139379985198586,6.41,14.15,1.6348,0.23132420000000004,2.11,2.88,0.7326388888888888,-0.3111023466598795,0.7705,0.8656,7.36,5.27,110.68,69.51,0.6283701724556714,False,34.4349,114.783456,20.3,0.7727272727272727,0.7727272727272727,0.0,0.8484848484848485,8,20,5,0,0,33,2.4974326388402797,0.0,2026-06-30,False,0.7337943262411347,1.0,0.9523809523809523,0.68,0.09523809523809523,0.5652155925347062,0.43376996065725526,0.7337943262411347,0.2824038368139874,0.5127752792721962,0.09523809523809523,0.429267842465376,76,0.92,0.68,0.06666666666666667,0.58,0.6933333333333334,0.5,2026-09-10,v2,SPY Top 150,False
BLK,BlackRock Inc,Financials,1072.03,-2.13,27.7289,2.7178,6.6796,18.5246,0.03606345725939363,0.3679446611229671,0.149709563446913,0.05398227222180236,11.65,81.73,0.1609,0.13150357,32.57,35.1,0.9279202279202279,-0.07480951118367804,0.2212,2.3899,26.54,-3.67,1219.94,917.39,0.5111221285737892,False,4.3485,1320.606138,23.2,0.7608695652173914,0.75,0.010869565217391353,0.8695652173913043,4,16,3,0,0,23,3.9992167555497815,0.0,2026-06-30,True,0.526290013417673,1.0,0.22727272727272727,0.37333333333333335,0.5454545454545454,0.7411740369587203,0.4908585975468642,0.526290013417673,0.4358709682027255,0.4796514758116525,0.22727272727272727,0.4291757261038675,77,0.18666666666666668,0.37333333333333335,0.5366666666666666,0.8666666666666667,0.7933333333333333,0.49333333333333335,2026-09-10,v2,SPY Top 150,False
NEM,Newmont Corporation,Materials,128.71,1.27,15.8415,2.8292,5.2854,8.4691,0.06312533535334407,0.35345680757811393,0.18920043894501834,0.11807630090564523,25.05,68.94,0.4538,0.31284972,50.97,14.04,3.6303418803418803,-1.2893268257542854,0.1588,2.5461,25.18,42.23,135.29,75.22,0.8904611286832032,False,66.9585,136.25160000000002,5.9,0.7890625,0.7903225806451613,-0.0012600806451612545,0.84375,10,17,5,0,0,32,0.4196666916223682,0.0,2026-06-30,True,0.7484493003641941,0.5,0.37422465018209705,0.8933333333333333,0.5243511222847566,0.3856233336397904,0.2906873408933117,0.37422465018209705,0.5243511222847566,0.4609226004262394,0.2906873408933117,0.42687554851965387,78,0.34,0.8933333333333333,0.52,0.2866666666666667,0.37333333333333335,0.4866666666666667,2026-09-10,v2,SPY Top 150,False
CSX,CSX Corp,Industrials,48.37,-1.29,27.7872,6.2716,6.1713,16.2504,0.03598779294063454,0.15944894444798774,0.16204041287897203,0.06153694678284843,24.07,71.47,0.33,0.235851,34.15,38.18,0.894447354635935,-0.11154923228080248,1.3396,0.8204,2.52,6.36,53.6,31.8,0.7600917431192659,False,54.0842,53.9733,11.6,0.725,0.7142857142857143,0.010714285714285676,0.7,7,14,8,1,0,30,0.7421500915534914,0.0,2026-06-30,True,0.4922062488019935,1.0,0.56,0.8466666666666667,0.32,0.5673439367472648,0.24860911825966212,0.4922062488019935,0.4255044472378558,0.47142682175506895,0.24860911825966212,0.4268632810559876,79,0.56,0.8466666666666667,0.29333333333333333,0.5866666666666667,0.32,0.48,2026-09-10,v2,SPY Top 150,False
AAPL,Apple Inc,Technology,315.34,-0.28,35.3778,38.486,9.7709,27.4237,0.028266313903069155,0.025983474510211508,0.10234471747740741,0.036464809635461296,137.17999999999998,48.65,1.2508,0.6085141999999999,33.17,30.67,1.0815128790348876,-0.07836087483280095,0.7844,1.0033,14.24,32.61,344.5699,225.95,0.7535835049599601,False,33.1314,328.890432,4.3,0.6933962264150944,0.7175925925925926,-0.024196366177498208,0.6415094339622641,12,22,15,3,1,53,-0.3649840802328873,0.0,2026-06-30,False,0.20962142994057886,1.0,0.5294117647058824,0.6666666666666666,0.8529411764705882,0.10479681897582055,0.20899791714880817,0.20962142994057886,0.749223233246674,0.5072110121517991,0.10479681897582055,0.4267281735166034,80,0.5333333333333333,0.6666666666666666,0.8266666666666667,0.02,0.22,0.47333333333333333,2026-09-10,v2,SPY Top 150,False
INTU,Intuit Inc,Technology,313.94,-1.56,19.0727,4.5523,4.0603,14.1388,0.052430961531403524,0.2196691782176043,0.2462872201561461,0.07072736017200894,23.419999999999998,80.17,0.5975,0.47901575,27.43,23.58,1.1632739609838847,-0.15123840984028702,0.4038,1.5065,13.9,20.37,705.08,252.84,0.13510525384751457,False,-41.2819,429.206514,36.7,0.6845238095238095,0.7439024390243902,-0.059378629500580704,0.5714285714285714,9,15,16,2,0,42,1.5152025718826476,0.0,2026-09-30,False,0.6645869273528848,1.0,0.9411764705882353,0.02666666666666667,0.5294117647058824,0.3133492690999356,0.39875028928488776,0.6645869273528848,0.6412272662343228,0.5192667109382104,0.02666666666666667,0.4207467020839017,81,0.9133333333333333,0.02666666666666667,0.5266666666666666,0.22,0.6066666666666667,0.4666666666666667,2026-09-10,v2,SPY Top 150,False
V,Visa Inc,Financials,367.39,-0.34,30.4056,18.3758,15.4407,24.6462,0.03288867840134712,0.05441939942750791,0.06476390319091752,0.040574206165656365,61.260000000000005,80.18,0.4609,0.36954962,60.68,63.94,0.9490147012824524,-0.05233098915136383,0.6782,0.9852,14.39,14.72,385.5699,293.89,0.8017024451379198,False,10.5234,423.41679000000005,15.2,0.7794117647058824,0.7857142857142857,-0.006302521008403339,0.8823529411764706,12,33,6,0,0,51,0.43606339407454564,0.0,2026-06-30,False,0.2582183247076864,1.0,0.13636363636363635,0.43333333333333335,1.0,0.3952491495816861,0.2298125433927332,0.2582183247076864,0.6763667780856878,0.4909459538494897,0.13636363636363635,0.42002949035231907,82,0.1,0.43333333333333335,0.9733333333333334,0.31333333333333335,0.26,0.46,2026-09-10,v2,SPY Top 150,False
JNJ,Johnson & Johnson,Healthcare,267.08,-0.76,30.7741,7.3236,6.6109,20.8956,0.03249485768877075,0.13654486864383636,0.1512653345232873,0.04785696510270104,25.740000000000002,68.05,0.4934,0.3357587,25.73,23.93,1.075219389887171,-0.07252472437337085,0.5771,1.0889,8.06,-7.75,281.07,173.33,0.8701503619825505,False,49.8507,274.55931599999997,2.8,0.7338709677419355,0.7258064516129032,0.008064516129032251,0.7096774193548387,7,15,9,0,0,31,0.35772413699001365,0.0,2026-06-30,True,0.40341383937128616,1.0,0.2857142857142857,0.8333333333333334,0.7142857142857143,0.4673623241702675,0.15450590141171025,0.40341383937128616,0.6037009827729052,0.48569596909342916,0.15450590141171025,0.4194579555570854,83,0.25333333333333335,0.8333333333333334,0.7,0.43333333333333335,0.12,0.4533333333333333,2026-09-10,v2,SPY Top 150,False
GLW,Corning Inc,Technology,168.46,1.51,76.1037,17.5026,8.5238,55.7883,0.01313996559957006,0.05713436860809251,0.11731856683638753,0.017924905401311746,15.93,36.38,0.5424,0.19732512,15.31,11.09,1.3805229936880072,-0.32246240830731676,0.6707,1.8132,19.41,131.21,271.78,71.44,0.48427672955974854,False,118.436,199.614,18.5,0.7738095238095238,0.75,0.023809523809523836,0.7619047619047619,7,9,5,0,0,21,1.6470158235621497,0.0,2026-06-30,False,0.14817232125742763,1.0,0.3235294117647059,0.94,0.20588235294117646,0.8061597867058932,0.49571395510298544,0.14817232125742763,0.3977678294241446,0.4722361094301559,0.20588235294117646,0.4189653581323601,84,0.3,0.94,0.18666666666666668,0.9266666666666666,0.8066666666666666,0.44666666666666666,2026-09-10,v2,SPY Top 150,False
COST,Costco Wholesale Corp,Cons Staples,902.6,-0.83,45.3625,13.2328,1.3656,28.1101,0.02204464039680353,0.07556979626382927,0.7322788517867604,0.035574402083236985,28.27,12.88,3.5591,0.45841208,3.82,3.52,1.0852272727272727,-0.08178943300847807,0.1692,1.0725,9.23,12.79,1096.5,844.06,0.23189668832197777,False,-2.7742,1099.893846,21.9,0.7282608695652174,0.7333333333333333,-0.005072463768115876,0.6521739130434783,13,17,15,1,0,46,-0.7934876073053161,0.0,2026-06-30,True,0.40484857197623153,1.0,0.375,0.2733333333333333,0.875,0.4275443596579939,0.1364498958574404,0.40484857197623153,0.6922944938052928,0.4895596896435482,0.1364498958574404,0.41893773088632663,85,0.3466666666666667,0.2733333333333333,0.86,0.35333333333333333,0.1,0.44,2026-09-10,v2,SPY Top 150,False
CRM,Salesforce Inc,Technology,244.16,-1.99,21.546,3.9271,4.738,25.4692,0.046412327114081504,0.2546408291105396,0.21105951878429716,0.03926310995241311,20.150000000000002,77.28,0.4148,0.32055744,18.78,10.6,1.7716981132075473,-0.5719384726620955,1.0237,0.8385,11.23,59.27,269.11,146.32,0.7968075576186985,False,2.0207,277.006908,13.5,0.7330508474576272,0.7327586206896551,0.00029222676797202585,0.7457627118644068,14,30,13,1,1,59,8.494069412172767,0.0,2026-09-30,False,0.54812919302281,0.8466453674121405,0.8529411764705882,0.3466666666666667,0.14705882352941177,0.47281189666268275,0.6655172413793103,0.4640710420161171,0.3931718233675209,0.4864095733825704,0.14705882352941177,0.4185394234119387,86,0.8333333333333334,0.3466666666666667,0.11333333333333333,0.44666666666666666,1.0,0.43333333333333335,2026-09-10,v2,SPY Top 150,False
AVGO,Broadcom Inc,Technology,364.38,-1.13,45.3018,18.7187,19.4545,39.5147,0.02207417806797964,0.05342251331556145,0.05140198925698425,0.025307037634095666,43.91,68.82,0.5032,0.34630223999999993,47.97,37.02,1.2957860615883305,-0.259117508368621,0.596,2.5037,48.69,100.1,495.0,289.96,0.36295357003511514,False,7.1087,524.380674,43.9,0.8026315789473685,0.8026315789473685,0.0,0.9122807017543859,17,35,5,0,0,57,0.5467102747121745,0.0,2026-09-30,False,0.13634368410964154,1.0,0.29411764705882354,0.3933333333333333,0.47058823529411764,0.7107842235910637,0.3403841703309419,0.13634368410964154,0.6159565656277081,0.44725368595412857,0.29411764705882354,0.4166264781750676,87,0.26,0.3933333333333333,0.4533333333333333,0.84,0.4533333333333333,0.4266666666666667,2026-09-10,v2,SPY Top 150,False
ADP,Automatic Data Processing Inc,Industrials,265.22,-1.02,23.9866,14.8429,4.8234,16.7481,0.04168994355181643,0.0673722790020818,0.20732263548534227,0.05970826541518142,70.19999999999999,46.53,0.3292,0.15317676,26.33,25.27,1.0419469726948951,-0.04109105210811516,0.8231,1.0507,6.74,9.61,299.22,188.16,0.6938591752206016,False,-3.8500000000000005,291.06312,9.7,0.5869565217391305,0.5869565217391305,0.0,0.34782608695652173,3,5,13,1,1,23,0.6835394284682381,0.0,2026-06-30,False,0.4770739888824995,1.0,0.52,0.26,0.68,0.2920980049646042,0.24622078222633648,0.4770739888824995,0.5277883086211659,0.45535271832687135,0.24622078222633648,0.4135263311067644,88,0.5133333333333333,0.26,0.6733333333333333,0.18666666666666668,0.3,0.42,2026-09-10,v2,SPY Top 150,False
T,AT&T Inc,Comm Services,25.15,-1.76,8.0402,1.3023,1.3622,6.5184,0.12437501554687694,0.7678722260615833,0.7341065922771987,0.15341188021600394,19.54,59.72,0.3006,0.17951831999999998,20.12,13.9,1.4474820143884892,-0.36982550509489237,1.3034,0.971,2.63,72.22,29.79,19.89,0.5313131313131312,False,-10.298599999999999,29.002476,15.3,0.7,0.7,0.0,0.5714285714285714,9,11,14,1,0,35,3.2129308745768217,0.0,2026-06-30,True,0.9697757331799886,1.0,0.9090909090909091,0.17333333333333334,0.18181818181818182,0.41280224326560633,0.5938532747049294,0.9697757331799886,0.3197402413126494,0.47078995501037585,0.17333333333333334,0.41129863067496736,89,0.89,0.17333333333333334,0.14333333333333334,0.3333333333333333,0.9133333333333333,0.41333333333333333,2026-09-10,v2,SPY Top 150,False
ICE,Intercontinental Exchange Inc,Financials,156.5,-0.8,21.7106,2.3559,6.5297,15.1719,0.04606044973423121,0.42446623371110825,0.15314639263672145,0.06591132290616204,13.850000000000001,78.64,0.0851,0.06692263999999999,40.72,40.75,0.9992638036809816,-0.0007364674446044524,0.6716,1.0123,6.95,35.87,176.59,121.79,0.6333941605839415,False,-7.4465,188.367786,20.4,0.7875,0.7857142857142857,0.0017857142857142794,0.9,5,13,2,0,0,20,1.2753151666399876,0.0,2026-06-30,False,0.6342524439332949,1.0,0.45454545454545453,0.23333333333333334,0.4090909090909091,0.665592534706261,0.40992825734783617,0.6342524439332949,0.39995927015779603,0.45430471524039734,0.23333333333333334,0.41011043885898457,90,0.44333333333333336,0.23333333333333334,0.4,0.8,0.64,0.4066666666666667,2026-09-10,v2,SPY Top 150,False
JCI,Johnson Controls International PLC,Industrials,144.92,-0.99,24.5682,6.6121,4.1667,25.694,0.04070302260645876,0.15123788206469957,0.2399980800153599,0.038919592122674554,26.939999999999998,43.41,0.5516,0.23944955999999998,14.17,8.99,1.5761957730812013,-0.4550142052190601,0.7028,0.9998,5.08,70.9,157.06,104.49,0.7690698116796649,False,30.696299999999997,166.954824,15.2,0.7019230769230769,0.7019230769230769,0.0,0.6153846153846154,5,11,10,0,0,26,7.045665528882793,0.0,2026-06-30,False,0.480608587310715,0.9516584333098095,0.44,0.64,0.28,0.4116921026018204,0.66294376301782,0.4573752152353558,0.4075095420392538,0.4397799849730371,0.28,0.4078239879784297,91,0.4266666666666667,0.64,0.26,0.32666666666666666,0.9866666666666667,0.4,2026-09-10,v2,SPY Top 150,False
GILD,"Gilead Sciences, Inc",Healthcare,145.65,-0.68,,13.2617,5.9323,18.6462,,0.07540511397482978,0.16856868331001468,0.053630230288208854,-16.3,79.6,0.5458,0.4344567999999999,-8.2,26.21,-0.3128576879053796,,2.219,1.2654,5.52,,157.29,108.46,0.7616219537169775,False,26.3397,160.94886,10.5,0.7635135135135135,0.7702702702702703,-0.006756756756756799,0.8108108108108109,9,21,7,0,0,37,4.0254626656897345,0.0,2026-06-30,False,0.4420567375886525,1.0,0.38095238095238093,0.6066666666666667,0.42857142857142855,0.312206950445895,0.5597315436241611,0.4420567375886525,0.4370796741231704,0.43087731210899366,0.312206950445895,0.407143239776374,92,0.35333333333333333,0.6066666666666667,0.41333333333333333,0.20666666666666667,0.8866666666666667,0.3933333333333333,2026-09-10,v2,SPY Top 150,False
ABT,Abbott Laboratories,Healthcare,105.23,-0.27,33.8561,3.0924,3.9427,22.719,0.029536774761416702,0.32337343163885657,0.25363329697922743,0.044016021831946826,10.52,56.78,0.4771,0.27089738,15.83,17.73,0.8928369994359842,-0.1133512461931958,0.638,1.3763,8.06,-61.21,137.49,81.97,0.41894812680115273,False,-15.7959,124.156848,18.0,0.7803030303030303,0.7571428571428571,0.02316017316017316,0.7575757575757576,12,13,8,0,0,33,2.430193871653292,0.0,2026-06-30,True,0.4966599578301706,1.0,0.5238095238095238,0.13333333333333333,0.38095238095238093,0.803226992736968,0.3712890534598473,0.4966599578301706,0.4366493110114371,0.47491018513779926,0.13333333333333333,0.4065948147769061,93,0.52,0.13333333333333333,0.36666666666666664,0.92,0.54,0.38666666666666666,2026-09-10,v2,SPY Top 150,False
AMT,American Tower Corp,Real Estate,175.43,-0.17,23.9782,20.4872,7.4533,16.7825,0.04170454829803738,0.048810964895154046,0.13416875746313714,0.05958587814687919,91.62,73.77,0.1726,0.12732701999999999,44.77,36.56,1.224562363238512,-0.20258352566692495,9.998,0.352,6.65,164.05,199.13,160.06,0.39339646787816757,False,-9.2662,219.3,25.0,0.7844827586206896,0.7586206896551724,0.025862068965517238,0.8620689655172413,8,17,4,0,0,29,0.4945093976482505,0.0,2026-06-30,False,0.40434924285988116,1.0,0.40434924285988116,0.20666666666666667,0.3434139930863069,0.878923416383194,0.34608655403841704,0.40434924285988116,0.3434139930863069,0.4524758416899304,0.20666666666666667,0.40331400668527767,94,0.4,0.20666666666666667,0.32,0.98,0.48,0.38,2026-09-10,v2,SPY Top 150,False
ABBV,AbbVie Inc,Healthcare,250.91,0.86,69.6709,261.0115,6.8279,28.5531,0.014353194805865863,0.0038312488147073977,0.14645791531803337,0.035022466912524385,95.59,72.79,0.4774,0.34749946000000004,26.2,25.49,1.0278540604158495,-0.02747319237902722,49.2176,0.8085,10.39,67.6,267.47,190.75,0.7841501564129298,False,21.564799999999998,282.119658,12.4,0.7692307692307693,0.7564102564102564,0.012820512820512886,0.8205128205128205,10,22,7,0,0,39,-1.5858431005586042,0.0,2026-06-30,False,0.15162928886333144,1.0,0.09523809523809523,0.5466666666666666,0.8095238095238095,0.6427392663418222,0.19176579495487156,0.15162928886333144,0.6263374091744517,0.4786460558449286,0.09523809523809523,0.4019644637235619,95,0.06666666666666667,0.5466666666666666,0.7933333333333333,0.7466666666666667,0.18,0.37333333333333335,2026-09-10,v2,SPY Top 150,False
PEP,PepsiCo Inc,Cons Staples,136.69,-1.27,17.862,9.0456,1.9264,12.9916,0.05598477214197739,0.11055098611479613,0.5191029900332226,0.07697281320237692,50.2,54.17,0.8874,0.48070458000000005,14.53,13.13,1.1066260472201066,-0.10131578926748669,2.4081,0.9336,5.62,38.92,171.48,133.73,0.07841059602649028,False,-0.9538,158.34174,15.8,0.6083333333333333,0.625,-0.01666666666666672,0.4,2,10,17,1,0,30,-1.0054170413390933,0.0,2026-06-30,True,0.701589035844355,1.0,1.0,0.29333333333333333,0.375,0.17504826698538198,0.1939689886600324,0.701589035844355,0.616662386081193,0.45593833502941455,0.17504826698538198,0.3997603214206081,96,0.9733333333333334,0.29333333333333333,0.35333333333333333,0.08,0.18666666666666668,0.36666666666666664,2026-09-10,v2,SPY Top 150,False
WM,Waste Management Inc,Industrials,216.44,-0.62,30.5117,9.018,3.3915,14.6818,0.03277431280459627,0.11088933244621867,0.29485478401887066,0.0681115394570148,28.92,40.88,0.5592,0.22860096000000005,17.57,17.07,1.0292911540714704,-0.02887036539265659,2.3532,0.9074,7.17,4.83,248.13,194.11,0.4133654202147351,False,-0.05909999999999993,264.44316,22.2,0.7564102564102564,0.7564102564102564,0.0,0.717948717948718,12,16,11,0,0,39,-0.33391607077263674,0.0,2026-06-30,False,0.5089572551274679,1.0,0.64,0.31333333333333335,0.48,0.5507400937758573,0.13235362184679472,0.5089572551274679,0.4828925092134961,0.465334395365524,0.13235362184679472,0.39873824066177815,97,0.64,0.31333333333333335,0.4666666666666667,0.56,0.09333333333333334,0.36,2026-09-10,v2,SPY Top 150,False
MA,Mastercard Inc,Financials,567.5,-0.59,30.6598,80.8784,14.2074,23.6283,0.03261599879973125,0.01236424063779699,0.07038585525852725,0.042322130665346215,232.48000000000002,,0.6449,,58.33,55.46,1.051749008294266,-0.05045450057791412,4.3919,1.0607,16.01,22.62,601.62,464.52,0.751130561633844,False,0.4476,677.39322,19.4,0.7870370370370371,0.7884615384615384,-0.0014245014245013454,0.9074074074074074,13,36,5,0,0,54,0.9749560240375839,0.0,2026-06-30,False,0.22508625646923522,1.0,0.045454545454545456,0.32666666666666666,0.9545454545454546,0.52310379700285,0.33655635269613515,0.22508625646923522,0.6077822567589444,0.48549815169892974,0.045454545454545456,0.3974894304500529,98,0.02,0.32666666666666666,0.9266666666666666,0.52,0.44666666666666666,0.35333333333333333,2026-09-10,v2,SPY Top 150,False
PLTR,Palantir Technologies Inc,Technology,169.53,-0.45,135.4465,28.6156,66.375,152.695,0.007382988855378324,0.03494597352493046,0.015065913370998116,0.006549002914306297,37.47,84.8,0.6331,0.5368688,42.8,2.54,16.8503937007874,-2.824374021557306,0.0,7.2282,78.92,290.0,207.52,106.37,0.6244191794364804,False,17.7242,199.380216,17.6,0.7371794871794872,0.7243589743589743,0.012820512820512886,0.717948717948718,12,16,9,1,1,39,3.681511298949538,0.0,2026-06-30,False,0.04569676059037761,0.5,0.029411764705882353,0.5066666666666667,0.6764705882352942,0.6620598510618736,0.6374357787549179,0.022848380295188805,0.6825104800540905,0.4889881213393379,0.029411764705882353,0.3970728500126468,99,0.006666666666666667,0.5066666666666667,0.6666666666666666,0.7933333333333333,0.9666666666666667,0.3466666666666667,2026-09-10,v2,SPY Top 150,False
HON,Honeywell International Inc,Industrials,204.93,-1.59,7.7043,3.8268,1.7022,7.8211,0.12979764547071115,0.2613149367617853,0.5874750323111269,0.12785925253480968,53.6,36.41,0.5096,0.18554536000000002,28.84,18.49,1.559762033531639,-0.44453326701771495,1.8335,1.2106,-0.11,169.74,496.36,204.81,0.00041159320871207185,False,-46.079899999999995,304.841688,48.8,0.7016129032258065,0.6875,0.014112903225806495,0.6451612903225806,5,15,11,0,0,31,-1.9505956392824528,0.0,2026-06-30,True,0.8809929078014185,0.9616851595006933,0.92,0.013333333333333334,0.24,0.7891376298611749,0.20988197176579498,0.8472378050579867,0.4060696035577903,0.49264315507043754,0.013333333333333334,0.3967811907230167,100,0.9066666666666666,0.013333333333333334,0.22,0.9066666666666666,0.22666666666666666,0.34,2026-09-10,v2,SPY Top 150,False
MS,Morgan Stanley,Financials,215.35,-0.41,16.8141,2.8248,2.6312,38.3035,0.05947389393425756,0.35400736335315774,0.3800547278808148,0.026107274792120824,17.83,56.72,0.0853,0.04838216,20.3,20.12,1.0089463220675945,-0.00890654081620325,8.5222,0.354,13.96,38.56,232.25,147.25,0.8011764705882353,False,43.963499999999996,245.933322,14.2,0.696969696969697,0.6875,0.009469696969697017,0.6060606060606061,8,12,12,0,1,33,2.5921168622841213,0.0,2026-06-30,True,0.6414999041594787,1.0,0.5,0.78,0.18181818181818182,0.5568286292176152,0.5368479518629947,0.6414999041594787,0.3125127417649916,0.44943837316842683,0.18181818181818182,0.39591433489837785,101,0.49333333333333335,0.78,0.14333333333333334,0.5733333333333334,0.8533333333333334,0.3333333333333333,2026-09-10,v2,SPY Top 150,False
VZ,Verizon Communications Inc,Comm Services,49.74,-1.33,12.9509,1.7012,1.5079,7.8297,0.07721471094672956,0.587820362097343,0.6631739505272233,0.12771881425852843,15.52,59.41,0.3428,0.20365747999999997,20.59,21.42,0.96125116713352,-0.03951954397990472,1.59,0.6039,1.38,-10.78,51.68,38.39,0.8540255831452221,False,15.586899999999998,52.393014,5.3,0.6736111111111112,0.6736111111111112,0.0,0.5,7,11,18,0,0,36,-0.1253362013945896,0.0,2026-06-30,True,0.929304197814836,1.0,0.8181818181818182,0.4866666666666667,0.45454545454545453,0.3009147742943827,0.11207590835454756,0.929304197814836,0.4050579712215143,0.46657009868781624,0.11207590835454756,0.39567126062116253,102,0.8033333333333333,0.4866666666666667,0.44333333333333336,0.19333333333333333,0.08,0.32666666666666666,2026-09-10,v2,SPY Top 150,False
CEG,Constellation Energy Corp,Utilities,293.905,-1.72,30.0527,2.7892,3.3301,21.4813,0.03327488045999195,0.35852574214828625,0.3002912825440678,0.046552117423060986,14.69,43.91,0.4053,0.17796723,14.7,7.46,1.970509383378016,-0.6782920795690212,0.7724,1.4553,25.98,7.2,412.7,228.63,0.35462052480034756,False,-8.7595,354.12615,20.5,0.75,0.75,0.0,0.8214285714285714,5,18,5,0,0,28,0.28702461097243437,0.0,2026-06-30,False,0.5523787617404639,0.7612244897959184,0.2,0.22,0.8,0.5341109680978211,0.18089794029159917,0.4204842410799858,0.31615181079716975,0.44595688466330413,0.18089794029159917,0.39294509578896314,103,0.16666666666666666,0.22,0.78,0.5333333333333333,0.15333333333333332,0.32,2026-09-10,v2,SPY Top 150,False
MCD,McDonald's Corp,Cons Discretionary,253.48,-0.91,20.473,160.4594,6.493,16.4958,0.04884482000683828,0.0062321060654595495,0.15401201293700909,0.060621491531177636,95.13000000000001,57.38,0.4616,0.26486608,46.22,43.93,1.0521283860687458,-0.05081514685854655,40.6406,1.0814,6.3,5.44,341.75,254.28,-0.009145992911855623,True,-15.286200000000001,,,0.6951219512195121,0.6890243902439024,0.0060975609756097615,0.6097560975609756,8,17,15,1,0,41,0.516204398254754,0.0,2026-06-30,False,0.440427448725321,1.0,0.6,0.14666666666666667,0.5,0.536241610738255,0.21702846563295533,0.440427448725321,0.5564044653315431,0.45446925865926097,0.14666666666666667,0.39290874026074213,104,0.5933333333333334,0.14666666666666667,0.4866666666666667,0.54,0.24,0.31333333333333335,2026-09-10,v2,SPY Top 150,False
MRSH,Marsh & McLennan Companies Inc,Financials,176.84,-2.04,21.2539,5.2889,3.0268,,0.047050188436004683,0.18907523303522472,0.33038192150125545,,26.529999999999998,,0.4742,,21.62,22.5,0.9608888888888889,-0.03989649699931221,1.3542,1.1392,8.33,-1.95,207.83,156.6,0.3950810072223307,False,-6.3855,208.85316,18.1,0.6129032258064516,0.6290322580645161,-0.016129032258064502,0.3870967741935484,3,9,18,1,0,31,0.0941402621867388,0.0,2026-06-30,True,0.6062612612612612,1.0,0.4090909090909091,0.24666666666666667,0.8636363636363636,0.22375884894732,0.14600323999074288,0.6062612612612612,0.549296584102315,0.4526825588183785,0.14600323999074288,0.3913466950528514,105,0.4066666666666667,0.24666666666666667,0.8466666666666667,0.11333333333333333,0.11333333333333333,0.30666666666666664,2026-09-10,v2,SPY Top 150,False
HWM,Howmet Aerospace Inc,Industrials,232.62,0.47,49.7702,18.7671,10.2139,34.8754,0.02009234441493102,0.05328473765259417,0.09790579504400865,0.028673506253691715,34.410000000000004,36.03,0.7492,0.26993676,27.2,18.43,1.475854584915898,-0.3892372016202197,0.7852,1.8183,18.08,35.22,310.0,176.32,0.42115499700777986,False,34.515100000000004,338.403258,45.5,0.7857142857142857,0.7857142857142857,0.0,0.8214285714285714,9,14,5,0,0,28,2.543778965881253,0.0,2026-06-30,False,0.17316465401571784,1.0,0.08,0.6933333333333334,0.52,0.6913625080444976,0.521860680398056,0.17316465401571784,0.49167962746050337,0.4618849370019413,0.08,0.38550794960155305,106,0.04,0.6933333333333334,0.5066666666666667,0.8333333333333334,0.82,0.3,2026-09-10,v2,SPY Top 150,False
BX,Blackstone Inc,Financials,129.07,-3.66,45.7308,15.5015,9.9891,22.5354,0.021867100509940784,0.06450988614005096,0.1001091189396442,0.04437462836248746,40.87,83.07,0.3348,0.27811835999999995,47.2,46.47,1.0157090596083496,-0.015586949494622828,1.4637,0.6789,17.19,20.32,190.09,101.73,0.30941602535083734,False,-16.223,150.90073800000002,16.9,0.7196969696969697,0.7196969696969697,0.0,0.6666666666666666,7,15,11,0,0,33,1.3645572754555086,0.0,2026-06-30,True,0.25087119033927546,1.0,0.09090909090909091,0.11333333333333333,0.9090909090909091,0.45629309552266245,0.38059245545012726,0.25087119033927546,0.5695412012303708,0.45513536620993034,0.09090909090909091,0.38229011114976247,107,0.056666666666666664,0.11333333333333333,0.8933333333333333,0.4,0.5666666666666667,0.29333333333333333,2026-09-10,v2,SPY Top 150,False
TMO,Thermo Fisher Scientific Inc,Healthcare,605.69,0.44,32.1849,3.572,4.8386,27.7827,0.031070470935127964,0.2799552071668533,0.20667135121729427,0.035993621930193974,13.33,40.93,0.4214,0.17247902,17.58,18.55,0.947708894878706,-0.0537078967964134,0.8076,1.5505,7.23,7.52,647.0,435.27,0.8048930241345112,False,25.94,650.820078,7.5,0.7777777777777778,0.7847222222222222,-0.00694444444444442,0.8055555555555556,11,18,7,0,0,36,3.1505493546671413,0.0,2026-06-30,True,0.4447795668008434,1.0,0.42857142857142855,0.6,0.3333333333333333,0.30493702307621584,0.4823142791020597,0.4447795668008434,0.4194126265367731,0.4004774036234092,0.30493702307621584,0.38136932751397057,108,0.42,0.6,0.31,0.2,0.7533333333333333,0.2866666666666667,2026-09-10,v2,SPY Top 150,False
AXP,American Express Co,Financials,321.8,-1.32,19.0296,6.7327,2.6813,23.3852,0.05254971202757809,0.14852882201791257,0.3729534181180771,0.042762088842515776,34.12,60.62,0.2675,0.1621585,18.18,18.88,0.9629237288135594,-0.03778107196802181,6.3017,0.2566,9.48,15.53,387.49,290.97,0.31941566514711967,False,1.4446999999999999,383.44543799999997,19.2,0.6554054054054054,0.6458333333333334,0.009572072072072002,0.5405405405405406,5,15,16,0,1,37,0.8756622349151112,0.0,2026-06-30,True,0.6047699827487061,1.0,0.36363636363636365,0.3333333333333333,0.36363636363636365,0.5985037234531579,0.2983059476972923,0.6047699827487061,0.3988334333247626,0.39777997017855876,0.2983059476972923,0.3778851656823055,109,0.3333333333333333,0.3333333333333333,0.3433333333333333,0.66,0.3933333333333333,0.28,2026-09-10,v2,SPY Top 150,False
APP,Applovin Corp,Technology,305.06,-2.23,23.1496,54.7219,14.949,19.1907,0.043197290665929436,0.018274219279666826,0.06689410662920597,0.05210857342358538,193.1,88.46,0.9235,0.8169280999999999,77.44,31.36,2.4693877551020407,-0.9039702474861144,1.1113,4.3002,60.59,84.72,745.61,297.5,0.016870857601928104,False,-42.948,536.645562,75.9,0.7635135135135135,0.7986111111111112,-0.035097597597597674,0.7837837837837838,10,19,8,0,0,37,0.011789255039797568,0.0,2026-06-30,False,0.3104600345025877,0.6074380165289257,0.4411764705882353,0.02,0.7352941176470589,0.4415693665532775,0.2778199490858598,0.1885852275697537,0.7004180546429354,0.462869218614711,0.02,0.3742953748917688,110,0.43333333333333335,0.02,0.7266666666666667,0.37333333333333335,0.3466666666666667,0.2733333333333333,2026-09-10,v2,SPY Top 150,False
AEP,American Electric Power Company Inc,Utilities,124.67,-0.6,21.6078,2.4161,3.0447,13.7471,0.046279584224215325,0.41389015355324693,0.328439583538608,0.07274261480603182,10.0,41.85097,0.1921,0.08039571337,23.52,21.07,1.1162790697674418,-0.11000089521432849,1.6438,0.504,10.6,-15.36,140.58,105.7,0.5438646788990824,False,14.173300000000001,147.246078,18.1,0.6964285714285714,0.6964285714285714,0.0,0.5714285714285714,6,10,12,0,0,28,-2.4882391142798244,0.0,2026-06-30,False,0.7190454284071306,1.0,0.8,0.4533333333333333,0.4,0.4522823388802059,0.03015968525804212,0.7190454284071306,0.2151230513575027,0.4603137538980808,0.03015968525804212,0.37428294017007313,111,0.78,0.4533333333333333,0.38666666666666666,0.38666666666666666,0.013333333333333334,0.26666666666666666,2026-09-10,v2,SPY Top 150,False
MO,Altria Group Inc,Cons Staples,67.89,-0.41,14.1843,27.0919,4.8212,12.2147,0.07050048292830806,0.036911401562828745,0.2074172405210321,0.08186856820061074,149.65,62.86,0.68,0.42744800000000005,46.78,45.18,1.0354138999557327,-0.034801250116175866,8.6709,0.5176,-0.58,-8.27,77.06,54.7,0.5898926654740607,False,4.1018,71.10981000000001,4.7,0.6458333333333334,0.6521739130434783,-0.0063405797101449,0.5,6,6,9,2,1,24,-1.9793581876732331,0.0,2026-06-30,False,0.5892227333716695,1.0,0.625,0.36666666666666664,0.75,0.16727498391100487,0.041009025688498034,0.5892227333716695,0.6649483044310487,0.45752301730214234,0.041009025688498034,0.3742202189794135,112,0.62,0.36666666666666664,0.7333333333333333,0.06666666666666667,0.02666666666666667,0.26,2026-09-10,v2,SPY Top 150,False
GS,Goldman Sachs Group Inc,Financials,1028.78,-0.75,14.1392,2.4257,2.1963,51.6095,0.07072535928482516,0.4122521334047904,0.45531120520876023,0.019376277623305786,16.939999999999998,41.8,0.0692,0.0289256,19.48,20.62,0.9447138700290979,-0.05687318037442489,11.0081,0.3193,6.67,41.66,1153.99,733.57,0.7021787736073449,False,38.686099999999996,1198.3866779999998,16.5,0.6484375,0.640625,0.0078125,0.46875,6,9,16,0,1,32,6.8061131646013395,0.0,2026-06-30,True,0.6854456584243819,1.0,0.5454545454545454,0.7266666666666667,0.09090909090909091,0.5226119334375288,0.6416570238370748,0.6854456584243819,0.2578524316963308,0.43707397056609726,0.09090909090909091,0.367840994634696,113,0.5433333333333333,0.7266666666666667,0.056666666666666664,0.5066666666666667,0.9733333333333334,0.25333333333333335,2026-09-10,v2,SPY Top 150,False
ORCL,Oracle Corp,Technology,161.63,-0.55,27.6331,16.5759,7.0098,25.6069,0.03618848410058951,0.060328549279375476,0.14265742246569088,0.03905197427255935,50.38,65.82,0.3019,0.19871057999999997,30.59,28.47,1.0744643484369512,-0.07182225687286588,3.0087,1.115,17.35,34.97,345.72,114.5,0.20383184845601587,False,-40.8378,257.924034,59.6,0.7704081632653061,0.7755102040816326,-0.005102040816326481,0.7959183673469388,15,24,9,1,0,49,0.1338017632099066,0.0,2026-06-30,True,0.33484186313973546,1.0,0.7941176470588235,0.03333333333333333,0.3235294117647059,0.5683736324354141,0.2486692895163157,0.33484186313973546,0.4955050376634384,0.4498966885419811,0.03333333333333333,0.36658401750025155,114,0.7666666666666667,0.03333333333333333,0.3,0.6,0.32666666666666666,0.24666666666666667,2026-09-10,v2,SPY Top 150,False
MDLZ,Mondelez International Inc,Cons Staples,62.42,1.28,22.3644,2.7871,1.9819,21.5246,0.04471392033767953,0.35879588102328586,0.5045663252434532,0.04645847077297604,13.469999999999999,31.15,0.5564,0.1733186,11.22,13.68,0.8201754385964913,-0.198237012099854,0.8052,0.5992,6.93,-0.41,66.65,51.2,0.7262135922330095,False,0.20840000000000003,70.317984,12.7,0.7196969696969697,0.7132352941176471,0.0064616755793226455,0.6363636363636364,8,13,12,0,0,33,0.8102633869396869,0.0,2026-06-30,False,0.66915852022235,1.0,0.875,0.32,0.125,0.5085731359749931,0.24074519787086324,0.66915852022235,0.28430945918921235,0.42607640687562814,0.125,0.36586112550050254,115,0.8533333333333334,0.32,0.09333333333333334,0.49333333333333335,0.2866666666666667,0.24,2026-09-10,v2,SPY Top 150,False
RTX,RTX Corp,Industrials,197.55,-0.63,34.5213,3.8493,2.857,19.8995,0.028967622887898198,0.259787493830047,0.35001750087504374,0.05025251890751024,11.799999999999999,20.35,0.5467,0.11125345,11.21,7.79,1.4390243902439026,-0.36396537720141175,0.5632,1.0105,11.84,24.78,226.88,150.61,0.6154451291464536,False,33.2072,229.473582,16.2,0.7083333333333334,0.7,0.008333333333333415,0.6666666666666666,7,13,9,0,1,30,2.8071139588492993,0.0,2026-06-30,True,0.5221506612995975,1.0,0.68,0.6733333333333333,0.04,0.5701388250436702,0.5260402684563759,0.5221506612995975,0.25673070403489223,0.4422671386105238,0.04,0.36181371088841907,116,0.6733333333333333,0.6733333333333333,0.013333333333333334,0.6066666666666667,0.8333333333333334,0.23333333333333334,2026-09-10,v2,SPY Top 150,False
EQIX,Equinix Inc,Real Estate,1043.06,0.18,67.2232,7.1482,10.5103,28.0305,0.01487581668233586,0.13989535827201252,0.09514476275653407,0.03567542498350012,10.76,51.49,0.2449,0.12609901,21.82,16.84,1.2957244655581948,-0.2590699715907441,1.5289,1.1314,9.64,52.11,1128.68,720.62,0.7901779150124979,False,36.5416,1235.32557,18.4,0.78125,0.7692307692307693,0.012019230769230727,0.825,12,21,7,0,0,40,0.011514961386430985,0.0,2026-06-30,False,0.24469043511596705,1.0,0.24469043511596705,0.7,0.23194827586206895,0.7420037694217156,0.25929183059476973,0.24469043511596705,0.23194827586206895,0.38805162001117105,0.23194827586206895,0.35683095118135066,117,0.22,0.7,0.2,0.8733333333333333,0.3333333333333333,0.22666666666666666,2026-09-10,v2,SPY Top 150,False
SNPS,Synopsys Inc,Technology,393.22,0.3,70.0268,2.3895,8.006,34.1045,0.01428024699115196,0.4184975936388366,0.12490632025980514,0.029321643771349822,3.5700000000000003,72.38,0.1982,0.14345716,18.87,21.84,0.864010989010989,-0.1461697914962454,0.3222,1.3369,46.33,-55.62,615.79,366.0,0.10897153609031598,False,-24.816499999999998,559.068834,42.2,0.7734375,0.7580645161290323,0.015372983870967749,0.8125,10,16,5,1,0,32,0.875491545873812,0.0,2026-09-30,False,0.3280065171554533,1.0,0.7647058823529411,0.06,0.058823529411764705,0.8753838374551808,0.2163295533441333,0.3280065171554533,0.32425225456865603,0.4223497299044209,0.058823529411764705,0.3496444898058897,118,0.7533333333333333,0.06,0.03333333333333333,0.9733333333333334,0.23333333333333334,0.22,2026-09-10,v2,SPY Top 150,False
TMUS,T-Mobile US Inc,Comm Services,177.34,-2.39,18.0658,3.2261,2.0694,8.5836,0.055353208825515615,0.3099717925668764,0.48323185464385815,0.11650123491309007,18.22,62.69,0.4265,0.26737285,19.8,15.56,1.2724935732647815,-0.24097841895024402,1.6063,0.9242,9.68,-9.81,247.25,165.66,0.14315479838215475,False,-25.8925,246.95301600000002,39.3,0.75,0.7567567567567568,-0.006756756756756799,0.8108108108108109,7,23,7,0,0,37,2.4012470553045873,0.0,2026-06-30,True,0.7990128426298639,1.0,0.7272727272727273,0.04666666666666667,0.2727272727272727,0.49241518801140016,0.3852672992362879,0.7990128426298639,0.3798824005561428,0.42457616279075355,0.04666666666666667,0.3489942635659362,119,0.7166666666666667,0.04666666666666667,0.24333333333333335,0.48,0.5933333333333334,0.21333333333333335,2026-09-10,v2,SPY Top 150,False
MAR,Marriott International Inc,Cons Discretionary,331.52,0.83,32.4516,366.336,3.1204,22.1743,0.03081512159646982,0.0027297344514325647,0.3204717343930265,0.04509725222442197,309.12,19.81,0.9668,0.19152307999999998,15.8,15.05,1.0498338870431894,-0.04863194883803638,76.1214,0.5347,4.72,8.84,410.98,256.76,0.4847620282713006,False,26.4459,387.099792,16.8,0.65625,0.6612903225806451,-0.005040322580645129,0.5,5,11,15,1,0,32,1.0291995111072474,0.0,2026-06-30,False,0.3496319723979298,1.0,0.4,0.6133333333333333,0.3,0.31296313321687963,0.30188845174728074,0.3496319723979298,0.5016316030054567,0.3592092277388014,0.3,0.34736738219104113,120,0.38666666666666666,0.6133333333333333,0.28,0.21333333333333335,0.4,0.20666666666666667,2026-09-10,v2,SPY Top 150,False
DHR,Danaher Corp,Healthcare,204.85,-0.19,35.9499,2.6408,5.7332,28.1616,0.02781648905838403,0.37867312935474096,0.1744226609921161,0.035509346059882964,7.66,58.57,0.296,0.1733672,20.42,23.08,0.8847487001733103,-0.12245162890337923,0.5051,1.651,4.56,19.66,242.8,160.93,0.5364602418468302,False,7.2233,230.07211800000002,12.3,0.8046875,0.796875,0.0078125,0.84375,12,15,5,0,0,32,1.129856034931391,0.0,2026-06-30,True,0.4288355376653249,1.0,0.3333333333333333,0.4066666666666667,0.23809523809523808,0.636972510802611,0.3409210830826198,0.4288355376653249,0.3726068098924854,0.37396123605148657,0.23809523809523808,0.34678803646023687,121,0.31,0.4066666666666667,0.21333333333333335,0.74,0.4666666666666667,0.2,2026-09-10,v2,SPY Top 150,False
PG,Procter & Gamble Co,Cons Staples,142.64,-2.02,20.6383,6.2872,3.8045,15.391,0.04845360325220585,0.15905331467107775,0.2628466289919832,0.06497303618998115,29.830000000000002,50.87,0.6829,0.34739122999999994,22.89,22.46,1.0191451469278718,-0.01896418465417827,0.6286,0.6773,3.26,1.72,167.25,137.62,0.16942288221397173,False,-8.763,163.24488000000002,14.4,0.6621621621621622,0.6959459459459459,-0.03378378378378377,0.5135135135135135,6,13,17,1,0,37,-0.8288154760384036,0.0,2026-06-30,True,0.6154926202798543,1.0,0.75,0.21333333333333335,0.5,0.1659510894548129,0.09861143253876417,0.6154926202798543,0.6244478616118618,0.40681526610511054,0.09861143253876417,0.34517449939184125,122,0.7333333333333333,0.21333333333333335,0.4866666666666667,0.06,0.06666666666666667,0.19333333333333333,2026-09-10,v2,SPY Top 150,False
PLD,Prologis Inc,Real Estate,135.66,-2.04,31.5405,2.3509,14.4431,26.725,0.031705267830249996,0.4253690076141052,0.06923721361757518,0.037418147801683815,7.9,74.31,0.0928,0.06895968,38.37,36.59,1.0486471713582945,-0.04750092522774551,0.6783,0.2736,7.35,21.55,153.35,110.6,0.5861988304093568,False,22.973499999999998,161.888586,19.3,0.717391304347826,0.73,-0.012608695652173929,0.6521739130434783,5,10,8,0,0,23,1.0814942485960324,0.0,2026-06-30,True,0.39248035269311865,1.0,0.39248035269311865,0.5733333333333334,0.278545434200878,0.3244047071802887,0.3411062254107845,0.39248035269311865,0.278545434200878,0.35506392701455186,0.278545434200878,0.33976022845181714,123,0.36666666666666664,0.5733333333333334,0.25333333333333335,0.23333333333333334,0.47333333333333333,0.18666666666666668,2026-09-10,v2,SPY Top 150,False
AMD,Advanced Micro Devices Inc,Technology,521.095,3.04,131.8692,13.086,20.541,110.506,0.007583271908830872,0.07641754546843955,0.04868312156175454,0.009049282391906322,10.07,53.2,0.5197,0.2764804,15.71,9.46,1.660676532769556,-0.5072250692037429,0.048,2.6092,39.54,124.33,584.73,149.22,0.8538839521480563,False,226.5805,614.072946,17.8,0.7796610169491526,0.7763157894736842,0.003345227475468393,0.8305084745762712,17,32,10,0,0,59,0.4165501684478027,0.0,2026-06-30,False,0.10889400038336207,0.9032463399108848,0.14705882352941177,0.9666666666666667,0.23529411764705882,0.6222510802611014,0.31845869011802824,0.09835810728452628,0.4429840156558009,0.3762386274130618,0.14705882352941177,0.33040266663633183,124,0.11333333333333333,0.9666666666666667,0.20666666666666667,0.7133333333333334,0.43333333333333335,0.18,2026-09-10,v2,SPY Top 150,False
XOM,Exxonmobil Holdings Corp,Energy,164.23,2.22,20.1677,2.1848,1.8297,10.1454,0.04958423617963377,0.4577077993409008,0.5465376837732961,0.09856683817296508,12.68,28.84,0.7882,0.22731688,11.53,12.88,0.8951863354037266,-0.11072338639524001,0.1633,1.1347,9.62,10.18,176.41,108.35,0.8210402585953569,False,46.4342,170.05735800000002,3.5,0.6583333333333333,0.6833333333333333,-0.025000000000000022,0.4666666666666667,5,9,16,0,0,30,-1.4476239329977831,0.0,2026-06-30,False,0.8109766149127852,1.0,0.5,0.82,0.5,0.07281419509055806,0.10744272159222402,0.8109766149127852,0.45652335990248455,0.3876792472569452,0.07281419509055806,0.3247062368236678,125,0.49333333333333335,0.82,0.4866666666666667,0.013333333333333334,0.07333333333333333,0.17333333333333334,2026-09-10,v2,SPY Top 150,False
PANW,Palo Alto Networks Inc,Technology,335.1,-0.56,894.5887,9.8371,23.9232,169.2823,0.0011178321389483234,0.10165597584654014,0.04180042803638309,0.0059072921386346955,1.68,70.37,0.3206,0.22560622,6.05,6.05,1.0,-0.0,0.0645,0.871,24.49,-67.95,398.88,139.57,0.7540395665419769,False,82.5419,370.72104,10.6,0.753968253968254,0.7579365079365079,-0.003968253968253954,0.7777777777777778,16,33,13,1,0,63,1.3093020507950246,0.0,2026-09-30,False,0.10522426682001151,1.0,0.23529411764705882,0.9133333333333333,0.29411764705882354,0.33173209524685116,0.27930571626938205,0.10522426682001151,0.478399475283071,0.34663443335252264,0.23529411764705882,0.3243663702114299,126,0.2,0.9133333333333333,0.2733333333333333,0.24666666666666667,0.35333333333333333,0.16666666666666666,2026-09-10,v2,SPY Top 150,False
BA,Boeing Co,Industrials,206.42,-2.05,68.6048,27.9744,1.7772,30.2698,0.014576239563412472,0.035746968657057884,0.5626828719333784,0.03303622752710623,132.92,4.68,0.5794,0.027115919999999998,4.89,-4.44,,,7.5246,1.1375,24.78,,254.35,176.77,0.38218613044599103,False,-10.174900000000001,275.651634,33.5,0.8108108108108109,0.7972972972972973,0.013513513513513598,0.8648648648648649,14,18,5,0,0,37,-0.30552127747797514,0.0,2026-06-30,False,0.31890454284071307,1.0,0.28,0.18,0.2,0.8797508504183139,0.18053691275167785,0.31890454284071307,0.39761433305716654,0.3510307069964145,0.18,0.31682456559713157,127,0.24666666666666667,0.18,0.17333333333333334,0.9866666666666667,0.14666666666666667,0.16,2026-09-10,v2,SPY Top 150,False
DIS,Walt Disney Co,Comm Services,104.18,-0.84,20.9963,1.5566,1.8265,11.6325,0.04762743912022594,0.6424257998201208,0.5474952094169176,0.08596604341285193,7.870000000000001,37.6,0.4885,0.183676,13.66,8.2,1.6658536585365855,-0.5103376998724367,0.4184,0.7091,4.58,-24.0,119.05,92.19,0.44638868205510085,False,-9.2802,131.07030600000002,25.8,0.7894736842105263,0.7916666666666666,-0.002192982456140302,0.8947368421052632,11,23,3,1,0,38,1.877421621806558,0.0,2026-06-30,False,0.8182528272953805,0.9004392386530014,0.6363636363636364,0.2,0.09090909090909091,0.5677208789188195,0.3487664892386022,0.7367869528355182,0.255371896694569,0.3722227855331906,0.09090909090909091,0.3159600466083707,128,0.63,0.2,0.056666666666666664,0.5933333333333334,0.49333333333333335,0.15333333333333332,2026-09-10,v2,SPY Top 150,False
HLT,Hilton Worldwide Holdings Inc,Cons Discretionary,306.99,0.83,43.6532,245.967,5.5384,26.2249,0.022907828063005693,0.004065586033898856,0.1805575617506861,0.03813169926291425,171.01,37.9,0.7484,0.2836436,23.35,21.09,1.1071597913703177,-0.10179798962422312,73.65,0.6491,8.74,4.49,358.0,253.54,0.5116791116216735,False,13.3344,356.43818400000004,16.1,0.696969696969697,0.6774193548387096,0.019550342130987386,0.6363636363636364,5,16,12,0,0,33,-0.4876022185668842,0.0,2026-06-30,True,0.23000191681042745,1.0,0.2,0.44666666666666666,0.4,0.6596947687781558,0.11952788706317982,0.23000191681042745,0.5261726090144655,0.3645348034817748,0.11952788706317982,0.31553342019805586,129,0.16666666666666666,0.44666666666666666,0.38666666666666666,0.7866666666666666,0.08666666666666667,0.14666666666666667,2026-09-10,v2,SPY Top 150,False
UBER,Uber Technologies Inc,Comm Services,71.08,-2.8,15.2035,5.3774,2.637,20.6162,0.06577432827967244,0.18596347677316177,0.37921880925293894,0.0485055441837002,35.730000000000004,36.77,0.8807,0.32383339000000005,12.13,0.29,41.827586206896555,-3.733556078957576,0.4658,0.8425,16.68,-22.8,101.99,65.41,0.15500273373428108,False,-19.1678,104.383638,46.9,0.7758620689655172,0.775,0.0008620689655172153,0.8620689655172413,15,35,7,1,0,58,0.357013569685265,0.0,2026-06-30,False,0.6809133601686793,0.5,0.09090909090909091,0.09333333333333334,0.5454545454545454,0.7306656247126966,0.1387364036102754,0.34045668008433966,0.46858767819901154,0.36264055518105026,0.09090909090909091,0.3082942623266584,130,0.056666666666666664,0.09333333333333334,0.5366666666666666,0.8533333333333334,0.10666666666666667,0.14,2026-09-10,v2,SPY Top 150,False
SBUX,Starbucks Corp,Cons Discretionary,100.04,-1.93,57.5778,64.1154,2.9777,24.4534,0.01736780495260326,0.015596876881373276,0.33582966719279983,0.04089410879468704,115.68,22.34,1.2458,0.27831172,9.17,14.65,0.625938566552901,-0.4685030491947028,8.0719,0.7597,4.49,-24.99,110.51,77.99,0.6780442804428045,False,25.1858,113.32557,13.3,0.6358695652173914,0.6329787234042553,0.002890841813136036,0.4782608695652174,8,14,20,3,1,46,1.9572762913530979,0.0,2026-06-30,False,0.29833045811769215,1.0,0.3,0.5866666666666667,0.2,0.4207364162912568,0.3507428835917612,0.29833045811769215,0.44549173880334064,0.3304253824636822,0.2,0.30434030597094575,131,0.26666666666666666,0.5866666666666667,0.17333333333333334,0.34,0.5,0.13333333333333333,2026-09-10,v2,SPY Top 150,False
WMB,Williams Companies Inc,Energy,75.15,-0.9,30.179,6.8929,7.5991,17.6362,0.0331356241094801,0.14507681817522378,0.1315945309312945,0.056701557024755905,23.86,82.37,0.2082,0.17149434000000002,38.18,33.0,1.156969696969697,-0.14580425683112133,2.3346,0.4771,8.72,26.31,80.08,56.19,0.7936375052323151,False,32.3468,86.63931,15.3,0.7592592592592593,0.7586206896551724,0.0006385696040869249,0.8148148148148148,7,15,4,1,0,27,2.479330067855023,0.0,2026-06-30,False,0.42347230208932335,1.0,0.16666666666666666,0.66,0.16666666666666666,0.525889491587754,0.49800046285582045,0.42347230208932335,0.31245702749288157,0.3375446344125905,0.16666666666666666,0.30336904086340577,132,0.12666666666666668,0.66,0.12666666666666668,0.5266666666666666,0.8133333333333334,0.12666666666666668,2026-09-10,v2,SPY Top 150,False
DE,Deere & Co,Industrials,677.21,-0.52,37.7747,5.8352,3.8364,20.4487,0.026472744985400278,0.17137373183438442,0.2606610363882807,0.048902864240758584,18.11,36.58,0.4526,0.16556107999999997,19.46,21.77,0.8938906752411576,-0.112171798488597,2.2807,0.9375,7.99,-5.93,705.88,433.0,0.8949355027851071,False,37.4315,670.16601,-1.0,0.7132352941176471,0.6985294117647058,0.014705882352941235,0.6470588235294118,7,15,12,0,0,34,0.7878299767381549,0.0,2026-09-30,False,0.45012459267778415,1.0,0.4,0.72,0.12,0.5229429070515768,0.22299930571626939,0.45012459267778415,0.3338811482825282,0.3460384772677557,0.12,0.3008307818142046,133,0.38666666666666666,0.72,0.08666666666666667,0.5133333333333333,0.24666666666666667,0.12,2026-09-10,v2,SPY Top 150,False
EMR,Emerson Electric Co,Industrials,150.34,-1.19,32.8076,3.9344,4.5349,21.1069,0.030480742267035687,0.2541683611224075,0.2205120289311782,0.04737787169124789,12.68,53.16,0.4432,0.23560511999999997,19.86,15.2,1.306578947368421,-0.2674122307647958,0.6435,0.8963,4.82,-1.79,166.35,122.64,0.6337222603523223,False,14.8214,173.95406400000002,15.7,0.7132352941176471,0.7132352941176471,0.0,0.6764705882352942,7,16,10,1,0,34,0.4722098507280315,0.0,2026-06-30,False,0.4731665708261453,1.0,0.48,0.4666666666666667,0.16,0.4290337409212099,0.19100671140939599,0.4731665708261453,0.34201857459836776,0.3291244215623181,0.16,0.29529953724985447,134,0.47333333333333333,0.4666666666666667,0.12,0.36,0.17333333333333334,0.11333333333333333,2026-09-10,v2,SPY Top 150,False
NOW,ServiceNow Inc,Technology,131.11,-2.31,83.0977,8.1806,9.4198,52.2672,0.012034027415921258,0.12224042246290003,0.10615936644090107,0.019132457832062938,13.77,74.79,0.5673,0.42428367,11.4,8.77,1.2998859749144813,-0.2622765490163582,0.6006,0.7006,22.19,0.87,194.73,81.24,0.4394219755044499,False,-19.2509,148.806678,13.5,0.7909090909090909,0.7870370370370371,0.0038720538720538045,0.9090909090909091,16,34,3,2,0,55,0.9298564235210325,0.0,2026-06-30,False,0.1856488403296914,1.0,0.38235294117647056,0.08666666666666667,0.2647058823529412,0.5996575342465753,0.2636380467484378,0.1856488403296914,0.46193102495976535,0.3431438805282474,0.08666666666666667,0.2918484377559312,135,0.36,0.08666666666666667,0.23333333333333334,0.6666666666666666,0.34,0.10666666666666667,2026-09-10,v2,SPY Top 150,False
NFLX,Netflix Inc,Comm Services,76.03,-0.96,23.3431,9.8602,6.5871,18.4764,0.04283921158714995,0.10141782113953063,0.15181187472484098,0.0541230975731203,47.96,49.12,0.8412,0.41319743999999997,35.46,23.1,1.535064935064935,-0.4285726831183139,0.4746,1.1416,16.02,35.26,126.7,65.08,0.1777020447906524,False,-33.046699999999994,98.46427200000001,29.5,0.7456896551724138,0.7629310344827587,-0.017241379310344862,0.7413793103448276,14,29,15,0,0,58,-0.06866525735797707,0.0,2026-06-30,True,0.45644719187272376,0.9771573604060914,0.18181818181818182,0.04,0.6363636363636364,0.39091201618093224,0.23602869706086554,0.4460207331751235,0.6100687607728861,0.35395034415895266,0.04,0.29116027532716215,136,0.14333333333333334,0.04,0.63,0.30666666666666664,0.28,0.1,2026-09-10,v2,SPY Top 150,False
SPGI,S&P Global Inc,Financials,418.36,-2.55,25.2862,3.8129,7.7203,16.7393,0.03954726293393234,0.2622675653701907,0.12952864525989924,0.05973965458531719,15.5,63.58,0.2636,0.16759688,44.43,41.74,1.0644465740297075,-0.06245501529876226,0.4798,0.9544,9.67,26.22,522.47,361.03,0.35511645193260666,False,-15.371400000000001,537.459216,28.5,0.7867647058823529,0.8014705882352942,-0.014705882352941235,0.8529411764705882,10,19,5,0,0,34,-0.21055450800248943,0.0,2026-06-30,False,0.5083572934636764,1.0,0.18181818181818182,0.14,0.45454545454545453,0.47199595476693945,0.2080305484841472,0.5083572934636764,0.4252740146082717,0.32142195504419174,0.14,0.28513756403535345,137,0.14333333333333334,0.14,0.44333333333333336,0.44,0.21333333333333335,0.09333333333333334,2026-09-10,v2,SPY Top 150,False
LIN,Linde PLC,Materials,466.65,-0.37,29.6726,6.1393,6.0636,18.031,0.03370112494355062,0.1628850194647598,0.16491853024605843,0.055460041040430376,18.75,48.35,0.4081,0.19731635000000003,26.45,21.82,1.2121906507791016,-0.19242917789938352,0.7168,0.879,6.63,10.12,548.2,387.78,0.4916469268171049,False,3.0134,556.3616519999999,19.2,0.7016129032258065,0.7413793103448276,-0.03976640711902113,0.7096774193548387,5,17,7,2,0,31,-1.9474597995289649,0.0,2026-06-30,False,0.47277458309373205,1.0,0.47277458309373205,0.36,0.37820173985086997,0.25152385768134594,0.09461698680860912,0.47277458309373205,0.37820173985086997,0.3321514872862546,0.09461698680860912,0.2846445871907255,138,0.46,0.36,0.36,0.12666666666666668,0.06,0.08666666666666667,2026-09-10,v2,SPY Top 150,False
MRK,Merck & Co Inc,Healthcare,147.53,-0.63,115.8785,7.5686,5.5233,43.2742,0.008629728551888401,0.1321248315408398,0.18105118316948202,0.023108457233178198,6.6000000000000005,77.28,0.5073,0.39204144,9.58,24.53,0.39054219323277617,-0.9402192662876289,1.2855,1.3227,4.64,-80.7,156.92,77.58,0.8816486009579029,False,76.07520000000001,148.689378,0.8,0.7361111111111112,0.7361111111111112,0.0,0.7222222222222222,8,18,10,0,0,36,1.5100818466873418,0.0,2026-06-30,False,0.2556018784742189,1.0,0.19047619047619047,0.9,0.19047619047619047,0.3354003861358831,0.2933256190696598,0.2556018784742189,0.36968525078802766,0.30584082484953035,0.19047619047619047,0.28276789797486235,139,0.15333333333333332,0.9,0.15333333333333332,0.25333333333333335,0.38,0.08,2026-09-10,v2,SPY Top 150,False
INTC,Intel Corp,Technology,106.24,1.69,,7.5624,9.7451,35.3746,,0.13223315349624457,0.10261567351797313,0.02826887088475912,-10.76,38.6,0.277,0.10692200000000002,9.36,2.79,3.354838709677419,-1.2104036946562262,0.5773,1.604,7.47,,142.35,24.05,0.6947590870667794,False,310.04330000000004,116.78653200000001,9.9,0.5954545454545455,0.5909090909090909,0.004545454545454519,0.34545454545454546,4,15,34,2,0,55,2.2949705398278684,0.0,2026-06-30,True,0.3495390070921986,0.5,0.35294117647058826,0.9733333333333334,0.029411764705882353,0.38853084490208695,0.4557046979865772,0.1747695035460993,0.21054457236998733,0.3404540305411491,0.029411764705882353,0.2782455773740957,140,0.32,0.9733333333333334,0.006666666666666667,0.29333333333333333,0.7133333333333334,0.07333333333333333,2026-09-10,v2,SPY Top 150,False
KO,Coca-Cola Co,Cons Staples,87.55,-0.92,26.4206,10.0141,7.5453,25.1614,0.037849253991203834,0.09985919853007261,0.1325328350098737,0.03974341650305627,42.99,61.89,0.474,0.29335859999999997,30.35,26.86,1.1299329858525688,-0.12215832641041573,1.2045,1.3046,6.52,17.61,92.49,65.35,0.8179808400884304,False,31.3892,96.1299,9.8,0.75,0.7714285714285715,-0.021428571428571463,0.7714285714285715,8,19,8,0,0,35,0.9435033891402996,0.0,2026-06-30,True,0.37053862373011304,1.0,0.25,0.6466666666666666,0.25,0.20526799669026385,0.3125109928257348,0.37053862373011304,0.5577660152939271,0.29009691492857964,0.20526799669026385,0.2731311312809165,141,0.22666666666666666,0.6466666666666666,0.22666666666666666,0.1,0.4266666666666667,0.06666666666666667,2026-09-10,v2,SPY Top 150,False
IBM,International Business Machines Corp,Technology,239.94,3.38,20.3398,7.6717,3.1565,22.806,0.049164691884875954,0.13034920552159235,0.3168065895770632,0.043848110146452686,33.51,58.1,0.4557,0.2647617,15.11,9.78,1.5449897750511248,-0.43501729223792224,1.7992,0.7908,7.9,82.66,332.46,199.19,0.3057702408644106,False,-8.6106,248.956296,3.8,0.6774193548387096,0.7327586206896551,-0.05533926585094551,0.5161290322580645,8,8,13,2,0,31,-1.515345428295742,0.0,2026-06-30,True,0.5581694460417865,0.970880211780278,0.8823529411764706,0.22666666666666666,0.11764705882352941,0.06815758021513285,0.1992594306873409,0.5419156699823301,0.3780303783485225,0.3220694502539708,0.06815758021513285,0.27128707624620324,142,0.8666666666666667,0.22666666666666666,0.08,0.006666666666666667,0.19333333333333333,0.06,2026-09-10,v2,SPY Top 150,False
CME,CME Group Inc,Financials,274.7,-1.27,23.1446,3.0173,7.8679,9.2222,0.04320662271112916,0.3314221323699997,0.12709871757393967,0.10843399622649692,15.58,95.97,0.0645,0.06190065,83.82,76.32,1.0982704402515724,-0.09373661535689443,0.1309,1.0184,16.57,13.39,329.16,218.31,0.5087054578258906,False,8.506499999999999,291.022728,5.9,0.6190476190476191,0.6309523809523809,-0.011904761904761862,0.5238095238095238,2,9,7,3,0,21,1.7762782820292842,0.0,2026-06-30,True,0.5943310331608205,1.0,0.3181818181818182,0.41333333333333333,0.3181818181818182,0.12320722625724007,0.40628558204119414,0.5943310331608205,0.3983081878696112,0.30191761589096044,0.12320722625724007,0.2661755379642164,143,0.28,0.41333333333333333,0.2866666666666667,0.03333333333333333,0.6266666666666667,0.05333333333333334,2026-09-10,v2,SPY Top 150,False
CRWD,CrowdStrike Holdings Inc,Technology,207.8,-1.06,3641.2215,38.0963,39.4478,2300.6306,0.00027463311418983986,0.026249268301646093,0.02534995614457587,0.00043466343532073335,1.29,75.24,0.4867,0.36619308,-2.21,-5.59,,,0.1463,1.5701,24.3,,233.88,85.68,0.8240215924426452,False,105.32600000000001,226.875132,9.2,0.7213114754098361,0.725,-0.0036885245901638886,0.7377049180327869,12,33,14,1,1,61,0.7934193249923772,0.0,2026-09-30,False,0.03511213341000575,1.0,0.058823529411764705,0.9333333333333333,0.35294117647058826,0.27821550059759126,0.2946308724832215,0.03511213341000575,0.5266151615575808,0.3137592996194525,0.058823529411764705,0.26277214557791495,144,0.03333333333333333,0.9333333333333333,0.32666666666666666,0.14666666666666667,0.38666666666666666,0.04666666666666667,2026-09-10,v2,SPY Top 150,False
WELL,Welltower Inc,Real Estate,235.9,-0.57,109.6451,3.452,13.3214,63.3975,0.009120334606836056,0.28968713789107764,0.07506718513069197,0.015773492645609052,3.63,40.33,0.1935,0.07803855,3.57,11.1,0.3216216216216216,-1.1343795125267409,0.3819,1.0648,37.57,22.25,255.2,163.75,0.7889557135046475,False,39.658699999999996,264.129,12.0,0.7589285714285714,0.7685185185185185,-0.009589947089947093,0.8214285714285714,6,17,5,0,0,28,-0.11430011723950567,0.0,2026-06-30,False,0.2293664941537282,1.0,0.2293664941537282,0.7466666666666667,0.19905105276690568,0.28254803714259447,0.19956954408701688,0.2293664941537282,0.19905105276690568,0.2781686450767418,0.19905105276690568,0.2623451266147746,145,0.19333333333333333,0.7466666666666667,0.16,0.16,0.2,0.04,2026-09-10,v2,SPY Top 150,False
MMM,3M Co,Industrials,164.4,-1.86,28.4379,28.6067,3.3848,15.7699,0.03516434054553958,0.03495684577389213,0.2954384306310565,0.06341194300534563,77.12,39.4,0.6913,0.2723722,18.36,6.45,2.8465116279069766,-1.0460942543846632,4.2517,1.2402,2.35,-21.67,184.9,139.34,0.5500438981562774,False,11.2875,184.133562,12.0,0.6458333333333334,0.6521739130434783,-0.0063405797101449,0.5416666666666666,4,9,9,1,1,24,2.7111975465442586,0.0,2026-06-30,True,0.44360168679317613,0.5269607843137255,0.12,0.44,0.36,0.2258366277466213,0.42199490858597544,0.2337606927954237,0.4417672866135284,0.2904665618372206,0.12,0.25637324946977647,146,0.08666666666666667,0.44,0.3333333333333333,0.12,0.6666666666666666,0.03333333333333333,2026-09-10,v2,SPY Top 150,False
SCHW,Charles Schwab Corp,Financials,106.54,-0.31,18.4153,3.3178,6.2693,31.5332,0.054302672234500665,0.30140454518054133,0.15950744102212366,0.03171260766430302,19.08,87.76,0.0594,0.052129440000000006,44.03,35.74,1.231952993844432,-0.20860071003638048,5.8093,0.3699,11.2,43.25,114.53,83.96,0.7386326463853453,False,17.0468,125.50437,17.8,0.7666666666666667,0.7678571428571429,-0.0011904761904761862,0.8333333333333334,8,17,4,1,0,30,1.2688339381527751,0.0,2026-06-30,True,0.5380496453900709,1.0,0.2727272727272727,0.5,0.045454545454545456,0.46251953663694034,0.4162277250636427,0.5380496453900709,0.21022744717119485,0.2867562479051163,0.045454545454545456,0.23849590741500212,147,0.24,0.5,0.02,0.42,0.66,0.02666666666666667,2026-09-10,v2,SPY Top 150,False
PFE,Pfizer Inc,Healthcare,27.78,-0.04,36.7065,1.6304,2.497,24.1954,0.027243131325514557,0.6133464180569185,0.40048057669203047,0.041330170197640875,4.89,74.71,0.3086,0.23055505999999998,6.79,18.78,0.3615548455804047,-1.017341532209512,0.7418,1.2669,-0.22,-59.91,29.21,23.58,0.7460035523978688,False,15.5518,28.982076,4.3,0.6180555555555556,0.625,-0.00694444444444442,0.3888888888888889,6,8,20,1,1,36,0.6416447957185399,0.0,2026-06-30,False,0.5715957446808511,1.0,0.6190476190476191,0.48,0.047619047619047616,0.137682725016089,0.17803749132145336,0.5715957446808511,0.2750966107666962,0.2712897877490549,0.047619047619047616,0.22655563972305343,148,0.6133333333333333,0.48,0.02666666666666667,0.04,0.13333333333333333,0.02,2026-09-10,v2,SPY Top 150,False
GE,General Electric Co,Industrials,325.42,-2.83,37.7215,21.9811,6.682,37.2219,0.02651008045809419,0.04549362861731214,0.14965579167913798,0.026865904212305124,49.03,33.57,0.3937,0.13216508999999999,16.72,5.34,3.131086142322097,-1.141379954684452,1.086,0.9819,21.7,18.32,388.84,268.91,0.47119152839156186,False,21.560499999999998,407.19522,25.1,0.78125,0.78125,0.0,0.875,9,19,3,1,0,32,1.2771939497465317,0.0,2026-06-30,True,0.22906651332183248,0.5,0.04,0.54,0.08,0.6182265330513927,0.3636287896320296,0.11453325666091624,0.3306131950594711,0.266189625055083,0.04,0.2209517000440664,149,0.013333333333333334,0.54,0.04,0.7066666666666667,0.5266666666666666,0.013333333333333334,2026-09-10,v2,SPY Top 150,False
TSLA,Tesla Inc,Cons Discretionary,367.81,-0.1,367.4345,18.1867,13.4961,125.7511,0.0027215735049376144,0.05498523646400942,0.07409547943479969,0.007952216720171832,4.569999999999999,18.85,0.7352,0.1385852,4.22,9.97,0.4232698094282848,-0.8597454559258266,0.1076,1.9409,11.75,-37.66,498.83,297.38,0.3496152891536362,False,6.2246999999999995,388.679772,5.7,0.6352459016393442,0.625,0.010245901639344246,0.4918032786885246,10,20,25,5,1,61,-2.4523766396480196,0.0,2026-06-30,True,0.09508817327966264,1.0,0.1,0.38,0.1,0.4496552358187,0.021101596852580423,0.09508817327966264,0.30039913245531336,0.18609628669162706,0.021101596852580423,0.15309734872381775,150,0.07333333333333333,0.38,0.07333333333333333,0.38,0.006666666666666667,0.006666666666666667,2026-09-10,v2,SPY Top 150,False
