ticker,name,sector,price,day_chg,pe_ttm,pb,ps_ttm,ev_ebitda,earn_yld,book_yld,sales_yld,ebitda_yld,roe,gross_margin,asset_turnover,gp_assets,op_margin_ttm,op_margin_5y,margin_ratio,margin_stability,debt_equity,current_ratio,rev_growth,eps_growth,w52_high,w52_low,w52_pos,mom_12_1,mean_target,upside_pct,analyst_score,analyst_score_3m_ago,revision_3m,buy_ratio,strong_buy,buy,hold,sell,strong_sell,total_recs,sue,pead_decay,last_report,has_earnings,score_value_raw,cyc_guard,score_value,score_momentum,score_quality,score_sentiment,score_catalyst,weighted_mean,worst_lens,score_composite,rank,score_value_pct,score_momentum_pct,score_quality_pct,score_sentiment_pct,score_catalyst_pct,score_composite_pct,as_of,version,universe,in_top_n
CVX,Chevron Corp,Energy,211.78,0.35,18.9191,1.7386,1.8665,8.1761,0.05285663694361782,0.5751754285056943,0.5357621216180016,0.12230770171597706,10.979999999999999,43.65,0.6372,0.2781378,13.22,12.75,1.0368627450980392,-0.03619956281910508,0.1953,1.2522,11.17,34.62,214.71,146.49,0.9570507182644384,31.251099999999997,221.029818,4.4,0.7583333333333333,0.7416666666666667,0.016666666666666607,0.8333333333333334,7,18,4,1,0,30,2.813694710521799,0.0,2026-06-30,False,0.8612273845708497,1.0,0.8612273845708497,0.6733333333333333,0.5529041177422888,0.6071543624161073,0.5459476972922934,0.6518344418757979,0.5459476972922934,0.630657092959097,1,0.9466666666666667,0.6733333333333333,0.62,0.7066666666666667,0.86,1.0,2026-09-03,v2,SPY Top 150,True
BMY,Bristol-Myers Squibb Co,Healthcare,67.66,1.11,14.2108,5.2719,2.682,11.0297,0.07036901511526444,0.18968493332574596,0.37285607755406414,0.09066429730636373,46.760000000000005,71.66,0.5449,0.39047534000000006,25.51,13.6,1.8757352941176473,-0.6290007394117139,1.932,1.5316,3.11,99.29,68.64,42.52,0.962480857580398,41.1698,67.63405800000001,-0.0,0.6428571428571429,0.6285714285714286,0.014285714285714346,0.42857142857142855,7,8,18,2,0,35,4.637284440412436,0.0,2026-06-30,False,0.7718150238818932,0.7996863974911799,0.6172099759776801,0.74,0.5303270291117904,0.4747181208053691,0.6558204119416802,0.580717288680283,0.4747181208053691,0.5595174551053003,2,0.6666666666666666,0.74,0.5666666666666667,0.44666666666666666,0.9866666666666667,0.9933333333333333,2026-09-03,v2,SPY Top 150,True
GOOG,Alphabet Inc,Comm Services,333.78,0.53,17.3095,6.7585,9.4805,27.263,0.05777174384008781,0.14796182584893097,0.10547966879383999,0.03667974911051608,50.839999999999996,60.9,0.6467,0.39384030000000003,33.11,29.71,1.1144395826321103,-0.10835166208463853,0.1533,2.724,20.05,115.31,408.61,224.79,0.5929169840060927,46.8116,425.65558799999997,27.5,0.7964285714285714,0.782608695652174,0.013819875776397428,0.9,20,43,7,0,0,70,-0.5336987384061047,0.0,2026-06-30,False,0.4819981183962947,1.0,0.4819981183962947,0.8166666666666667,0.7560679394147168,0.847758389261745,0.24759777829206203,0.6356779226863137,0.24759777829206203,0.5580618938074634,3,0.5033333333333333,0.8166666666666667,0.95,0.9466666666666667,0.31,0.9866666666666667,2026-09-03,v2,SPY Top 150,True
GOOGL,Alphabet Inc,Comm Services,337.12,0.63,17.3095,6.7585,9.4805,27.263,0.05777174384008781,0.14796182584893097,0.10547966879383999,0.03667974911051608,50.839999999999996,60.9,0.6467,0.39384030000000003,33.11,29.71,1.1144395826321103,-0.10835166208463853,0.1533,2.724,20.05,115.31,408.61,224.79,0.6110869328691111,46.8116,429.654804,27.4,0.7964285714285714,0.782608695652174,0.013819875776397428,0.9,20,43,7,0,0,70,-0.5336987384061047,0.0,2026-06-30,False,0.4819981183962947,1.0,0.4819981183962947,0.8166666666666667,0.7560679394147168,0.845758389261745,0.24759777829206203,0.6352779226863137,0.24759777829206203,0.5577418938074633,4,0.5033333333333333,0.8166666666666667,0.95,0.94,0.31,0.98,2026-09-03,v2,SPY Top 150,True
FDX,FedEx Corp,Industrials,316.54,-2.57,17.6043,2.5521,0.8239,9.2044,0.05680430349403271,0.3918341757768113,1.213739531496541,0.10864369214723393,15.110000000000001,62.11,1.0205,0.6338325499999999,5.76,6.03,0.9552238805970148,-0.04580953603129434,0.8125,1.4754,7.73,9.81,404.03,221.31,0.5211799474605956,43.7892,358.529286,13.3,0.7214285714285714,0.7121212121212122,0.009307359307359264,0.6857142857142857,9,15,9,2,0,35,0.41769222888554963,0.0,2025-09-30,True,0.8692915038355767,1.0,0.8692915038355767,0.7933333333333333,0.6567282471026292,0.5804697986577181,0.20733163619532516,0.6408683885838586,0.20733163619532516,0.554161038106152,5,0.9666666666666667,0.7933333333333333,0.7866666666666666,0.64,0.20666666666666667,0.9733333333333334,2026-09-03,v2,SPY Top 150,True
LMT,Lockheed Martin Corp,Industrials,531.55,-2.38,21.9978,13.2024,1.7958,14.3006,0.04545909136368182,0.07574380415681997,0.5568548836173293,0.0699271359243668,86.24000000000001,11.8,1.274,0.15033200000000002,11.88,10.83,1.0969529085872576,-0.09253625292159959,2.3424,1.1929,7.2,52.8,692.0,437.25,0.3701668302257113,23.657899999999998,649.009578,22.1,0.6607142857142857,0.6339285714285714,0.0267857142857143,0.4642857142857143,6,7,14,1,0,28,1.291007267838419,0.0,2026-06-30,False,0.6499536836011001,1.0,0.6499536836011001,0.5733333333333334,0.47613819767829424,0.723503355704698,0.4331913908817403,0.5723425933102974,0.4331913908817403,0.544512352824586,6,0.7066666666666667,0.5733333333333334,0.4866666666666667,0.8466666666666667,0.6866666666666666,0.9666666666666667,2026-09-03,v2,SPY Top 150,True
COP,ConocoPhillips,Energy,137.2,0.74,16.3233,1.9381,2.3919,6.454,0.061262122242438724,0.5159692482328053,0.4180776788327271,0.1549426712116517,14.32,46.31,0.5156,0.23877436,22.51,25.7,0.8758754863813231,-0.1325313369825331,0.3564,1.5415,9.6,1.31,137.37,85.57,0.9967181467181464,41.4001,148.314222,8.1,0.7419354838709677,0.7419354838709677,0.0,0.7419354838709677,7,16,8,0,0,31,3.2455704051692447,0.0,2026-06-30,False,0.8604725720075264,1.0,0.8604725720075264,0.7466666666666667,0.46915735317925134,0.3885369127516779,0.4730710483684332,0.5792000554279243,0.3885369127516779,0.5410674268926751,7,0.94,0.7466666666666667,0.4666666666666667,0.3,0.74,0.96,2026-09-03,v2,SPY Top 150,True
MU,Micron Technology Inc,Technology,956.08,2.43,21.5314,10.34,12.0374,15.6385,0.04644379835960504,0.09671179883945842,0.08307441806370146,0.06394475173450138,70.55,72.57,0.8929,0.6479775299999999,65.63,9.66,6.79399585921325,-1.9160392602612046,0.0568,3.4245,166.98,700.71,1255.0,117.3,0.7372593829656324,705.5998999999999,1474.5329100000001,54.2,0.8017241379310345,0.8035714285714286,-0.001847290640394128,0.9137931034482759,18,35,4,1,0,58,4.226455705090022,0.0,2026-06-30,True,0.47139528151686205,0.5,0.23569764075843103,0.9933333333333333,0.7325549381481586,0.6476778523489932,0.6650636426753067,0.6073193418384834,0.23569764075843103,0.5329950016224729,8,0.20666666666666667,0.9933333333333333,0.9266666666666666,0.7466666666666667,1.0,0.9533333333333334,2026-09-03,v2,SPY Top 150,True
USB,US Bancorp,Financials,62.77,2.55,12.3543,1.3955,2.0972,,0.08094347716989227,0.7165890361877464,0.4768262445164982,,12.479999999999999,,,,25.22268,35.30532,0.7144158444109839,-0.33629007103899267,1.4238,,84.11849,18.72,66.075,45.02,0.8430301591071004,27.383599999999998,70.914276,13.0,0.6944444444444444,0.6574074074074074,0.03703703703703698,0.5925925925925926,6,10,10,1,0,27,2.558705280264017,0.0,2026-06-30,True,0.8253401360544218,1.0,0.8253401360544218,0.6066666666666667,0.3525057471264368,0.6590067114093959,0.4810784540615598,0.5767165352093164,0.3525057471264368,0.5318743775927406,9,0.9066666666666666,0.6066666666666667,0.18666666666666668,0.7533333333333333,0.7666666666666667,0.9466666666666667,2026-09-03,v2,SPY Top 150,True
UNH,UnitedHealth Group Inc,Healthcare,399.66,0.85,25.6264,3.6115,0.804,15.76,0.039022258296132116,0.27689325764917627,1.243781094527363,0.06345177664974619,14.399999999999999,,1.4436,,4.74,7.2,0.6583333333333333,-0.41804389031502454,0.7016,0.7385,6.46,-32.66,461.62,255.97,0.6987114028689522,27.1781,482.64207,20.8,0.7573529411764706,0.7426470588235294,0.014705882352941124,0.7941176470588235,8,19,7,0,0,34,4.925330526420075,0.0,2026-06-30,False,0.7136604429005644,1.0,0.7136604429005644,0.6,0.3600477578112352,0.7433892617449666,0.4909002545707012,0.5687423286031101,0.3600477578112352,0.5270034144447352,10,0.8,0.6,0.20666666666666667,0.88,0.7933333333333333,0.94,2026-09-03,v2,SPY Top 150,True
BAC,Bank of America Corp,Financials,62.6,0.98,13.2926,1.3281,2.32875,,0.07522982712185727,0.7529553497477599,0.4294149221685454,,11.129999999999999,,,,32.73721,33.47932,0.9778337791807001,-0.022415583330081108,2.4313,,99.36713,25.82,65.225,46.12,0.862601413242607,23.9844,68.922828,10.1,0.75,0.75,0.0,0.7931034482758621,6,17,6,0,0,29,2.1898905017103685,0.0,2026-06-30,True,0.8105102040816327,1.0,0.8105102040816327,0.58,0.44640229885057475,0.4219328859060403,0.4683962045822726,0.5491942485441296,0.4219328859060403,0.5237419760165117,11,0.8866666666666667,0.58,0.4066666666666667,0.3466666666666667,0.7266666666666667,0.9333333333333333,2026-09-03,v2,SPY Top 150,False
APH,Amphenol Corp,Technology,160.08,-1.9,40.4386,14.0021,7.1693,24.2828,0.024728848179709485,0.07141785874975896,0.13948363159583224,0.04118141235771822,37.14,38.95,0.772,0.300694,27.03,21.28,1.2702067669172932,-0.23917969581491255,1.2143,1.8878,54.17,59.37,178.52,108.68,0.7359679266895762,43.6551,201.169194,25.7,0.782608695652174,0.7604166666666666,0.022192028985507317,0.8695652173913043,6,14,3,0,0,23,3.6960051513555747,0.0,2026-06-30,False,0.29844622955565203,1.0,0.29844622955565203,0.7866666666666666,0.5349744879010371,0.8693087248322148,0.6132052765563527,0.5796131068757867,0.29844622955565203,0.5233797314117599,12,0.26666666666666666,0.7866666666666666,0.5866666666666667,0.9666666666666667,0.94,0.9266666666666666,2026-09-03,v2,SPY Top 150,False
NVDA,NVIDIA Corp,Technology,224.41,3.21,33.9758,26.9275,21.3932,32.7357,0.029432713872815357,0.03713675610435429,0.046743825140698914,0.030547689525502738,111.66,74.15,1.32,0.9787800000000001,64.02,45.98,1.3923444976076556,-0.33098901520668156,0.0433,3.4408,70.68,110.34,236.54,164.07,0.8326203946460605,29.881999999999998,319.559574,42.4,0.8188405797101449,0.8152173913043478,0.0036231884057971175,0.9420289855072463,24,41,3,1,0,69,3.676278564427623,0.0,2026-09-30,False,0.1839680127370097,1.0,0.1839680127370097,0.64,0.8166563913569314,0.7960805369127517,0.621666280953483,0.6074549701169045,0.1839680127370097,0.5227575786409255,13,0.12,0.64,1.0,0.9133333333333333,0.9533333333333334,0.92,2026-09-03,v2,SPY Top 150,False
UNP,Union Pacific Corp,Industrials,289.73,-0.31,24.0791,7.8116,6.9461,16.1789,0.041529791395857815,0.12801474729888881,0.14396567858222598,0.061808899245313347,38.65,78.25,0.364,0.28482999999999997,40.03,40.23,0.9950285856326125,-0.0049838129572145375,1.467,0.9859,4.17,7.27,315.99,210.84,0.750261531145982,34.2888,332.281116,14.7,0.7419354838709677,0.7327586206896551,0.009176863181312611,0.6774193548387096,9,12,10,0,0,31,1.739336906013676,0.0,2026-06-30,False,0.4931943841366334,1.0,0.4931943841366334,0.7,0.6076010913350285,0.6052214765100671,0.38361953251562136,0.5541661486140235,0.38361953251562136,0.5200568253943431,14,0.5466666666666666,0.7,0.7066666666666667,0.7,0.58,0.9133333333333333,2026-09-03,v2,SPY Top 150,False
C,Citigroup Inc,Other,134.34,1.36,13.0451,1.1259,1.09533,,0.07665713562947007,0.8881783462119194,0.9129668684323446,,8.41,,,,23.01502,28.99823,0.7936698205373225,-0.23108774737372909,3.8387,,99.23775,35.24,147.96,93.4,0.7503665689149559,39.2993,157.81491,17.5,0.7589285714285714,0.7589285714285714,0.0,0.7857142857142857,7,15,6,0,0,28,3.1371311729611766,0.0,2026-06-30,True,0.8642176870748299,1.0,0.8642176870748299,0.72,0.31439080459770113,0.5060134228187919,0.5548206433695904,0.5667974442172148,0.31439080459770113,0.5163161162933121,15,0.9533333333333334,0.72,0.11333333333333333,0.4866666666666667,0.8733333333333333,0.9066666666666666,2026-09-03,v2,SPY Top 150,False
COF,Capital One Financial Corp,Financials,216.6,2.49,12.9298,1.0861,1.11745,,0.07734071679376324,0.9207255317189945,0.8948946261577698,,9.28,,,,18.32824,28.31922,0.6472014412826342,-0.4350976862894166,0.3938,,38.19094,521.95,259.64,174.24,0.4960187353629976,-3.1114,264.384,22.1,0.7758620689655172,0.7672413793103449,0.008620689655172376,0.8275862068965517,8,16,5,0,0,29,1.3736360514667123,0.0,2026-06-30,False,0.8682993197278911,1.0,0.8682993197278911,0.28,0.37571264367816093,0.7261879194630874,0.4791205739412173,0.574894293019221,0.28,0.5159154344153769,16,0.96,0.28,0.22,0.8533333333333334,0.76,0.9,2026-09-03,v2,SPY Top 150,False
SNDK,Sandisk Corp,Technology,1553.4,1.08,19.7934,16.422,11.1763,17.6691,0.05052189113542899,0.060893922786505905,0.08947504988234031,0.056595978289782724,93.13,71.47,1.2398,0.88608506,61.19,2.86,21.395104895104897,-3.063162152642688,0.0,2.2899,175.3,,2354.39,50.07,0.6523963685599223,2911.244,2073.938154,33.5,0.7954545454545454,0.7916666666666666,0.0037878787878787845,0.8484848484848485,11,17,5,0,0,33,1.2648324250882537,0.0,2026-06-30,False,0.4497307859313939,0.5,0.22486539296569694,1.0,0.7472965936253083,0.7593288590604027,0.35838926174496644,0.5860294874028422,0.22486539296569694,0.5137966685154132,17,0.18,1.0,0.9333333333333333,0.8866666666666667,0.5133333333333333,0.8933333333333333,2026-09-03,v2,SPY Top 150,False
SLB,SLB NV,Energy,58.13,1.71,24.9878,2.6657,2.1308,12.6378,0.04001952953041084,0.37513598679521326,0.4693073024216257,0.07912769627625062,11.93,17.07,0.6611,0.11284977,11.44,14.66,0.7803547066848567,-0.2480067105068536,0.4908,1.4392,2.5,-29.35,60.46,31.64,0.9191533657182512,69.3636,63.040488,8.4,0.7720588235294118,0.75,0.022058823529411797,0.8529411764705882,10,19,3,2,0,34,2.4499571496668424,0.0,2026-06-30,True,0.7173520046316398,1.0,0.7173520046316398,0.9,0.3165202030302165,0.6814496644295301,0.3829206202267994,0.5580220879869009,0.3165202030302165,0.5097217109955641,18,0.8066666666666666,0.9,0.13333333333333333,0.7866666666666666,0.5733333333333334,0.8866666666666667,2026-09-03,v2,SPY Top 150,False
MDT,Medtronic PLC,Healthcare,92.18,0.15,24.2494,2.1627,3.2023,17.2907,0.041238133727020045,0.46238498173579323,0.31227555194703804,0.057834558462063416,9.85,65.76,0.3965,0.26073840000000004,17.79,17.4,1.0224137931034483,-0.022166295457260423,0.5653,2.1262,8.43,3.07,106.33,73.31,0.571471835251363,-2.9156000000000004,100.798848,9.4,0.7426470588235294,0.7094594594594594,0.03318759936407001,0.6764705882352942,10,13,11,0,0,34,3.771075492872469,0.0,2026-09-30,False,0.6705507309306702,1.0,0.6705507309306702,0.2866666666666667,0.5212673866049576,0.6739731543624161,0.500698912288822,0.562584033096628,0.2866666666666667,0.5074005598106357,19,0.7466666666666667,0.2866666666666667,0.5533333333333333,0.78,0.82,0.88,2026-09-03,v2,SPY Top 150,False
BK,BK,Financials,162.04,0.95,15.7933,1.8182,2.12845,,0.06331798927393262,0.5499945000549994,0.46982545984166885,,13.48,,,,26.54159,28.68099,0.9254070379021087,-0.07752159728409598,1.1894,,284.5591,31.5,165.685,102.63,0.9421933232891918,53.7821,143.663022,-11.3,,,,,0,0,0,0,0,0,,0.0,,False,0.7804761904761904,1.0,0.7804761904761904,0.8466666666666667,0.45117241379310347,0.352,0.3782758620689655,0.5422788177339902,0.352,0.5042230541871922,20,0.86,0.8466666666666667,0.42,0.26,0.5533333333333333,0.8733333333333333,2026-09-03,v2,SPY Top 150,False
PWR,Quanta Services Inc,Technology,610.78,-0.1,76.7537,11.2108,3.095,40.99,0.013028687867816146,0.08919970028900702,0.32310177705977383,0.02439619419370578,14.74,15.46,1.2941,0.20006786000000001,6.19,5.39,1.1484230055658629,-0.13838970177559906,0.6334,1.0983,26.3,35.37,788.75,363.01,0.5819749142669234,62.523500000000006,805.77654,31.9,0.7708333333333334,0.75,0.02083333333333337,0.7777777777777778,11,17,8,0,0,36,4.549570905131631,0.0,2026-06-30,False,0.30173614126501663,1.0,0.30173614126501663,0.88,0.4004894532849565,0.865751677852349,0.6179819486230039,0.5494284991656615,0.30173614126501663,0.4998900275855325,21,0.2733333333333333,0.88,0.2733333333333333,0.96,0.9466666666666667,0.8666666666666667,2026-09-03,v2,SPY Top 150,False
JPM,JPMorgan Chase & Co,Financials,356.22,0.36,14.8015,2.3228,2.89596,,0.0675607201972773,0.4305148958153952,0.3453086368596251,,17.810000000000002,,,,41.22809,38.1933,1.0794587008716188,-0.07645971259532333,3.3045,,108.9793,19.48,366.5,279.1,0.8823798627002292,18.8781,380.19714600000003,6.7,0.675,0.6666666666666666,0.008333333333333415,0.6,3,15,12,0,0,30,1.463788500270821,0.0,2026-06-30,True,0.7495578231292517,1.0,0.7495578231292517,0.52,0.456051724137931,0.4570738255033557,0.3817866234667901,0.5248877316443818,0.3817866234667901,0.49626751000886354,22,0.8333333333333334,0.52,0.44,0.4066666666666667,0.5666666666666667,0.86,2026-09-03,v2,SPY Top 150,False
AMZN,Amazon.com Inc,Cons Discretionary,254.98,0.02,21.1395,4.6479,3.6868,17.387,0.047304808533787455,0.21515092837625593,0.2712379299121189,0.05751423477310634,30.5,50.77,0.872,0.4427144,12.08,7.2,1.6777777777777778,-0.5174701664846593,0.2816,1.0331,15.77,89.71,287.2,196.0,0.6467105263157894,14.671899999999999,326.48496600000004,28.0,0.8006756756756757,0.8033333333333333,-0.002657657657657686,0.9324324324324325,20,49,5,0,0,74,0.6841049144849262,0.0,2026-06-30,False,0.6258669850919091,0.8940397350993378,0.5595499535589916,0.4533333333333333,0.5793301955070518,0.5796241610738255,0.35440407313121963,0.5281053235596449,0.35440407313121963,0.49336507347395986,23,0.62,0.4533333333333333,0.6733333333333333,0.6333333333333333,0.5066666666666667,0.8533333333333334,2026-09-03,v2,SPY Top 150,False
LRCX,Lam Research Corp,Technology,288.32,-0.65,56.166,41.2056,17.5644,47.0094,0.01780436563045259,0.02426854602287068,0.05693334244266813,0.021272341276425567,66.97,50.47,1.0607,0.53533529,35.29,31.37,1.1249601530124322,-0.1177476154845919,0.2995,2.6293,26.02,38.62,438.5,96.44,0.5609542185581476,199.35500000000002,373.541034,29.6,0.774390243902439,0.7682926829268293,0.0060975609756097615,0.8536585365853658,10,25,6,0,0,41,3.2502881658104763,0.0,2026-06-30,False,0.10617455492835433,1.0,0.10617455492835433,0.9666666666666667,0.7793021693378662,0.7228859060402684,0.5798750289284887,0.5885593917474421,0.10617455492835433,0.4920824243836246,24,0.06666666666666667,0.9666666666666667,0.98,0.84,0.9066666666666666,0.8466666666666667,2026-09-03,v2,SPY Top 150,False
MS,Morgan Stanley,Financials,211.82,0.37,17.0888,2.8248,2.6742,38.4848,0.05851785965076542,0.35400736335315774,0.373943609303717,0.02598428470461065,17.83,56.72,0.0853,0.04838216,20.3,20.12,1.0089463220675945,-0.00890654081620325,8.5222,0.354,13.96,38.56,232.25,146.29,0.7623313168915774,43.3141,245.933322,16.1,0.696969696969697,0.6875,0.009469696969697017,0.6060606060606061,8,12,12,0,1,33,2.5921168622841213,0.0,2026-06-30,True,0.6562295556520481,1.0,0.6562295556520481,0.78,0.31527136245464676,0.593006711409396,0.5382272622078222,0.5359742292624586,0.31527136245464676,0.4918336559008963,25,0.7266666666666667,0.78,0.12,0.6666666666666666,0.8533333333333334,0.84,2026-09-03,v2,SPY Top 150,False
EOG,EOG Resources Inc,Energy,148.96,0.41,10.843,2.1685,2.7643,5.641,0.09222539887485014,0.4611482591653217,0.361755236407047,0.17727353306151392,22.38,79.47,0.5085,0.40410494999999996,33.02,34.76,0.9499424626006906,-0.051353861905209186,0.2487,1.8514,18.67,24.77,153.67,101.59,0.9095622119815672,20.7768,161.221608,8.2,0.6597222222222222,0.6666666666666666,-0.00694444444444442,0.4722222222222222,6,11,19,0,0,36,0.586965717530179,0.0,2026-06-30,False,0.8870849616442322,1.0,0.8870849616442322,0.5266666666666666,0.6964142787761048,0.19489932885906042,0.2830502198565147,0.5647995894608455,0.19489932885906042,0.49081953734048855,26,0.9733333333333334,0.5266666666666666,0.88,0.1,0.36,0.8333333333333334,2026-09-03,v2,SPY Top 150,False
AMAT,Applied Materials Inc,Technology,438.46,-0.77,45.7972,13.4385,13.7628,48.311,0.021835396050413566,0.07441306693455371,0.07265963321417153,0.020699219639419595,39.78,49.4,0.7821,0.3863574,29.64,29.33,1.0105693828844187,-0.010513917438526452,0.27,2.5084,7.77,38.36,739.67,154.47,0.485287081339713,184.9622,648.610146,47.9,0.7833333333333333,0.7833333333333333,0.0,0.8666666666666667,12,27,6,0,0,45,0.9000104539017862,0.0,2026-09-30,False,0.1779193805181647,1.0,0.1779193805181647,0.9533333333333334,0.7880853688731442,0.691006711409396,0.3623513075676927,0.5687928275418508,0.1779193805181647,0.4906181381371136,27,0.11333333333333333,0.9533333333333334,0.9933333333333333,0.8,0.5266666666666666,0.8266666666666667,2026-09-03,v2,SPY Top 150,False
PM,Philip Morris International Inc,Cons Staples,187.94,0.42,27.007,1368.8571,6.9027,18.8698,0.03702743733106231,0.000730536445330926,0.14487084763932953,0.05299473232360703,575.44,67.51,0.6224,0.42018224,37.75,36.94,1.0219274499187874,-0.02169050092393995,186.0804,0.9798,8.93,31.96,207.76,142.11,0.6980959634424981,14.803500000000001,204.59925,8.9,0.7685185185185185,0.7596153846153846,0.008903133903133909,0.7407407407407407,9,11,7,0,0,27,2.0212465868594633,0.0,2026-06-30,False,0.33583224779273413,1.0,0.33583224779273413,0.47333333333333333,0.6985813835004618,0.5844228187919464,0.47133996760009256,0.5284513692300585,0.33583224779273413,0.48992754494259366,28,0.32666666666666666,0.47333333333333333,0.8866666666666667,0.6533333333333333,0.7333333333333333,0.82,2026-09-03,v2,SPY Top 150,False
GD,General Dynamics Corp,Industrials,364.07,-1.45,23.8002,3.8011,1.9466,16.6527,0.042016453643246694,0.2630817394964616,0.5137162231583273,0.060050322169978444,17.43,15.38,0.9376,0.14420288,10.32,10.36,0.9961389961389963,-0.003868476777920206,0.2802,1.4409,9.13,10.13,400.0,306.77,0.614609031427652,14.7419,426.03033600000003,17.0,0.7121212121212122,0.7045454545454546,0.007575757575757569,0.6666666666666666,7,15,10,1,0,33,0.9835280370829034,0.0,2026-06-30,False,0.6828947749312491,1.0,0.6828947749312491,0.46,0.5323992086392595,0.5684563758389262,0.3040499884286045,0.535742229756666,0.3040499884286045,0.4894037814910537,29,0.7666666666666667,0.46,0.58,0.6133333333333333,0.4066666666666667,0.8133333333333334,2026-09-03,v2,SPY Top 150,False
MSFT,Microsoft Corp,Technology,496.82,-0.84,27.6621,6.2636,11.1493,19.5551,0.03615054533097632,0.15965259595121015,0.08969172952562045,0.051137554908949584,33.22,67.94,0.4819,0.32740286,46.73,44.07,1.0603585205355117,-0.0586070778584392,0.2416,1.2303,17.79,31.56,553.72,349.2,0.7217876002346958,0.3759999999999999,582.19917,17.2,0.8152173913043478,0.8161764705882353,-0.0009590792838874984,0.927536231884058,23,41,5,0,0,69,4.113875052263524,0.0,2026-06-30,False,0.4214510059342886,1.0,0.4214510059342886,0.32,0.6653698397280234,0.528510067114094,0.5927424207359407,0.5315870799351892,0.32,0.48926966394815136,30,0.4,0.32,0.8133333333333334,0.5133333333333333,0.9133333333333333,0.8066666666666666,2026-09-03,v2,SPY Top 150,False
CRH,CRH PLC,Industrials,92.67,1.61,16.9563,2.9747,1.6846,9.9357,0.058975130187599895,0.3361683531112381,0.5936127270568681,0.10064716124681702,16.259999999999998,36.25,0.6616,0.23983,15.09,12.76,1.182601880877743,-0.16771699486311373,0.7691,1.5788,6.29,17.98,131.55,90.21,0.05950653120464458,-15.4743,141.93300000000002,53.2,0.8125,0.8055555555555556,0.00694444444444442,0.9285714285714286,9,17,2,0,0,28,1.17485306331291,0.0,2026-06-30,False,0.8410363294253872,1.0,0.8410363294253872,0.13333333333333333,0.4452304421525774,0.8335973154362416,0.3393566304096274,0.5747845059841459,0.13333333333333333,0.4864942714539834,31,0.92,0.13333333333333333,0.4,0.9266666666666666,0.4533333333333333,0.8,2026-09-03,v2,SPY Top 150,False
CSCO,Cisco Systems Inc,Technology,109.455,-0.26,37.4005,7.1349,7.3624,31.15,0.02673761045975321,0.1401561339332016,0.13582527436705422,0.03210272873194222,25.14,64.33,0.4936,0.31753287999999996,23.36,24.52,0.9526916802610114,-0.048463953107984396,0.6407,0.9246,9.21,22.99,130.3656,66.13,0.6744702314604363,62.6849,137.325966,25.5,0.7214285714285714,0.7196969696969697,0.0017316017316016952,0.6857142857142857,7,17,11,0,0,35,2.407220913859974,0.0,2026-09-30,False,0.3087335359675785,1.0,0.3087335359675785,0.8866666666666667,0.5769612033254291,0.5965100671140939,0.47689886600324,0.5297752549794947,0.3087335359675785,0.48556691117711154,32,0.29333333333333333,0.8866666666666667,0.6666666666666666,0.68,0.7533333333333333,0.7933333333333333,2026-09-03,v2,SPY Top 150,False
WMT,Walmart Inc,Cons Staples,106.09,0.16,40.6059,11.1482,1.2729,21.6472,0.02462696307679426,0.08970057946574335,0.7856076675308351,0.04619535089988543,23.919999999999998,24.98,2.5589,0.63921322,4.16,3.99,1.0426065162907268,-0.04172384337139977,0.6162,0.7714,5.87,21.78,135.16,97.5,0.22809346787041965,5.524100000000001,130.32081,22.8,0.78125,0.796875,-0.015625,0.875,12,30,6,0,0,48,1.8727998000694324,0.0,2026-09-30,False,0.48509335649153273,1.0,0.48509335649153273,0.37333333333333335,0.6791716233846623,0.4187785234899329,0.4330895626012497,0.5110772985597892,0.37333333333333335,0.48352850551449805,33,0.52,0.37333333333333335,0.8533333333333334,0.3333333333333333,0.68,0.7866666666666666,2026-09-03,v2,SPY Top 150,False
BLK,BlackRock Inc,Financials,1107.08,-1.86,29.225,2.7178,7.0399,19.5118,0.03421727972626176,0.3679446611229671,0.14204747226523104,0.05125103783351612,11.65,81.73,0.1609,0.13150357,32.57,35.1,0.9279202279202279,-0.07480951118367804,0.2212,2.3899,26.54,-3.67,1219.94,917.39,0.6269707486365886,4.889799999999999,1320.606138,19.3,0.7608695652173914,0.75,0.010869565217391353,0.8695652173913043,4,16,3,0,0,23,3.9992167555497815,0.0,2026-06-30,True,0.5143320306846143,1.0,0.5143320306846143,0.36666666666666664,0.43657519355483815,0.6995302013422819,0.49223790789169175,0.5099639588564819,0.36666666666666664,0.4813045004185189,34,0.5866666666666667,0.36666666666666664,0.36666666666666664,0.8066666666666666,0.8,0.78,2026-09-03,v2,SPY Top 150,False
JCI,Johnson Controls International PLC,Industrials,139.25,0.0,25.8308,6.6121,4.3808,26.8939,0.038713473837434384,0.15123788206469957,0.22826880934989044,0.03718315305701293,26.939999999999998,43.41,0.5516,0.23944955999999998,14.17,8.99,1.5761957730812013,-0.4550142052190601,0.7028,0.9998,5.08,70.9,157.06,104.03,0.6641523665849519,31.460400000000003,166.954824,19.9,0.7019230769230769,0.7019230769230769,0.0,0.6153846153846154,5,11,10,0,0,26,7.045665528882793,0.0,2026-06-30,False,0.4705203357938921,0.9516584333098095,0.4477746456020208,0.68,0.41072894704263435,0.4776510067114094,0.66294376301782,0.4981341113082504,0.41072894704263435,0.4806530784551273,35,0.44666666666666666,0.68,0.31333333333333335,0.4533333333333333,0.9933333333333333,0.7733333333333333,2026-09-03,v2,SPY Top 150,False
UPS,United Parcel Service Inc,Industrials,103.01,0.34,19.2392,6.0646,0.9777,10.3223,0.051977213189737616,0.16489133660917454,1.0228086325048584,0.09687763386067058,29.07,81.91,1.2509,1.0246121899999998,7.31,10.88,0.6718749999999999,-0.3976829676661096,1.625,1.179,-0.42,-20.08,122.41,82.0,0.5199208116802774,21.9467,118.57214400000001,15.1,0.6642857142857143,0.6590909090909091,0.0051948051948051965,0.5142857142857142,9,9,13,4,0,35,0.6073221974599818,0.0,2026-06-30,False,0.7762946880880012,1.0,0.7762946880880012,0.56,0.5846662238474798,0.4904295302013423,0.18847489007174267,0.5518306787272741,0.18847489007174267,0.4791595209961679,36,0.8533333333333334,0.56,0.6866666666666666,0.47333333333333333,0.16666666666666666,0.7666666666666667,2026-09-03,v2,SPY Top 150,False
FCX,Freeport-McMoRan Inc,Materials,73.93,2.01,33.299,4.4959,3.791,11.3971,0.03003093185981561,0.22242487599813165,0.2637826431020839,0.08774161848189452,15.260000000000002,27.06,0.443,0.1198758,26.76,29.35,0.9117546848381601,-0.09238431101407775,0.4668,2.0661,-24.23,53.11,80.24,35.15,0.8600576624528723,62.3768,75.06129,1.5,0.725,0.725,0.0,0.8,5,19,5,0,1,30,2.634569696508523,0.0,2026-06-30,False,0.5693421623968737,1.0,0.5693421623968737,0.8733333333333333,0.4338711396166043,0.3417986577181208,0.5553760703540846,0.51149635791427,0.3417986577181208,0.4775568178750402,37,0.6266666666666667,0.8733333333333333,0.35333333333333333,0.25333333333333335,0.88,0.76,2026-09-03,v2,SPY Top 150,False
LOW,Lowe's Companies Inc,Cons Discretionary,199.84,-0.1,18.2487,316.2831,1.3706,12.9034,0.05479842399732584,0.003161724417144008,0.7296074711805048,0.07749895376412419,264.53000000000003,33.29,1.6913,0.56303377,11.55,12.14,0.9514003294892917,-0.0498203486635496,52.2337,1.0931,6.24,-1.94,293.06,199.34,0.005335040546308152,-20.964799999999997,258.550212,29.4,0.7317073170731707,0.7317073170731707,0.0,0.6829268292682927,11,17,12,1,0,41,6.563798534130623,0.0,2026-09-30,False,0.6362737009697497,1.0,0.6362737009697497,0.07333333333333333,0.7217020303021646,0.5611543624161074,0.5251978708632261,0.5739229207791255,0.07333333333333333,0.4738050032899671,38,0.7,0.07333333333333333,0.9133333333333333,0.5866666666666667,0.8333333333333334,0.7533333333333333,2026-09-03,v2,SPY Top 150,False
GS,Goldman Sachs Group Inc,Financials,1004.42,0.19,14.5495,2.4257,2.26,51.913,0.06873088422282553,0.4122521334047904,0.4424778761061947,0.019262997707703275,16.939999999999998,41.8,0.0692,0.0289256,19.48,20.62,0.9447138700290979,-0.05687318037442489,11.0081,0.3193,6.67,41.66,1153.99,722.3,0.6535245199101206,39.5801,1198.3866779999998,19.3,0.6484375,0.640625,0.0078125,0.46875,6,9,16,0,1,32,6.8061131646013395,0.0,2026-06-30,True,0.6805348096685483,1.0,0.6805348096685483,0.7266666666666667,0.25647312135150324,0.5528859060402684,0.6430363341819023,0.5267749368245938,0.25647312135150324,0.4727145737299757,39,0.76,0.7266666666666667,0.05333333333333334,0.5733333333333334,0.98,0.7466666666666667,2026-09-03,v2,SPY Top 150,False
PNC,PNC Financial Services Group Inc,Financials,242.46,2.09,13.4254,1.5348,2.34179,,0.07448567640442744,0.6515506906437321,0.4270237724134103,,12.34,,,,34.5423,,,,0.7078,,72.26733,22.76,258.96,176.88,0.7989766081871348,17.0922,280.016826,15.5,0.75,0.7592592592592593,-0.0092592592592593,0.7037037037037037,8,11,8,0,0,27,1.8742588172348609,0.0,2026-06-30,True,0.8018027210884354,1.0,0.8018027210884354,0.5,0.42466666666666664,0.3246040268456376,0.4419625086785467,0.5090658619430184,0.3246040268456376,0.47217349492354227,40,0.88,0.5,0.34,0.23333333333333334,0.7066666666666667,0.74,2026-09-03,v2,SPY Top 150,False
PH,Parker-Hannifin Corp,Industrials,949.38,-0.28,36.518,8.0062,6.1965,28.2079,0.02738375595596692,0.12490320001998452,0.16138142499798272,0.035451061582039076,25.11,37.84,0.7006,0.26510704,21.65,19.62,1.103465851172273,-0.09845600031128168,0.5531,1.2623,8.31,5.03,1099.94,715.37,0.6084978027407233,29.901699999999998,1186.289172,25.0,0.7647058823529411,0.7647058823529411,0.0,0.7941176470588235,9,18,7,0,0,34,4.28790922676389,0.0,2026-06-30,False,0.3326183239253148,1.0,0.3326183239253148,0.6466666666666666,0.5462141578340904,0.580765100671141,0.5263503818560519,0.5067910724108584,0.3326183239253148,0.47195652271374977,41,0.30666666666666664,0.6466666666666666,0.6066666666666667,0.6466666666666666,0.8466666666666667,0.7333333333333333,2026-09-03,v2,SPY Top 150,False
WDC,Western Digital Corp,Technology,448.9,-0.34,16.6087,22.4549,12.1155,36.4215,0.06020940832214442,0.044533709791626776,0.0825388964549544,0.027456310146479413,117.8,48.85,0.8777,0.42875645,30.25,11.1,2.725225225225225,-1.002551076158562,0.1187,1.3288,35.7,363.83,799.87,83.34,0.5101810112626128,422.3429,663.796518,47.9,0.75,0.7586206896551724,-0.008620689655172376,0.7741935483870968,7,17,7,0,0,31,2.217411658221307,0.0,2026-06-30,False,0.37148140107106675,0.5504132231404959,0.20446827530027312,0.9866666666666667,0.685204858631165,0.48731543624161067,0.5482110622541079,0.5350399396675228,0.20446827530027312,0.4689256067940729,42,0.15333333333333332,0.9866666666666667,0.8666666666666667,0.46,0.8666666666666667,0.7266666666666667,2026-09-03,v2,SPY Top 150,False
STX,Seagate Technology Holdings PLC,Technology,808.54,-0.99,65.5853,84.8655,17.1237,49.9371,0.01524731914011219,0.01178335130294407,0.05839859376186222,0.020025191691147463,212.44,45.58,1.3545,0.6173811,32.33,15.81,2.044908285895003,-0.7153529405159611,1.6451,1.6697,34.06,104.53,1145.0,170.01,0.654909281120832,360.959,1111.99431,37.5,0.775,0.7666666666666667,0.008333333333333304,0.8666666666666667,7,19,4,0,0,30,3.784277326409649,0.0,2026-06-30,False,0.0809668548270372,0.7335292298175069,0.059391554662022485,0.98,0.6595584664171643,0.7921073825503355,0.6337097894006017,0.5641933735108123,0.059391554662022485,0.46323300974105436,43,0.013333333333333334,0.98,0.7933333333333333,0.9066666666666666,0.96,0.72,2026-09-03,v2,SPY Top 150,False
HCA,HCA Healthcare Inc,Healthcare,402.06,-2.79,12.9371,256.9178,1.1343,8.7124,0.07729707585162054,0.0038922955124168117,0.8816009873931058,0.11477893576970753,695.73,85.26,1.2728,1.08518928,15.48,15.39,1.0058479532163742,-0.005830920310793144,125.7976,0.993,7.31,25.46,556.52,353.99,0.23734755344887176,1.6279000000000001,462.27726,15.0,0.6833333333333333,0.7,-0.016666666666666607,0.5666666666666667,6,11,12,1,0,30,0.14601096312744102,0.0,2026-06-30,False,0.7089889998552613,1.0,0.7089889998552613,0.34,0.7807231665857213,0.21661744966442953,0.2354732700763712,0.5241086803838733,0.21661744966442953,0.46261043423998455,44,0.7933333333333333,0.34,0.9866666666666667,0.11333333333333333,0.28,0.7133333333333334,2026-09-03,v2,SPY Top 150,False
GEV,GE Vernova Inc,Industrials,921.94,2.61,29.3342,26.4036,6.7563,38.1368,0.034089901889262364,0.03787362329379327,0.1480100054763702,0.02622139246082524,83.39,20.32,0.6043,0.12279375999999999,15.44,-1.22,,,0.2337,0.8496,12.98,744.44,1195.94,530.16,0.5884526420138785,57.1652,1240.2732839999999,34.5,0.7738095238095238,0.7559523809523809,0.017857142857142905,0.8333333333333334,11,24,7,0,0,42,-1.3249709086065011,0.0,2026-06-30,False,0.28315819944999276,1.0,0.28315819944999276,0.8666666666666667,0.49527533830433584,0.8767114093959733,0.2335570469798658,0.5164146569466401,0.2335570469798658,0.4598431349532853,45,0.25333333333333335,0.8666666666666667,0.5066666666666667,0.98,0.2733333333333333,0.7066666666666667,2026-09-03,v2,SPY Top 150,False
CVS,CVS Health Corp,Healthcare,97.23,-0.38,25.0432,1.6561,0.295,19.6719,0.03993099923332482,0.6038282712396594,3.3898305084745766,0.05083393063201826,6.41,14.15,1.6348,0.23132420000000004,2.11,2.88,0.7326388888888888,-0.3111023466598795,0.7705,0.8656,7.36,5.27,110.68,69.51,0.6733058051979596,29.075200000000002,114.783456,18.1,0.7727272727272727,0.7727272727272727,0.0,0.8484848484848485,8,20,5,0,0,33,2.4974326388402797,0.0,2026-06-30,False,0.7362331741207121,1.0,0.7362331741207121,0.6266666666666667,0.28366080050281406,0.5341744966442953,0.43376996065725526,0.5037235937751363,0.28366080050281406,0.4597110351206719,46,0.82,0.6266666666666667,0.09333333333333334,0.54,0.6933333333333334,0.7,2026-09-03,v2,SPY Top 150,False
T,AT&T Inc,Comm Services,25.95,-0.19,7.7478,1.3023,1.3127,6.3813,0.12906889697720644,0.7678722260615833,0.7617886798202179,0.1567078808393274,19.54,59.72,0.3006,0.17951831999999998,20.12,13.9,1.4474820143884892,-0.36982550509489237,1.3034,0.971,2.63,72.22,29.79,19.89,0.6121212121212121,-10.8722,29.002476,11.8,0.7,0.7,0.0,0.5714285714285714,9,11,14,1,0,35,3.2129308745768217,0.0,2026-06-30,False,0.9754964539007092,1.0,0.9754964539007092,0.18666666666666668,0.32775072136674,0.3896241610738255,0.5938532747049294,0.5278688199723705,0.18666666666666668,0.45962838931122973,47,0.9933333333333333,0.18666666666666668,0.15333333333333332,0.31333333333333335,0.92,0.6933333333333334,2026-09-03,v2,SPY Top 150,False
KLAC,KLA Corp,Technology,172.26,0.8,56.5539,62.0673,20.1185,45.7336,0.017682246494052575,0.016111543437526684,0.049705494942465886,0.021865761715675124,85.38,61.57,0.8004,0.49280628000000004,41.77,38.55,1.0835278858625164,-0.08022227849974561,0.9272,2.8762,11.71,20.63,307.3743,83.22,0.3972263748676692,105.9419,234.468624,36.1,0.7428571428571429,0.7357142857142858,0.0071428571428571175,0.6857142857142857,10,14,11,0,0,35,1.4749887460556024,0.0,2026-06-30,False,0.0988855116514691,1.0,0.0988855116514691,0.9333333333333333,0.7571640002285518,0.7183087248322146,0.39065956954408704,0.5474645917128221,0.0988855116514691,0.45774877570055156,48,0.03333333333333333,0.9333333333333333,0.96,0.8333333333333334,0.5933333333333334,0.6866666666666666,2026-09-03,v2,SPY Top 150,False
WFC,Wells Fargo & Co,Financials,89.27,2.56,11.894,1.389,1.90599,,0.08407600470825627,0.7199424046076314,0.5246617243532232,,12.55,,,,25.34514,25.21255,1.0052588889263483,-0.005245109259358108,2.5479,,72.74767,16.88,97.76,72.78,0.6601281024819853,7.546899999999999,102.255,14.5,0.7166666666666667,0.7413793103448276,-0.02471264367816095,0.6666666666666666,6,14,10,0,0,30,2.6848089464264913,0.0,2026-06-30,True,0.8427551020408163,1.0,0.8427551020408163,0.3933333333333333,0.4694827586206896,0.2240268456375839,0.48424901643138163,0.5083096580219683,0.2240268456375839,0.4514530955450914,49,0.9266666666666666,0.3933333333333333,0.47333333333333333,0.12666666666666668,0.78,0.68,2026-09-03,v2,SPY Top 150,False
ADI,Analog Devices Inc,Technology,355.71,0.34,56.8214,5.7444,14.7779,39.7789,0.01759900319245918,0.1740825847782188,0.06766861326710831,0.0251389555769516,9.790000000000001,64.49,0.2652,0.17102747999999998,32.5,25.34,1.282557221783741,-0.24885591444269878,0.2574,1.7523,29.75,83.19,445.91,223.47,0.5944973925552957,47.2305,477.556146,34.3,0.8076923076923077,0.7894736842105263,0.018218623481781382,0.8974358974358975,13,22,4,0,0,39,1.5955163581443985,0.0,2026-09-30,False,0.2339368939064988,1.0,0.2339368939064988,0.8266666666666667,0.3589608319286918,0.9217181208053692,0.4758065262670678,0.5045537428230329,0.2339368939064988,0.4504303730397261,50,0.2,0.8266666666666667,0.2,1.0,0.7466666666666667,0.6733333333333333,2026-09-03,v2,SPY Top 150,False
ETN,Eaton Corporation PLC,Industrials,390.85,0.04,46.2694,8.1694,5.9037,30.612,0.02161255603055151,0.12240801038019929,0.16938530074360147,0.03266692800209069,19.59,35.9,0.6217,0.2231903,17.53,17.02,1.0299647473560518,-0.02952457578791516,1.0176,1.2404,-15.08,-1.14,478.0,311.92,0.4752528901734105,16.6984,483.330264,23.7,0.7727272727272727,0.7651515151515151,0.007575757575757569,0.8181818181818182,9,18,6,0,0,33,2.705803827377525,0.0,2026-06-30,False,0.30474381241858445,1.0,0.30474381241858445,0.49333333333333335,0.5112232189621841,0.7016241610738255,0.4407081694052303,0.4853173097521843,0.30474381241858445,0.4492026102854643,51,0.2866666666666667,0.49333333333333335,0.5333333333333333,0.8133333333333334,0.7,0.6666666666666666,2026-09-03,v2,SPY Top 150,False
NOC,Northrop Grumman Corp,Industrials,523.82,-1.71,18.2552,4.0449,1.9135,15.5112,0.05477891230991718,0.24722490049197754,0.5226025607525477,0.06446954458713704,26.58,20.06,0.8517,0.17085102,10.72,10.68,1.00374531835206,-0.003738322110607158,0.8494,1.1682,5.9,15.95,774.0,479.02,0.1518747033697202,-6.900799999999999,662.651058,26.5,0.6964285714285714,0.7053571428571429,-0.008928571428571508,0.6071428571428571,5,12,11,0,0,28,1.6843868957220978,0.0,2026-06-30,False,0.7598002605297438,1.0,0.7598002605297438,0.23333333333333334,0.5158166300031426,0.37095302013422815,0.40233279333487615,0.5025689104937892,0.23333333333333334,0.448721795061698,52,0.8466666666666667,0.23333333333333334,0.54,0.28,0.6,0.66,2026-09-03,v2,SPY Top 150,False
TXN,Texas Instruments Inc,Technology,254.8,0.58,41.6877,15.0648,12.9694,28.0168,0.023987890912667287,0.0663799054750146,0.07710456921677178,0.03569286999229034,35.77,58.33,0.5563,0.32448978999999994,37.29,42.06,0.8865905848787445,-0.12037197608382441,0.7804,4.8573,16.66,20.26,334.03,152.73,0.5629895201323775,32.5145,315.719376,23.9,0.6395348837209303,0.625,0.014534883720930258,0.4883720930232558,7,14,19,2,1,43,1.6630994233063483,0.0,2026-06-30,False,0.22025112172528585,1.0,0.22025112172528585,0.6866666666666666,0.6183474654553419,0.671731543624161,0.4113908817403379,0.5052886277204737,0.22025112172528585,0.44828112652143615,53,0.16666666666666666,0.6866666666666666,0.74,0.7733333333333333,0.6333333333333333,0.6533333333333333,2026-09-03,v2,SPY Top 150,False
CAT,Caterpillar Inc,Industrials,792.28,1.68,36.3041,25.2892,5.2681,27.9306,0.027545098212047675,0.0395425715325119,0.18982175736982976,0.03580302607176359,54.2,34.67,0.7655,0.26539885,17.52,16.56,1.0579710144927537,-0.05635293655113178,2.3277,1.3684,18.36,18.21,1073.46,411.37,0.5753145342778171,91.5065,977.2591440000001,23.3,0.6764705882352942,0.6911764705882353,-0.014705882352941124,0.5294117647058824,7,11,15,1,0,34,4.974415552729205,0.0,2026-06-30,False,0.28891445940078164,1.0,0.28891445940078164,0.92,0.5758814292108296,0.30601342281879196,0.5756352696135154,0.48454101861923,0.28891445940078164,0.4454157067755404,54,0.26,0.92,0.66,0.19333333333333333,0.9,0.6466666666666666,2026-09-03,v2,SPY Top 150,False
ICE,Intercontinental Exchange Inc,Financials,157.85,-1.1,21.1531,2.3559,6.362,14.8511,0.04727439476956097,0.42446623371110825,0.15718327569946558,0.06733507955639649,13.850000000000001,78.64,0.0851,0.06692263999999999,40.72,40.75,0.9992638036809816,-0.0007364674446044524,0.6716,1.0123,6.95,35.87,176.59,121.79,0.6580291970802918,-8.0935,188.367786,19.3,0.7875,0.7857142857142857,0.0017857142857142794,0.9,5,13,2,0,0,20,1.2753151666399876,0.0,2026-06-30,False,0.661946736141265,1.0,0.661946736141265,0.22,0.40067191383595696,0.644496644295302,0.41130756769266374,0.4982837221990633,0.22,0.44262697775925064,55,0.7333333333333333,0.22,0.28,0.7333333333333333,0.6266666666666667,0.64,2026-09-03,v2,SPY Top 150,False
CMI,Cummins Inc,Industrials,550.9,-0.05,32.2693,7.6606,2.5242,21.5502,0.030989206459390194,0.13053807795734015,0.39616512162269235,0.046403281640077586,21.89,25.66,1.0082,0.25870412,11.22,10.75,1.0437209302325583,-0.0427921455208786,0.599,1.7272,2.93,-7.98,737.76,389.52,0.463416034918447,42.881,767.649348,39.3,0.7142857142857143,0.7053571428571429,0.008928571428571397,0.6785714285714286,5,14,9,0,0,28,-0.8749581576565397,0.0,2026-06-30,False,0.4969539730785931,1.0,0.4969539730785931,0.7733333333333333,0.5747004875772553,0.7370335570469799,0.07732469335801898,0.5329873882892571,0.07732469335801898,0.4418548493030095,56,0.56,0.7733333333333333,0.6533333333333333,0.8666666666666667,0.04,0.6333333333333333,2026-09-03,v2,SPY Top 150,False
CSX,CSX Corp,Industrials,48.65,-0.1,29.0401,6.2716,6.4496,16.8613,0.03443514312967242,0.15944894444798774,0.15504837509302902,0.05930740808834432,24.07,71.47,0.33,0.235851,34.15,38.18,0.894447354635935,-0.11154923228080248,1.3396,0.8204,2.52,6.36,53.6,31.8,0.7729357798165136,54.3949,53.9733,10.9,0.725,0.7142857142857143,0.010714285714285676,0.7,7,14,8,1,0,30,0.7421500915534914,0.0,2026-06-30,True,0.4883232016210739,1.0,0.4883232016210739,0.8533333333333334,0.4267614109266825,0.5792617449664429,0.24860911825966212,0.4885862737488445,0.24860911825966212,0.440590842651008,57,0.5333333333333333,0.8533333333333334,0.3466666666666667,0.6266666666666667,0.32,0.6266666666666667,2026-09-03,v2,SPY Top 150,False
GLW,Corning Inc,Technology,144.13,-0.98,75.0496,17.5026,8.4057,55.046,0.013324521383191916,0.05713436860809251,0.11896689151409164,0.018166624277876686,15.93,36.38,0.5424,0.19732512,15.31,11.09,1.3805229936880072,-0.32246240830731676,0.6707,1.8132,19.41,131.21,271.78,66.4,0.378469179082676,110.95270000000001,199.614,38.5,0.7738095238095238,0.75,0.023809523809523836,0.7619047619047619,7,9,5,0,0,21,1.6470158235621497,0.0,2026-06-30,False,0.15546316398899984,1.0,0.15546316398899984,0.9466666666666667,0.4015264501137998,0.9135570469798658,0.49571395510298544,0.5110588953594776,0.15546316398899984,0.439939749085382,58,0.09333333333333334,0.9466666666666667,0.2866666666666667,0.9933333333333333,0.8066666666666666,0.62,2026-09-03,v2,SPY Top 150,False
NEE,Nextera Energy Inc,Utilities,83.1,0.2,19.2424,3.2044,6.2345,18.5899,0.0519685694092213,0.31207090250905006,0.16039778651054618,0.05379265084804114,16.82,,0.1318,,29.82,26.67,1.1181102362204725,-0.11163997114266946,1.929,0.5338,10.82,55.3,98.75,69.24,0.46967129786513034,15.089799999999999,99.58362,19.8,0.7232142857142857,0.7241379310344828,-0.000923645320197064,0.6428571428571429,8,10,9,1,0,28,0.7237897215676752,0.0,2026-06-30,False,0.6180127370096975,1.0,0.6180127370096975,0.48,0.3982208191678808,0.4414295302013423,0.3487016894237445,0.46256058945661876,0.3487016894237445,0.43978880945004395,59,0.6733333333333333,0.48,0.26,0.36,0.48,0.6133333333333333,2026-09-03,v2,SPY Top 150,False
REGN,Regeneron Pharmaceuticals Inc,Healthcare,852.03,3.42,18.9796,2.0614,5.2886,18.8503,0.052688149381441125,0.4851072086931212,0.18908595847672352,0.05304955358800655,13.81,85.97,0.3805,0.32711585,24.74,35.7,0.6929971988795517,-0.36672932182125173,0.0854,3.3353,9.29,1.88,854.4865,541.0,0.9921639368840445,44.496300000000005,852.181134,0.0,0.7236842105263158,0.7368421052631579,-0.013157894736842035,0.6842105263157895,8,18,12,0,0,38,2.530298006330677,0.0,2026-06-30,False,0.6709241568968013,1.0,0.6709241568968013,0.8,0.5368158919711644,0.1686778523489933,0.4288498032862763,0.5068388477782897,0.1686778523489933,0.4392066486924304,60,0.7533333333333333,0.8,0.5933333333333334,0.08,0.6666666666666666,0.6066666666666667,2026-09-03,v2,SPY Top 150,False
ANET,Arista Networks Inc,Technology,186.1,-1.67,63.4947,14.4559,24.3635,54.8583,0.015749346008407,0.06917590741496552,0.04104500584891334,0.01822878215329312,30.78,63.0,0.5088,0.320544,43.14,37.92,1.1376582278481013,-0.12897196357418933,0.0,2.9572,32.57,24.69,214.89,114.52,0.7131613031782406,40.3643,242.832522,30.5,0.8,0.8014705882352942,-0.0014705882352941124,0.9428571428571428,9,24,2,0,0,35,7.291434652164328,0.0,2026-06-30,False,0.12708568533796497,1.0,0.12708568533796497,0.7333333333333333,0.6646538915711987,0.5983489932885906,0.6125063642675307,0.5160466754370319,0.12708568533796497,0.43825447741721846,61,0.07333333333333333,0.7333333333333333,0.8066666666666666,0.6866666666666666,0.9333333333333333,0.6,2026-09-03,v2,SPY Top 150,False
NEM,Newmont Corporation,Materials,125.16,2.06,13.9638,2.8292,4.6589,7.4395,0.07161374410976955,0.35345680757811393,0.21464294146686985,0.1344176355937899,25.05,68.94,0.4538,0.31284972,50.97,14.04,3.6303418803418803,-1.2893268257542854,0.1588,2.5461,25.18,42.23,135.29,73.44,0.8362166531932095,66.6646,136.25160000000002,8.9,0.7890625,0.7903225806451613,-0.0012600806451612545,0.84375,10,17,5,0,0,32,0.4196666916223682,0.0,2026-06-30,False,0.7837139962367925,0.5,0.39185699811839625,0.8933333333333333,0.5275570046376977,0.42066442953020133,0.29206665123813935,0.4735075678460029,0.29206665123813935,0.4372193845244302,62,0.36666666666666664,0.8933333333333333,0.56,0.34,0.37333333333333335,0.5933333333333334,2026-09-03,v2,SPY Top 150,False
ACN,Accenture PLC,Technology,187.68,-0.22,14.2589,3.7846,1.5195,8.0936,0.07013163708280443,0.2642287163768958,0.6581112207963146,0.12355441336364534,24.89,32.01,1.0994,0.35191794,14.49,14.67,0.9877300613496933,-0.012345835822299266,0.1612,1.3392,6.74,-0.37,291.09,118.15,0.40204695270035856,-25.696,198.86123999999998,6.0,0.6953125,0.6953125,0.0,0.59375,6,13,13,0,0,32,0.7184978836946156,0.0,2026-06-30,True,0.8534621508177739,1.0,0.8534621508177739,0.05333333333333334,0.7136954261063337,0.3269127516778524,0.22534598472575793,0.5319919469141111,0.05333333333333334,0.43626022419795557,63,0.9333333333333333,0.05333333333333334,0.9,0.24,0.25333333333333335,0.5866666666666667,2026-09-03,v2,SPY Top 150,False
SHW,Sherwin-Williams Co,Materials,331.25,0.39,32.4412,22.0307,3.5726,25.5986,0.03082500030825,0.04539120409247096,0.2799081901136427,0.039064636347300244,62.12,48.98,0.9261,0.45360377999999996,14.29,13.15,1.0866920152091253,-0.08313823331800231,3.1318,0.727,5.76,7.65,377.77,289.86,0.4708224320327608,-6.522799999999999,400.062564,20.8,0.6796875,0.675,0.004687499999999956,0.5625,5,13,14,0,0,32,3.1691329705456672,0.0,2026-06-30,False,0.37154436242582134,1.0,0.37154436242582134,0.24,0.613540287023017,0.5547986577181208,0.48704929414487386,0.4849653023787156,0.24,0.4359722419029725,64,0.35333333333333333,0.24,0.7266666666666667,0.58,0.7866666666666666,0.58,2026-09-03,v2,SPY Top 150,False
MCK,McKesson Corp,Healthcare,924.78,1.99,21.895,4.0599,0.2446,15.5529,0.04567252797442339,0.24631148550456908,4.088307440719542,0.06429669064933229,39.43,3.64,4.8493,0.17651452000000004,1.58,1.26,1.253968253968254,-0.22631312607548879,1.2917,0.8931,8.84,49.07,999.0,682.35,0.7656087162482235,29.406000000000002,1001.9970000000001,8.3,0.78125,0.8152173913043478,-0.03396739130434778,0.7916666666666666,8,11,5,0,0,24,1.2166907739266106,0.0,2026-06-30,False,0.7501505282964249,1.0,0.7501505282964249,0.6333333333333333,0.40244078602786426,0.24522147651006712,0.41365424670215234,0.48269563352313516,0.24522147651006712,0.4352008021205216,65,0.84,0.6333333333333333,0.29333333333333333,0.14,0.64,0.5733333333333334,2026-09-03,v2,SPY Top 150,False
VRT,Vertiv Holdings Co,Technology,256.7,0.29,58.8626,27.032,8.881,43.026,0.016988716094769853,0.03699319325244155,0.11259993244004053,0.023241760795797886,42.11,38.04,0.8775,0.333801,18.41,8.12,2.267241379310345,-0.8185638410714001,0.6179,1.3786,26.23,111.16,379.935,118.7,0.5282599957892319,105.1761,337.638258,31.5,0.7916666666666666,0.7794117647058824,0.01225490196078427,0.8888888888888888,10,22,4,0,0,36,1.1606471166956316,0.0,2026-06-30,False,0.15955565204805328,0.6615969581749048,0.10556153405460557,0.9266666666666666,0.5499572560447199,0.8433020134228189,0.4284147188150891,0.5169668375005612,0.10556153405460557,0.4346857768113701,66,0.06,0.9266666666666666,0.6133333333333333,0.9333333333333333,0.66,0.5666666666666667,2026-09-03,v2,SPY Top 150,False
ISRG,Intuitive Surgical Inc,Healthcare,371.88,0.71,45.1637,7.7521,12.8471,38.5189,0.02214167572630232,0.12899730395634731,0.0778385783562049,0.02596128134500206,17.810000000000002,66.68,0.5463,0.36427284000000004,31.28,27.89,1.1215489422732163,-0.11471071403771285,0.0,4.9627,20.66,21.76,603.88,328.57,0.15731357378954633,-14.3865,490.3854,31.9,0.75625,0.7375,0.018749999999999933,0.725,13,16,10,1,0,40,2.196718857664023,0.0,2026-06-30,False,0.23001519756838906,1.0,0.23001519756838906,0.14666666666666667,0.6601142330657371,0.8321946308724832,0.4552001851423282,0.5049236899243309,0.14666666666666667,0.43327228527279804,67,0.19333333333333333,0.14666666666666667,0.8,0.92,0.7133333333333334,0.56,2026-09-03,v2,SPY Top 150,False
CMCSA,Comcast Corp,Comm Services,26.81,1.94,8.2085,0.977,0.736,5.1249,0.12182493756471949,1.0235414534288638,1.358695652173913,0.19512575855138636,12.04,69.39,0.4699,0.32606360999999995,14.66,16.83,0.87106357694593,-0.13804031174420914,1.0069,0.7958,0.58,-49.0,32.86,21.28,0.47754749568221055,-16.2993,32.014842,19.4,0.6125,0.6125,0.0,0.4,5,11,21,3,0,40,1.574690361946826,0.0,2026-06-30,False,0.9946258503401362,1.0,0.9946258503401362,0.11333333333333333,0.4084709453475417,0.41527516778523493,0.3069335801897709,0.5116261501081425,0.11333333333333333,0.4319675867531807,68,1.0,0.11333333333333333,0.30666666666666664,0.32666666666666666,0.42,0.5533333333333333,2026-09-03,v2,SPY Top 150,False
TJX,TJX Companies Inc,Cons Discretionary,131.31,-1.47,28.9551,16.4379,2.7223,18.6689,0.034536230232325216,0.0608350215051801,0.3673364434485545,0.05356501989940489,59.660000000000004,31.35,1.7596,0.5516346,12.26,10.47,1.1709646609360076,-0.15782790562561982,0.2759,1.1389,8.06,21.32,170.0,131.18,0.003348789283874175,-3.9090999999999996,173.91,32.4,0.7592592592592593,0.8076923076923077,-0.04843304843304841,0.7777777777777778,8,13,5,1,0,27,0.41155072386631114,0.0,2026-09-30,False,0.4905058619192358,1.0,0.4905058619192358,0.2733333333333333,0.7258854955289546,0.3895436241610738,0.23096505438555892,0.4802789304618773,0.23096505438555892,0.4304161552466137,69,0.54,0.2733333333333333,0.92,0.30666666666666664,0.26666666666666666,0.5466666666666666,2026-09-03,v2,SPY Top 150,False
CB,Chubb Limited,Financials,339.42,0.2,11.8429,1.7534,2.1433,8.8394,0.08443877766425453,0.5703205201323144,0.4665702421499557,0.11312985044233773,15.18,,0.2249,,23.26,19.24,1.2089397089397091,-0.1897437018529581,0.2425,0.162,8.02,24.7,365.91,265.3,0.7367060928337142,21.7548,361.746978,6.6,0.6642857142857143,0.6714285714285714,-0.0071428571428571175,0.5142857142857142,8,10,15,1,1,35,0.8488979884416739,0.0,2026-06-30,False,0.8946895353886235,1.0,0.8946895353886235,0.5466666666666666,0.43887971507204143,0.1735302013422819,0.32193936588752603,0.4929999101870203,0.1735302013422819,0.4291059684180726,70,0.98,0.5466666666666666,0.37333333333333335,0.08666666666666667,0.44,0.54,2026-09-03,v2,SPY Top 150,False
AXP,American Express Co,Financials,329.98,1.79,20.102,6.7327,2.8324,24.1229,0.04974629390110437,0.14852882201791257,0.35305747775737895,0.04145438566673161,34.12,60.62,0.2675,0.1621585,18.18,18.88,0.9629237288135594,-0.03778107196802181,6.3017,0.2566,9.48,15.53,387.49,290.97,0.4041649399088272,1.9944000000000002,383.44543799999997,16.2,0.6554054054054054,0.6458333333333334,0.009572072072072002,0.5405405405405406,5,15,16,0,1,37,0.8756622349151112,0.0,2026-06-30,False,0.5890143291359097,1.0,0.5890143291359097,0.3466666666666667,0.40021274366959025,0.5678187919463087,0.2969266373524647,0.46008682604365264,0.2969266373524647,0.4274547883054151,71,0.6466666666666666,0.3466666666666667,0.26666666666666666,0.6066666666666667,0.3933333333333333,0.5333333333333333,2026-09-03,v2,SPY Top 150,False
WMB,Williams Companies Inc,Energy,75.16,-0.09,29.3313,6.8929,7.3857,17.2637,0.034093272374562326,0.14507681817522378,0.1353967802645653,0.057925010281689324,23.86,82.37,0.2082,0.17149434000000002,38.18,33.0,1.156969696969697,-0.14580425683112133,2.3346,0.4771,8.72,26.31,80.08,56.09,0.79491454772822,30.0457,86.63931,15.3,0.7592592592592593,0.7586206896551724,0.0006385696040869249,0.8148148148148148,7,15,4,1,0,27,2.479330067855023,0.0,2026-06-30,False,0.4452344767694312,1.0,0.4452344767694312,0.6533333333333333,0.3157548638688112,0.5387114093959732,0.49800046285582045,0.4538107629939022,0.3157548638688112,0.42619958316888407,72,0.43333333333333335,0.6533333333333333,0.12666666666666668,0.5533333333333333,0.8133333333333334,0.5266666666666666,2026-09-03,v2,SPY Top 150,False
LLY,Eli Lilly and Co,Healthcare,1160.08,0.01,43.1715,33.3408,14.475,33.559,0.023163429577383227,0.02999328150494289,0.0690846286701209,0.02979826574093388,92.58,83.4,0.6553,0.5465202,42.22,26.78,1.5765496639283045,-0.455238702157148,1.6207,1.3546,49.58,94.62,1292.65,712.05,0.7716672407853942,56.939,1322.743446,14.0,0.7631578947368421,0.7631578947368421,0.0,0.7894736842105263,11,19,7,1,0,38,3.587324693569875,0.0,2026-06-30,False,0.15081487914314662,0.9514448128848888,0.14349203446660824,0.86,0.6293127684293728,0.47005369127516783,0.610816940523027,0.4963001184789515,0.14349203446660824,0.42573850167648286,73,0.08,0.86,0.76,0.43333333333333335,0.9266666666666666,0.52,2026-09-03,v2,SPY Top 150,False
CRM,Salesforce Inc,Technology,256.93,-0.46,19.8896,4.2182,3.7258,20.5384,0.05027753197651033,0.23706794367265657,0.2683987331579795,0.048689284462275544,14.95,77.64,0.4161,0.32306004,19.07,10.6,1.799056603773585,-0.5872624184943063,1.1474,0.7859,10.98,35.08,269.11,146.32,0.900806254580992,0.42410000000000003,277.006908,7.8,0.7330508474576272,0.7327586206896551,0.00029222676797202585,0.7457627118644068,14,30,13,1,1,59,8.494069412172767,0.0,2026-09-30,False,0.616661600810537,0.8337703198741478,0.5141541401619055,0.32666666666666666,0.35577510499100073,0.4281543624161074,0.6393103448275862,0.44946515741180265,0.32666666666666666,0.4249054592627755,74,0.58,0.32666666666666666,0.19333333333333333,0.35333333333333333,0.9733333333333334,0.5133333333333333,2026-09-03,v2,SPY Top 150,False
BKNG,Booking Holdings Inc,Comm Services,199.6,2.0,22.1245,91.9014,5.6477,16.4852,0.04519876155393342,0.01088122705421245,0.1770632292791756,0.06066047121054037,139.63,98.09,0.9787,0.96000683,32.87,28.47,1.1545486476993325,-0.14370948638618175,11.2905,1.0943,12.85,57.21,226.1,150.14,0.6511321748288573,-10.877699999999999,242.443494,21.5,0.776595744680851,0.7771739130434783,-0.0005781683626272516,0.8297872340425532,13,26,8,0,0,47,0.42937627612718865,0.0,2026-06-30,False,0.4511398176291793,1.0,0.4511398176291793,0.18,0.6750168033216201,0.5329261744966443,0.3064568386947466,0.48584375610732167,0.18,0.42467500488585735,75,0.4533333333333333,0.18,0.84,0.5333333333333333,0.41333333333333333,0.5066666666666667,2026-09-03,v2,SPY Top 150,False
JNJ,Johnson & Johnson,Healthcare,275.21,1.48,29.9333,7.3236,6.4302,20.3587,0.033407609585311346,0.13654486864383636,0.15551615812882957,0.049119049841099875,25.740000000000002,68.05,0.4934,0.3357587,25.73,23.93,1.075219389887171,-0.07252472437337085,0.5771,1.0889,8.06,-7.75,281.07,173.33,0.9456098013736772,51.0916,274.55931599999997,-0.2,0.7338709677419355,0.7258064516129032,0.008064516129032251,0.7096774193548387,7,15,9,0,0,31,0.35772413699001365,0.0,2026-06-30,True,0.43086915617310756,1.0,0.43086915617310756,0.84,0.607573531792513,0.46703355704697985,0.15588521175653786,0.4907788417539075,0.15588521175653786,0.4238001157544336,76,0.41333333333333333,0.84,0.7,0.42,0.12,0.5,2026-09-03,v2,SPY Top 150,False
GILD,"Gilead Sciences, Inc",Healthcare,149.61,-0.21,,13.2617,5.5775,17.6573,,0.07540511397482978,0.17929179740026896,0.05663380018462619,-16.3,79.6,0.5458,0.4344567999999999,-8.2,26.21,-0.3128576879053796,,2.219,1.2654,5.52,,157.29,108.46,0.8427196395658411,30.1754,160.94886,7.6,0.7635135135135135,0.7702702702702703,-0.006756756756756799,0.8108108108108109,9,21,7,0,0,37,4.0254626656897345,0.0,2026-06-30,False,0.464822695035461,1.0,0.464822695035461,0.66,0.4363754487710577,0.29126174496644297,0.5597315436241611,0.4553303889270954,0.29126174496644297,0.4225166601349649,77,0.48,0.66,0.36,0.17333333333333334,0.8866666666666667,0.49333333333333335,2026-09-03,v2,SPY Top 150,False
AMGN,Amgen Inc,Healthcare,442.84,1.08,25.8375,16.7214,5.9299,17.8204,0.038703434929850025,0.05980360496130707,0.16863690787365723,0.056115463177033066,89.32,74.3,0.4131,0.3069333,30.32,28.53,1.0627409744128986,-0.06085139554876219,4.9028,1.3709,9.1,31.72,447.03,269.77,0.9763624055060364,50.7808,397.709526,-10.2,0.627906976744186,0.6337209302325582,-0.005813953488372103,0.46511627906976744,6,14,20,2,1,43,3.6317970306339107,0.0,2026-06-30,False,0.43213200173686495,1.0,0.43213200173686495,0.8333333333333334,0.608330076469636,0.14963758389261747,0.5672760934968757,0.4888842875114952,0.14963758389261747,0.4210349467877197,78,0.42,0.8333333333333334,0.7133333333333334,0.05333333333333334,0.8933333333333333,0.4866666666666667,2026-09-03,v2,SPY Top 150,False
QCOM,Qualcomm Inc,Technology,169.96,2.01,18.6879,7.1918,3.9264,15.6933,0.053510560309077,0.13904724825495704,0.25468622656886714,0.06372146075076625,37.330000000000005,54.23,0.8098,0.43915454,23.0,27.9,0.8243727598566308,-0.19313247289817023,0.5521,2.0156,1.88,-16.65,259.92,121.99,0.347785108388313,8.367099999999999,197.00841,15.9,0.6122448979591837,0.609375,0.002869897959183687,0.40816326530612246,5,15,26,3,0,49,-0.4818001792575668,0.0,2026-06-30,False,0.6280040526849037,1.0,0.6280040526849037,0.4066666666666667,0.6741165423916046,0.4467248322147651,0.0925387641749595,0.5031284236245709,0.0925387641749595,0.4210104917346486,79,0.6933333333333334,0.4066666666666667,0.8333333333333334,0.38,0.05333333333333334,0.48,2026-09-03,v2,SPY Top 150,False
HON,Honeywell International Inc,Industrials,206.07,-1.86,8.6003,3.8268,1.9002,8.4803,0.11627501366231409,0.2613149367617853,0.5262603936427744,0.11792035659115833,53.6,36.41,0.5096,0.18554536000000002,28.84,18.49,1.559762033531639,-0.44453326701771495,1.8335,1.2106,-0.11,169.74,496.36,204.81,0.0043217286914765595,-45.423,304.841688,47.9,0.7016129032258065,0.6875,0.014112903225806495,0.6451612903225806,5,15,11,0,0,31,-1.9505956392824528,0.0,2026-06-30,False,0.8648190765667969,0.9616851595006933,0.8316836715873824,0.013333333333333334,0.41103410660038675,0.7853020134228187,0.20988197176579498,0.521107181659728,0.013333333333333334,0.4195524119944491,80,0.9133333333333333,0.013333333333333334,0.32,0.9,0.22666666666666666,0.47333333333333333,2026-09-03,v2,SPY Top 150,False
DHR,Danaher Corp,Healthcare,209.91,1.44,35.8885,2.6408,5.7234,28.1199,0.027864079022528108,0.37867312935474096,0.17472131949540484,0.03556200413230488,7.66,58.57,0.296,0.1733672,20.42,23.08,0.8847487001733103,-0.12245162890337923,0.5051,1.651,4.56,19.66,242.8,160.93,0.5982655429339194,6.9588,230.07211800000002,9.6,0.8046875,0.796875,0.0078125,0.84375,12,15,5,0,0,32,1.129856034931391,0.0,2026-06-30,False,0.44311839629468813,1.0,0.44311839629468813,0.38666666666666666,0.3752004209163024,0.6306711409395973,0.3395417727377922,0.4390718861138177,0.3395417727377922,0.4191658634386126,81,0.4266666666666667,0.38666666666666666,0.21333333333333335,0.7266666666666667,0.46,0.4666666666666667,2026-09-03,v2,SPY Top 150,False
RTX,RTX Corp,Industrials,200.78,-2.13,38.3583,3.8493,3.1745,21.8942,0.026069977032350235,0.259787493830047,0.3150102378327296,0.04567419681924893,11.799999999999999,20.35,0.5467,0.11125345,11.21,7.79,1.4390243902439026,-0.36396537720141175,0.5632,1.0105,11.84,24.78,226.884,150.61,0.6577601804022342,30.3332,229.473582,14.3,0.7083333333333334,0.7,0.008333333333333415,0.6666666666666666,7,13,9,0,1,30,2.8071139588492993,0.0,2026-06-30,False,0.49442321609494866,1.0,0.49442321609494866,0.6666666666666666,0.261868635069375,0.5525771812080537,0.5260402684563759,0.45825453772128344,0.261868635069375,0.4189773571909018,82,0.5533333333333333,0.6666666666666666,0.06666666666666667,0.5666666666666667,0.84,0.46,2026-09-03,v2,SPY Top 150,False
DUK,Duke Energy Corp,Utilities,120.56,0.14,18.465,1.8024,2.9139,11.8303,0.05415651232060655,0.5548158011540169,0.34318267613850856,0.08452871017641142,9.879999999999999,45.96976,0.169,0.0776888944,27.75,24.09,1.1519302615193026,-0.14143902356566346,1.6664,0.6612,6.33,7.71,134.49,113.9,0.3234579893152013,-1.3158,138.83393400000003,15.2,0.6666666666666666,0.6517857142857143,0.014880952380952328,0.5555555555555556,4,11,11,1,0,27,1.6620938571337012,0.0,2026-06-30,False,0.7991583441887393,1.0,0.7991583441887393,0.3,0.1929512089439953,0.616248322147651,0.37769034945614444,0.4675781655783353,0.1929512089439953,0.41265277425146735,83,0.8666666666666667,0.3,0.006666666666666667,0.72,0.5466666666666666,0.4533333333333333,2026-09-03,v2,SPY Top 150,False
HWM,Howmet Aerospace Inc,Industrials,252.96,-0.76,59.9183,18.7671,12.2965,41.6978,0.016689392055515593,0.05328473765259417,0.08132395397064206,0.02398208058938361,34.410000000000004,36.03,0.7492,0.26993676,27.2,18.43,1.475854584915898,-0.3892372016202197,0.7852,1.8183,18.08,35.22,310.0,172.41,0.5854349880078494,41.701,338.403258,33.8,0.7857142857142857,0.7857142857142857,0.0,0.8214285714285714,9,14,5,0,0,28,2.543778965881253,0.0,2026-06-30,False,0.15393327543783472,1.0,0.15393327543783472,0.76,0.49581755849498615,0.6656912751677853,0.5232399907428836,0.47485284005294415,0.15393327543783472,0.4106689271299223,84,0.08666666666666667,0.76,0.52,0.76,0.8266666666666667,0.44666666666666666,2026-09-03,v2,SPY Top 150,False
TMO,Thermo Fisher Scientific Inc,Healthcare,608.54,1.34,31.9458,3.572,4.8026,27.6065,0.03130301948925993,0.2799552071668533,0.20822054720359806,0.03622335319580534,13.33,40.93,0.4214,0.17247902,17.58,18.55,0.947708894878706,-0.0537078967964134,0.8076,1.5505,7.23,7.52,647.0,435.27,0.8183535635006847,26.9758,650.820078,6.9,0.7777777777777778,0.7847222222222222,-0.00694444444444442,0.8055555555555556,11,18,7,0,0,36,3.1505493546671413,0.0,2026-06-30,False,0.46427847734838623,1.0,0.46427847734838623,0.5933333333333334,0.41857253187822,0.3077315436241611,0.4823142791020597,0.4348681628240371,0.3077315436241611,0.40944083898406197,85,0.47333333333333333,0.5933333333333334,0.32666666666666666,0.21333333333333335,0.7733333333333333,0.44,2026-09-03,v2,SPY Top 150,False
AMT,American Tower Corp,Real Estate,172.92,-1.76,23.7453,20.4872,7.3809,16.6688,0.042113597217133494,0.048810964895154046,0.13548483247300466,0.05999232098291418,91.62,73.77,0.1726,0.12732701999999999,44.77,36.56,1.224562363238512,-0.20258352566692495,9.998,0.352,6.65,164.05,202.8,160.06,0.3008890968647633,-10.3102,219.3,26.8,0.7844827586206896,0.7586206896551724,0.025862068965517238,0.8620689655172413,8,17,4,0,0,29,0.4945093976482505,0.0,2026-06-30,False,0.43018381820813434,1.0,0.43018381820813434,0.2,0.3461726137759621,0.8890604026845639,0.34608655403841704,0.4611228023274975,0.2,0.4088982418619981,86,0.4066666666666667,0.2,0.18,0.9866666666666667,0.47333333333333333,0.43333333333333335,2026-09-03,v2,SPY Top 150,False
SYK,Stryker Corp,Healthcare,312.19,-1.64,35.1696,5.0316,5.076,22.861,0.02843364724079887,0.19874393830988155,0.19700551615445233,0.0437426184331394,16.36,65.31,0.5465,0.35691915,21.32,17.04,1.251173708920188,-0.22408207789647427,0.6229,2.1571,8.48,27.71,396.86,281.0,0.2692042119799758,-16.0691,392.35238400000003,25.7,0.7867647058823529,0.7857142857142857,0.0010504201680672232,0.7941176470588235,12,15,7,0,0,34,1.1215459503060061,0.0,2026-06-30,False,0.4471168041684759,1.0,0.4471168041684759,0.12,0.5455453104019655,0.6874295302013423,0.3651515852811849,0.47970143799515486,0.12,0.40776115039612393,87,0.44,0.12,0.6,0.7933333333333333,0.5333333333333333,0.4266666666666667,2026-09-03,v2,SPY Top 150,False
VZ,Verizon Communications Inc,Comm Services,50.22,-0.16,12.0697,1.7012,1.4053,7.5305,0.08285210071501363,0.587820362097343,0.7115918309257809,0.13279330721731625,15.52,59.41,0.3428,0.20365747999999997,20.59,21.42,0.96125116713352,-0.03951954397990472,1.59,0.6039,1.38,-10.78,51.68,38.39,0.8901429646350639,14.415,52.393014,4.3,0.6736111111111112,0.6736111111111112,0.0,0.5,7,11,18,0,0,36,-0.1253362013945896,0.0,2026-06-30,False,0.9386220871327255,1.0,0.9386220871327255,0.44666666666666666,0.40781659191116953,0.30414765100671143,0.11345521869937515,0.4795149790294475,0.11345521869937515,0.40630302696343307,88,0.9866666666666667,0.44666666666666666,0.3,0.18666666666666668,0.08,0.42,2026-09-03,v2,SPY Top 150,False
ABT,Abbott Laboratories,Healthcare,110.47,1.41,35.5183,3.0924,4.1362,23.6892,0.028154500637699437,0.32337343163885657,0.24176780619892657,0.04221332928085372,10.52,56.78,0.4771,0.27089738,15.83,17.73,0.8928369994359842,-0.1133512461931958,0.638,1.3763,8.06,-61.21,137.49,81.97,0.5133285302593659,-15.842500000000001,124.156848,12.4,0.7803030303030303,0.7571428571428571,0.02316017316017316,0.7575757575757576,12,13,8,0,0,33,2.430193871653292,0.0,2026-06-30,True,0.48736141265016647,1.0,0.48736141265016647,0.12666666666666668,0.4430454580083612,0.7429530201342283,0.3712890534598473,0.47170461927753937,0.12666666666666668,0.40269702875536484,89,0.5266666666666666,0.12666666666666668,0.38666666666666666,0.8733333333333333,0.54,0.41333333333333333,2026-09-03,v2,SPY Top 150,False
META,Meta Platforms Inc,Comm Services,592.85,2.47,22.2575,5.4738,6.6406,14.4442,0.044928675727282937,0.18268844312908766,0.15058880221666718,0.06923194084822974,29.73,81.75,0.6026,0.49262550000000005,38.08,36.55,1.041860465116279,-0.04100802372737704,0.3203,2.2256,27.65,-3.69,790.8,520.26,0.2683152214090339,-23.148,770.959248,30.0,0.7887323943661971,0.795774647887324,-0.007042253521126862,0.8732394366197183,20,42,9,0,0,71,-3.847423073129104,0.0,2026-06-30,False,0.5724127949051961,1.0,0.5724127949051961,0.06666666666666667,0.7677319563085069,0.5184966442953021,0.03783846331867624,0.4894645506423796,0.03783846331867624,0.39913933317763894,90,0.6333333333333333,0.06666666666666667,0.9666666666666667,0.5,0.02,0.4066666666666667,2026-09-03,v2,SPY Top 150,False
MRK,Merck & Co Inc,Healthcare,151.64,1.19,103.8615,6.4759,4.9505,24.7591,0.009628206794625534,0.15441869083833906,0.201999798000202,0.040389190237124936,17.93,77.28,0.5132,0.39660096,9.58,24.53,0.39054219323277617,-0.9402192662876289,1.0706,1.2995,4.64,-80.7,156.9199,77.58,0.9334521470281658,77.5119,148.689378,-1.9,0.7361111111111112,0.7361111111111112,0.0,0.7222222222222222,8,18,10,0,0,36,1.5100818466873418,0.0,2026-06-30,False,0.33408886959038936,1.0,0.33408886959038936,0.9066666666666666,0.4650678751345123,0.3371812080536913,0.2933256190696598,0.42514433107580496,0.2933256190696598,0.39878058867457594,91,0.31333333333333335,0.9066666666666666,0.44666666666666666,0.24666666666666667,0.38,0.4,2026-09-03,v2,SPY Top 150,False
PLTR,Palantir Technologies Inc,Technology,169.46,-5.81,143.2245,28.6156,70.1865,161.5073,0.006982045669560725,0.03494597352493046,0.01424775419774458,0.006191670593217768,37.47,84.8,0.6331,0.5368688,42.8,2.54,16.8503937007874,-2.824374021557306,0.0,7.2282,78.92,290.0,207.52,106.37,0.6237271379139891,18.477800000000002,199.380216,17.7,0.7371794871794872,0.7243589743589743,0.012820512820512886,0.717948717948718,12,16,9,1,1,39,3.681511298949538,0.0,2026-06-30,False,0.042044434795194666,0.5,0.021022217397597333,0.5133333333333333,0.6841771467207572,0.6690872483221477,0.6374357787549179,0.49127484817662703,0.021022217397597333,0.39722432202082114,92,0.006666666666666667,0.5133333333333333,0.86,0.7666666666666667,0.9666666666666667,0.3933333333333333,2026-09-03,v2,SPY Top 150,False
DIS,Walt Disney Co,Comm Services,107.98,1.66,20.8979,1.5566,1.8179,11.588,0.04785169801750415,0.6424257998201208,0.5500852632157984,0.08629616845012082,7.870000000000001,37.6,0.4885,0.183676,13.66,8.2,1.6658536585365855,-0.5103376998724367,0.4184,0.7091,4.58,-24.0,119.78,92.19,0.5723088075389635,-8.408000000000001,131.07030600000002,21.4,0.7894736842105263,0.7916666666666666,-0.002192982456140302,0.8947368421052632,11,23,3,1,0,38,1.877421621806558,0.0,2026-06-30,False,0.8282978723404255,0.9004392386530014,0.7458319055481136,0.20666666666666667,0.2572904227256711,0.5285838926174496,0.3487664892386022,0.44234352178067665,0.20666666666666667,0.3952081507578747,93,0.8266666666666667,0.20666666666666667,0.06,0.52,0.4866666666666667,0.38666666666666666,2026-09-03,v2,SPY Top 150,False
DE,Deere & Co,Industrials,698.37,3.3,34.799,5.7005,3.5121,19.4201,0.0287364579441938,0.1754232084904833,0.2847299336579254,0.05149304071554729,18.25,36.57,0.4468,0.16339476,19.29,21.77,0.8860817638952687,-0.12094604832881836,2.3288,0.9589,4.01,-14.62,700.64,433.0,0.9915184576296519,42.1053,670.16601,-4.0,0.7132352941176471,0.6985294117647058,0.014705882352941235,0.6470588235294118,7,15,12,0,0,34,0.7878299767381549,0.0,2026-09-30,False,0.4991416992328846,1.0,0.4991416992328846,0.7666666666666667,0.3327807759334915,0.5227785234899329,0.21610275399213147,0.4382574420517416,0.21610275399213147,0.3938265044398196,94,0.5666666666666667,0.7666666666666667,0.16666666666666666,0.5066666666666667,0.24,0.38,2026-09-03,v2,SPY Top 150,False
BSX,Boston Scientific Corp,Healthcare,48.37,0.6,20.3957,2.5446,3.5699,17.1675,0.04902994258593723,0.3929890749037177,0.28011989131348214,0.0582495995340032,14.940000000000001,69.5,0.4773,0.3317235,19.78,14.58,1.356652949245542,-0.30502059961405403,0.5064,1.2402,13.53,46.78,109.5,42.2,0.09167904903417526,-55.1621,66.68352,37.9,0.7697368421052632,0.7756410256410257,-0.005904183535762497,0.7894736842105263,11,19,8,0,0,38,1.2145447269007514,0.0,2026-06-30,False,0.6949522362136344,1.0,0.6949522362136344,0.006666666666666667,0.48482746240798413,0.5424295302013422,0.4089192316593382,0.4896767552316397,0.006666666666666667,0.39307473751864513,95,0.78,0.006666666666666667,0.5,0.56,0.62,0.37333333333333335,2026-09-03,v2,SPY Top 150,False
PGR,Progressive Corp,Financials,221.38,0.38,10.4021,3.6993,1.3366,8.4336,0.09613443439305525,0.27032141215905714,0.7481669908723627,0.11857332574464048,35.4,,0.7404,,16.56,10.22,1.6203522504892365,-0.4826435641815551,0.2443,0.08,10.49,12.3,249.83,189.2,0.5307603496618835,-11.783999999999999,234.06572400000002,5.7,0.6129032258064516,0.6129032258064516,0.0,0.3870967741935484,3,9,18,1,0,31,-0.04697002824184976,0.0,2026-06-30,False,0.8875300332899118,0.9257246376811596,0.8216084184984511,0.16666666666666666,0.4675203173061357,0.28128859060402683,0.17731543624161075,0.4451799000401671,0.16666666666666666,0.389477253365467,96,0.8933333333333333,0.16666666666666666,0.46,0.16,0.13333333333333333,0.36666666666666664,2026-09-03,v2,SPY Top 150,False
MDLZ,Mondelez International Inc,Cons Staples,62.45,1.36,22.8726,2.7871,2.027,21.9156,0.04372043405646932,0.35879588102328586,0.49333991119881593,0.04562959718191607,13.469999999999999,31.15,0.5564,0.1733186,11.22,13.68,0.8201754385964913,-0.198237012099854,0.8052,0.5992,6.93,-0.41,66.65,51.2,0.7281553398058251,1.2637999999999998,70.317984,12.6,0.7196969696969697,0.7132352941176471,0.0064616755793226455,0.6363636363636364,8,13,12,0,0,33,0.8102633869396869,0.0,2026-06-30,False,0.6673346359820523,1.0,0.6673346359820523,0.3333333333333333,0.28760729556514203,0.5181073825503355,0.24074519787086324,0.4261824371890856,0.24074519787086324,0.3890949893254412,97,0.74,0.3333333333333333,0.1,0.49333333333333335,0.29333333333333333,0.36,2026-09-03,v2,SPY Top 150,False
ADBE,Adobe Inc,Technology,279.79,-2.2,15.7306,9.0964,4.5129,12.4979,0.06357036603816764,0.10993360010553627,0.22158700613796006,0.0800134422582994,62.39,89.4,0.855,0.76437,36.07,34.73,1.0385833573279586,-0.03785762815946502,0.5769,0.7508,11.49,11.83,370.86,190.12,0.4961270333075136,-15.2759,273.230868,-2.3,0.6086956521739131,0.6222222222222222,-0.01352657004830915,0.391304347826087,7,11,23,5,0,46,0.8264282264048898,0.0,2026-06-30,True,0.6515595599942104,1.0,0.6515595599942104,0.14,0.7717005970916778,0.07712751677852349,0.27996297153436706,0.4658200182119157,0.07712751677852349,0.38808151792523726,98,0.7133333333333334,0.14,0.9733333333333334,0.006666666666666667,0.35333333333333333,0.35333333333333333,2026-09-03,v2,SPY Top 150,False
PEP,PepsiCo Inc,Cons Staples,140.52,0.52,18.2277,9.0456,1.9658,13.2078,0.05486155686126061,0.11055098611479613,0.5086987486010784,0.0757128363542755,50.2,54.17,0.8874,0.48070458000000005,14.53,13.13,1.1066260472201066,-0.10131578926748669,2.4081,0.9336,5.62,38.92,171.48,133.73,0.17986754966887472,-5.591200000000001,158.34174,12.7,0.6083333333333333,0.625,-0.01666666666666672,0.4,2,10,17,1,0,30,-1.0054170413390933,0.0,2026-06-30,True,0.7052294109133015,1.0,0.7052294109133015,0.24666666666666667,0.6180416964260206,0.1516510067114094,0.19534829900485998,0.4460189745158091,0.1516510067114094,0.3871453809549292,99,0.7866666666666666,0.24666666666666667,0.7333333333333333,0.06,0.18666666666666668,0.3466666666666667,2026-09-03,v2,SPY Top 150,False
TMUS,T-Mobile US Inc,Comm Services,187.3,2.82,18.4066,3.2261,2.1084,8.6945,0.05432833874805776,0.3099717925668764,0.4742933029785619,0.1150152395192363,18.22,62.69,0.4265,0.26737285,19.8,15.56,1.2724935732647815,-0.24097841895024402,1.6063,0.9242,9.68,-9.81,256.69,165.66,0.23772382730967828,-29.6706,246.95301600000002,31.8,0.75,0.7567567567567568,-0.006756756756756799,0.8108108108108109,7,23,7,0,0,37,2.4012470553045873,0.0,2026-06-30,False,0.800135330728036,1.0,0.800135330728036,0.04666666666666667,0.3848469035987392,0.4691275167785235,0.38664660958111546,0.47197706522116945,0.04666666666666667,0.3869149855102689,100,0.8733333333333333,0.04666666666666667,0.24,0.4266666666666667,0.5866666666666667,0.34,2026-09-03,v2,SPY Top 150,False
MA,Mastercard Inc,Financials,588.14,1.21,30.187,80.8784,13.9882,23.2734,0.03312684268062411,0.01236424063779699,0.07148882629644986,0.04296750797047273,232.48000000000002,,0.6449,,58.33,55.46,1.051749008294266,-0.050454500577914126,4.3919,1.0607,16.01,22.62,601.62,464.52,0.9016776075857037,-0.6678999999999999,677.39322,15.2,0.7870370370370371,0.7884615384615384,-0.0014245014245013454,0.9074074074074074,13,36,5,0,0,54,0.9749560240375839,0.0,2026-06-30,False,0.24989216963381097,1.0,0.24989216963381097,0.30666666666666664,0.6071071717662295,0.4712818791946308,0.33655635269613515,0.42001168934833466,0.24989216963381097,0.38598778540542994,101,0.22666666666666666,0.30666666666666664,0.6933333333333334,0.44,0.44666666666666666,0.3333333333333333,2026-09-03,v2,SPY Top 150,False
INTU,Intuit Inc,Technology,342.94,-0.58,19.9729,5.2082,4.3754,14.9264,0.05006784192580947,0.19200491532583236,0.22855053252274077,0.06699539071711867,23.29,79.96,0.5822,0.46552712,27.47,23.29,1.1794761700300558,-0.16507041621093282,0.2987,1.453,15.07,34.35,705.08,252.84,0.1992304970811958,-44.1606,429.206514,25.2,0.6845238095238095,0.7439024390243902,-0.059378629500580704,0.5714285714285714,9,15,16,2,0,42,1.5152025718826476,0.0,2026-09-30,False,0.6518548270371979,1.0,0.6518548270371979,0.02,0.643160567189479,0.26833557046979867,0.4304744272159223,0.47615015509249126,0.02,0.384920124073993,102,0.72,0.02,0.7733333333333333,0.15333333333333332,0.6733333333333333,0.32666666666666666,2026-09-03,v2,SPY Top 150,False
HD,Home Depot Inc,Cons Discretionary,318.51,-0.39,24.4148,22.4289,2.0535,16.3788,0.04095876271769582,0.04458533410020108,0.4869734599464329,0.06105453390968814,113.3,33.13,1.5892,0.52650196,12.45,14.18,0.8779971791255289,-0.13011189819326485,3.8568,1.0447,2.23,-4.47,426.75,289.1,0.2136578278241916,-19.0354,381.437568,19.8,0.6902173913043478,0.6902173913043478,0.0,0.6086956521739131,9,19,17,0,1,46,0.46311599854457963,0.0,2026-09-30,False,0.5506534954407295,1.0,0.5506534954407295,0.08,0.6461537582492931,0.45854362416107386,0.18075445498727147,0.4583313944152758,0.08,0.3826651155322207,103,0.6133333333333333,0.08,0.78,0.41333333333333333,0.15333333333333332,0.32,2026-09-03,v2,SPY Top 150,False
XOM,Exxonmobil Holdings Corp,Energy,164.15,-0.24,20.0535,2.1848,1.8193,10.0906,0.04986660682673848,0.4577077993409008,0.549661957895894,0.09910213465998058,12.68,28.84,0.7882,0.22731688,11.53,12.88,0.8951863354037266,-0.11072338639524001,0.1633,1.1347,9.62,10.18,176.41,108.35,0.8198648251542758,44.6922,170.05735800000002,3.6,0.6583333333333333,0.6833333333333333,-0.025000000000000022,0.4666666666666667,5,9,16,0,0,30,-1.4476239329977831,0.0,2026-06-30,False,0.8225090461716601,1.0,0.8225090461716601,0.8066666666666666,0.45540943157253183,0.08637583892617451,0.10744272159222402,0.4563083337054097,0.08637583892617451,0.38232183474956266,104,0.9,0.8066666666666666,0.43333333333333335,0.013333333333333334,0.07333333333333333,0.31333333333333335,2026-09-03,v2,SPY Top 150,False
VRTX,Vertex Pharmaceuticals Inc,Healthcare,556.75,1.66,30.7004,6.2265,10.7444,25.4819,0.032572865500123775,0.16060387055328035,0.09307173969695841,0.0392435414941586,23.31,86.0,0.4822,0.414692,37.95,31.29,1.2128475551294344,-0.19297094616084826,0.0,3.1854,10.23,22.46,558.36,374.17,0.9912590260057549,38.1277,574.514184,3.2,0.7638888888888888,0.775,-0.011111111111111183,0.8055555555555556,11,18,6,0,1,36,-0.5918047795177966,0.0,2026-06-30,False,0.36650021710811986,1.0,0.36650021710811986,0.7133333333333334,0.6711948309192545,0.23271140939597315,0.1673918074519787,0.43596788988313107,0.1673918074519787,0.3822526733969006,105,0.34,0.7133333333333334,0.8266666666666667,0.13333333333333333,0.12666666666666668,0.30666666666666664,2026-09-03,v2,SPY Top 150,False
V,Visa Inc,Financials,378.4,1.54,30.3562,18.3758,15.4156,24.6068,0.03294219961655279,0.05441939942750791,0.06486935312281066,0.040639172911552904,61.260000000000005,80.18,0.4609,0.36954962,60.68,63.94,0.9490147012824524,-0.05233098915136383,0.6782,0.9852,14.39,14.72,385.5699,293.89,0.921794199164702,8.101899999999999,423.41679000000005,11.9,0.7794117647058824,0.7857142857142857,-0.006302521008403339,0.8823529411764706,12,33,6,0,0,51,0.43606339407454564,0.0,2026-06-30,False,0.26934071500940804,1.0,0.26934071500940804,0.4,0.6759874677408603,0.3792080536912752,0.22843323304790558,0.4202380147700509,0.22843323304790558,0.38187705842562186,106,0.23333333333333334,0.4,0.8466666666666667,0.2866666666666667,0.26,0.3,2026-09-03,v2,SPY Top 150,False
MAR,Marriott International Inc,Cons Discretionary,333.14,-0.42,35.8239,366.336,3.4447,24.101,0.027914325352627712,0.0027297344514325647,0.29030104218074143,0.04149205427160699,309.12,19.81,0.9668,0.19152307999999998,15.8,15.05,1.0498338870431894,-0.04863194883803638,76.1214,0.5347,4.72,8.84,410.98,256.76,0.4952665023991699,28.2022,387.099792,16.2,0.65625,0.6612903225806451,-0.005040322580645129,0.5,5,11,15,1,0,32,1.0291995111072474,0.0,2026-06-30,False,0.32186134028079316,1.0,0.32186134028079316,0.6133333333333333,0.5016316030054567,0.31412751677852346,0.30188845174728074,0.4003969204229655,0.30188845174728074,0.38069522668782857,107,0.3,0.6133333333333333,0.5266666666666666,0.22,0.4,0.29333333333333333,2026-09-03,v2,SPY Top 150,False
ABBV,AbbVie Inc,Healthcare,261.72,0.67,70.2422,261.0115,6.8839,28.7574,0.01423645614744413,0.0038312488147073977,0.14526649137843375,0.0347736582583961,95.59,72.79,0.4774,0.34749946000000004,26.2,25.49,1.0278540604158495,-0.02747319237902722,49.2176,0.8085,10.39,67.6,267.47,190.75,0.9250521376433786,21.2909,282.119658,7.8,0.7692307692307693,0.7564102564102564,0.012820512820512886,0.8205128205128205,10,22,7,0,0,39,-1.5858431005586042,0.0,2026-06-30,False,0.165801852655956,1.0,0.165801852655956,0.54,0.6284209448713919,0.6083557046979866,0.19176579495487156,0.43441275680823466,0.165801852655956,0.38069057597777894,108,0.1,0.54,0.7466666666666667,0.7133333333333334,0.18,0.2866666666666667,2026-09-03,v2,SPY Top 150,False
AMD,Advanced Micro Devices Inc,Technology,457.06,-0.55,123.2831,13.086,19.2036,103.295,0.008111411864237677,0.07641754546843955,0.05207356953904476,0.00968101069751682,10.07,53.2,0.5197,0.2764804,15.71,9.46,1.660676532769556,-0.5072250692037429,0.048,2.6092,39.54,124.33,584.73,149.22,0.7068494408853988,185.5108,614.072946,34.4,0.7796610169491526,0.7763157894736842,0.003345227475468393,0.8305084745762712,17,32,10,0,0,59,0.4165501684478027,0.0,2026-06-30,False,0.1119221305543494,0.9032463399108848,0.1010932547782443,0.96,0.44502999266729515,0.7341140939597316,0.31845869011802824,0.4493739338044002,0.1010932547782443,0.37971779799916905,109,0.04,0.96,0.3933333333333333,0.86,0.43333333333333335,0.28,2026-09-03,v2,SPY Top 150,False
COST,Costco Wholesale Corp,Cons Staples,928.48,-1.22,48.2643,13.2328,1.4529,29.9698,0.02071924797417553,0.07556979626382927,0.6882786151834263,0.03336692270218687,28.27,12.88,3.5591,0.45841208,3.82,3.52,1.0852272727272727,-0.08178943300847807,0.1692,1.0725,9.23,12.79,1096.5,844.06,0.3344160988749804,-0.6099999999999999,1099.893846,18.5,0.7282608695652174,0.7333333333333333,-0.005072463768115876,0.6521739130434783,13,17,15,1,0,46,-0.7934876073053161,0.0,2026-06-30,True,0.40245476914169925,1.0,0.40245476914169925,0.31333333333333335,0.6929987191574056,0.3871744966442953,0.13507058551261283,0.43754212852173086,0.13507058551261283,0.37704781991990727,110,0.3933333333333333,0.31333333333333335,0.8733333333333333,0.29333333333333333,0.1,0.2733333333333333,2026-09-03,v2,SPY Top 150,False
AVGO,Broadcom Inc,Technology,367.24,-0.66,68.3526,22.4879,26.5539,58.8775,0.014630021389091271,0.04446835853948123,0.037659251560034496,0.016984416797588213,36.4,68.35,0.4402,0.3008767,43.43,37.02,1.1731496488384656,-0.159692139401379,0.7402,2.238,32.29,125.78,495.0,289.96,0.37690206788919245,22.282899999999998,524.380674,42.8,0.8026315789473685,0.8026315789473685,0.0,0.9122807017543859,17,35,5,0,0,57,0.5467102747121745,0.0,2026-09-30,False,0.09016717325227963,1.0,0.09016717325227963,0.5666666666666667,0.5803743155348589,0.7111677852348993,0.350039342744735,0.44806021309888433,0.09016717325227963,0.3764816051295634,111,0.02666666666666667,0.5666666666666667,0.68,0.82,0.49333333333333335,0.26666666666666666,2026-09-03,v2,SPY Top 150,False
KO,Coca-Cola Co,Cons Staples,88.24,0.27,26.2553,10.0141,7.4981,25.0158,0.038087548037919965,0.09985919853007261,0.13336711967031648,0.03997473596686894,42.99,61.89,0.474,0.29335859999999997,30.35,26.86,1.1299329858525688,-0.12215832641041573,1.2045,1.3046,6.52,17.61,92.49,65.35,0.8434045689019897,28.3875,96.1299,8.9,0.75,0.7714285714285715,-0.021428571428571463,0.7714285714285715,8,19,8,0,0,35,0.9435033891402996,0.0,2026-06-30,False,0.3751975683890577,1.0,0.3751975683890577,0.62,0.561191302650249,0.21462416107382548,0.3111316824809072,0.41375136747924035,0.21462416107382548,0.3739259261981574,112,0.36,0.62,0.64,0.10666666666666667,0.4266666666666667,0.26,2026-09-03,v2,SPY Top 150,False
ORLY,O'Reilly Automotive Inc,Cons Discretionary,86.97,-1.11,28.096,182.0263,4.0094,19.4777,0.03559225512528474,0.005493711622990744,0.24941387738813786,0.051340764053250644,423.35,51.64,1.1064,0.57134496,19.56,20.29,0.9640216855593888,-0.03664148923105213,17.5459,0.7519,8.47,-76.61,108.72,82.59,0.1676234213547645,-14.185299999999998,109.385616,25.8,0.7638888888888888,0.7638888888888888,0.0,0.8055555555555556,9,20,7,0,0,36,-1.0669177486446446,0.0,2026-06-30,False,0.3922470690403821,1.0,0.3922470690403821,0.15333333333333332,0.7185948156824653,0.5887516778523489,0.04302707706549409,0.4531779424284623,0.04302707706549409,0.37114776935586874,113,0.37333333333333335,0.15333333333333332,0.9066666666666666,0.66,0.03333333333333333,0.25333333333333335,2026-09-03,v2,SPY Top 150,False
BA,Boeing Co,Industrials,208.87,1.56,75.2572,27.9744,1.9496,32.6534,0.013287765157353715,0.035746968657057884,0.5129257283545343,0.030624682268921462,132.92,4.68,0.5794,0.027115919999999998,4.89,-4.44,,,7.5246,1.1375,24.78,,254.35,176.77,0.4137664346481052,-10.6416,275.651634,32.0,0.8108108108108109,0.7972972972972973,0.013513513513513598,0.8648648648648649,14,18,5,0,0,37,-0.30552127747797514,0.0,2026-06-30,False,0.30320958170502244,1.0,0.30320958170502244,0.19333333333333333,0.39761433305716654,0.8747919463087248,0.18053691275167785,0.4164589548512356,0.18053691275167785,0.36927454643132407,114,0.28,0.19333333333333333,0.25333333333333335,0.9733333333333334,0.14666666666666667,0.24666666666666667,2026-09-03,v2,SPY Top 150,False
WM,Waste Management Inc,Industrials,219.04,-0.33,31.7082,9.018,3.5245,15.138,0.03153758333806397,0.11088933244621867,0.28372818839551706,0.06605892456070815,28.92,40.88,0.5592,0.22860096000000005,17.57,17.07,1.0292911540714704,-0.02887036539265659,2.3532,0.9074,7.17,4.83,248.13,194.11,0.4614957423176599,-2.4477,264.44316,20.7,0.7564102564102564,0.7564102564102564,0.0,0.717948717948718,12,16,11,0,0,39,-0.33391607077263674,0.0,2026-06-30,False,0.5130214213344912,1.0,0.5130214213344912,0.29333333333333333,0.48206593720538243,0.5293154362416108,0.13235362184679472,0.4279246003539122,0.13235362184679472,0.3688104046524887,115,0.5733333333333334,0.29333333333333333,0.49333333333333335,0.5266666666666666,0.09333333333333334,0.24,2026-09-03,v2,SPY Top 150,False
CRWD,CrowdStrike Holdings Inc,Technology,203.42,-5.42,,24.4848,45.1792,3229.764,,0.04084166503300007,0.02213407939936962,0.00030962014562054685,-0.58,75.16,0.4897,0.36805852,-3.91,-5.59,,,0.161,1.5311,23.17,,233.88,85.68,0.7944669365721997,108.86099999999999,226.875132,11.5,0.7213114754098361,0.725,-0.0036885245901638886,0.7377049180327869,12,33,14,1,1,61,0.7934193249923772,0.0,2026-09-30,False,0.19808510638297872,1.0,0.19808510638297872,0.94,0.5207982601491301,0.3208456375838926,0.2946308724832215,0.4081245130297454,0.19808510638297872,0.3661166317003921,116,0.14666666666666667,0.94,0.5466666666666666,0.22666666666666666,0.38666666666666666,0.23333333333333334,2026-09-03,v2,SPY Top 150,False
ADP,Automatic Data Processing Inc,Industrials,281.16,-0.82,24.2882,14.8429,4.8841,16.9572,0.04117225648668901,0.0673722790020818,0.20474601257140518,0.0589720000943552,70.19999999999999,46.53,0.3292,0.15317676,26.33,25.27,1.0419469726948951,-0.04109105210811516,0.8231,1.0507,6.74,9.61,302.68,188.16,0.8120852252881594,-4.4978,291.06312,3.5,0.5869565217391305,0.5869565217391305,0.0,0.34782608695652173,3,5,13,1,1,23,0.6835394284682381,0.0,2026-06-30,False,0.48418367346938773,1.0,0.48418367346938773,0.25333333333333335,0.5312511546629337,0.2625637583892617,0.24622078222633648,0.39520046711136325,0.24622078222633648,0.3654045301343579,117,0.5133333333333333,0.25333333333333335,0.5733333333333334,0.14666666666666667,0.3,0.22666666666666666,2026-09-03,v2,SPY Top 150,False
TT,Trane Technologies PLC,Industrials,439.02,-0.26,35.6323,12.5913,4.7312,24.7727,0.028064424693326,0.07941991692676689,0.2113628677713899,0.040367016917816786,34.57,35.39,0.9929,0.35138731,17.94,16.35,1.0972477064220183,-0.09280495928738762,0.5354,1.0734,7.04,4.73,505.87,348.06,0.5763893289398643,8.7318,532.937148,21.4,0.7121212121212122,0.7121212121212122,0.0,0.5757575757575758,9,10,14,0,0,33,-1.2576880633455574,0.0,2026-06-30,False,0.36539151830945144,1.0,0.36539151830945144,0.41333333333333333,0.6299896246988355,0.492006711409396,0.09070585512612822,0.43368532087114525,0.09070585512612822,0.36508942772214187,118,0.3333333333333333,0.41333333333333333,0.7666666666666667,0.48,0.04666666666666667,0.22,2026-09-03,v2,SPY Top 150,False
SBUX,Starbucks Corp,Cons Discretionary,106.72,0.54,63.3132,64.1154,3.2743,26.6961,0.0157944946709375,0.015596876881373276,0.30540878966496654,0.03745865500953323,115.68,22.34,1.2458,0.27831172,9.17,14.65,0.625938566552901,-0.4685030491947028,8.0719,0.7597,4.49,-24.99,110.51,77.99,0.8834563345633455,21.8728,113.32557,6.2,0.6358695652173914,0.6329787234042553,0.002890841813136036,0.4782608695652174,8,14,20,3,1,46,1.9572762913530979,0.0,2026-06-30,False,0.2796938775510204,1.0,0.2796938775510204,0.5533333333333333,0.4482503594929958,0.36616107382550334,0.3507428835917612,0.38557555787285197,0.2796938775510204,0.3643992218084857,119,0.24666666666666667,0.5533333333333333,0.41333333333333333,0.2733333333333333,0.5,0.21333333333333335,2026-09-03,v2,SPY Top 150,False
MCD,McDonald's Corp,Cons Discretionary,260.95,-0.06,22.3141,160.4594,7.0769,17.7148,0.04481471356675824,0.0062321060654595495,0.14130480860263675,0.05644997403301194,95.13000000000001,57.38,0.4616,0.26486608,46.22,43.93,1.0521283860687458,-0.05081514685854655,40.6406,1.0814,6.3,5.44,341.75,259.85,0.013431013431013019,-16.5399,323.165886,23.8,0.6951219512195121,0.6890243902439024,0.0060975609756097615,0.6097560975609756,8,17,15,1,0,41,0.516204398254754,0.0,2026-06-30,False,0.39324431900419743,1.0,0.39324431900419743,0.10666666666666667,0.5572310373396567,0.5962416107382551,0.21702846563295533,0.4279496496122074,0.10666666666666667,0.36369305302309923,120,0.38,0.10666666666666667,0.6333333333333333,0.6733333333333333,0.24666666666666667,0.20666666666666667,2026-09-03,v2,SPY Top 150,False
SCHW,Charles Schwab Corp,Financials,108.24,-0.04,18.6928,3.3178,6.3637,31.7401,0.05349653342463409,0.30140454518054133,0.15714128572999986,0.031505886874962585,19.08,87.76,0.0594,0.052129440000000006,44.03,35.74,1.231952993844432,-0.20860071003638048,5.8093,0.3699,11.2,43.25,114.53,83.96,0.7942427216225055,13.930900000000001,125.50437,16.0,0.7666666666666667,0.7678571428571429,-0.0011904761904761862,0.8333333333333334,8,17,4,1,0,30,1.2688339381527751,0.0,2026-06-30,True,0.5457504704009264,1.0,0.5457504704009264,0.44,0.2146527345275167,0.4473825503355705,0.4176070354084703,0.3969510033368713,0.2146527345275167,0.3604913495750004,121,0.6066666666666667,0.44,0.02666666666666667,0.38666666666666666,0.6466666666666666,0.2,2026-09-03,v2,SPY Top 150,False
EQIX,Equinix Inc,Real Estate,1019.24,-0.81,69.0979,7.1482,10.8034,28.6798,0.014472219850386192,0.13989535827201252,0.092563452246515,0.034867746637005835,10.76,51.49,0.2449,0.12609901,21.82,16.84,1.2957244655581948,-0.2590699715907441,1.5289,1.1314,9.64,52.11,1128.68,720.62,0.7318041464490516,36.345200000000006,1235.32557,21.2,0.78125,0.7692307692307693,0.012019230769230727,0.825,12,21,7,0,0,40,0.011514961386430985,0.0,2026-06-30,False,0.24092777536546534,1.0,0.24092777536546534,0.7066666666666667,0.23332758620689653,0.76048322147651,0.2606711409395973,0.3920942018063436,0.23332758620689653,0.3603408786864542,122,0.22,0.7066666666666667,0.04,0.8933333333333333,0.3333333333333333,0.19333333333333333,2026-09-03,v2,SPY Top 150,False
SO,Southern Co,Utilities,88.31,0.25,22.8714,2.7267,3.6831,13.7228,0.043722727948442154,0.3667436828400631,0.27151041242431645,0.07287142565657155,12.61,40.03546,0.1842,0.07374531732,25.26,22.53,1.1211717709720372,-0.11437436247819194,1.9101,0.7867,6.85,6.93,100.84,83.8,0.2646713615023476,-4.007099999999999,102.108222,15.6,0.6328125,0.6363636363636364,-0.0035511363636363535,0.4375,5,9,16,2,0,32,2.1146499248146036,0.0,2026-06-30,False,0.6838789984078738,1.0,0.6838789984078738,0.26666666666666666,0.23608108828767058,0.3031140939597315,0.40435084471187227,0.38973618825366346,0.23608108828767058,0.3590051682604649,123,0.7733333333333333,0.26666666666666666,0.04666666666666667,0.18,0.6066666666666667,0.18666666666666668,2026-09-03,v2,SPY Top 150,False
EMR,Emerson Electric Co,Industrials,148.98,0.91,35.0043,3.9344,4.8385,22.3583,0.028567918798547608,0.2541683611224075,0.2066756226103131,0.04472611960658905,12.68,53.16,0.4432,0.23560511999999997,19.86,15.2,1.306578947368421,-0.2674122307647958,0.6435,0.8963,4.82,-1.79,166.35,122.64,0.6026080988332188,17.3122,173.95406400000002,16.8,0.7132352941176471,0.7132352941176471,0.0,0.6764705882352942,7,16,10,1,0,34,0.4722098507280315,0.0,2026-06-30,False,0.4655760602113186,1.0,0.4655760602113186,0.5066666666666667,0.3419046462684151,0.45169127516778523,0.19100671140939599,0.38862133734498727,0.19100671140939599,0.3490984121578691,124,0.4866666666666667,0.5066666666666667,0.17333333333333334,0.3933333333333333,0.17333333333333334,0.18,2026-09-03,v2,SPY Top 150,False
MO,Altria Group Inc,Cons Staples,69.56,-0.01,13.7487,27.0919,4.6732,11.9011,0.07273414941048972,0.036911401562828745,0.21398613369853636,0.08402584635033737,149.65,62.86,0.68,0.42744800000000005,46.78,45.18,1.0354138999557327,-0.034801250116175866,8.6709,0.5176,-0.58,-8.27,77.06,54.7,0.6645796064400715,2.8203000000000005,71.10981000000001,2.2,0.6458333333333334,0.6521739130434783,-0.0063405797101449,0.5,6,6,9,2,1,24,-1.9793581876732331,0.0,2026-06-30,False,0.6018895643363729,1.0,0.6018895643363729,0.35333333333333333,0.6663276147758763,0.1666174496644295,0.042388336033325626,0.42538574918807415,0.042388336033325626,0.34878626655712447,125,0.66,0.35333333333333333,0.82,0.07333333333333333,0.02666666666666667,0.17333333333333334,2026-09-03,v2,SPY Top 150,False
PG,Procter & Gamble Co,Cons Staples,147.64,0.98,20.8828,6.2872,3.8496,15.5609,0.0478862987721953,0.15905331467107775,0.2597672485453034,0.06426363513678515,29.830000000000002,50.87,0.6829,0.34739122999999994,22.89,22.46,1.0191451469278718,-0.01896418465417827,0.6286,0.6773,3.26,1.72,167.25,137.62,0.33817077286533864,-8.3939,163.24488000000002,10.6,0.6621621621621622,0.6959459459459459,-0.03378378378378377,0.5135135135135135,6,13,17,1,0,37,-0.8288154760384036,0.0,2026-06-30,False,0.6209769865392966,1.0,0.6209769865392966,0.21333333333333335,0.629206482301517,0.14304697986577183,0.09861143253876417,0.40874063551258155,0.09861143253876417,0.3467147949178181,126,0.68,0.21333333333333335,0.7533333333333333,0.04666666666666667,0.06666666666666667,0.16666666666666666,2026-09-03,v2,SPY Top 150,False
AAPL,Apple Inc,Technology,324.96,-0.05,34.3608,38.486,9.49,26.643,0.029102931247235224,0.025983474510211508,0.1053740779768177,0.03753331081334684,137.17999999999998,48.65,1.2508,0.6085141999999999,33.17,30.67,1.0815128790348876,-0.07836087483280095,0.7844,1.0033,14.24,32.61,344.5699,225.95,0.8346828820459297,33.7091,328.890432,1.2,0.6933962264150944,0.7175925925925926,-0.024196366177498208,0.6415094339622641,12,22,15,3,1,53,-0.3649840802328873,0.0,2026-06-30,False,0.23862932407005355,1.0,0.23862932407005355,0.6933333333333334,0.749223233246674,0.1032214765100671,0.20761860680398056,0.40554472064745933,0.1032214765100671,0.3450800718199809,127,0.21333333333333335,0.6933333333333334,0.94,0.02666666666666667,0.21333333333333335,0.16,2026-09-03,v2,SPY Top 150,False
INTC,Intel Corp,Technology,90.05,1.21,,7.5624,9.366,34.0858,,0.13223315349624457,0.10676916506512919,0.029337730081148164,-10.76,38.6,0.277,0.10692200000000002,9.36,2.79,3.354838709677419,-1.2104036946562262,0.5773,1.604,7.47,,142.35,23.72,0.5591334401078986,274.605,116.78653200000001,29.7,0.5954545454545455,0.5909090909090909,0.004545454545454519,0.34545454545454546,4,15,34,2,0,55,2.2949705398278684,0.0,2026-06-30,False,0.3535460992907801,0.5,0.17677304964539006,0.9733333333333334,0.20984034701787466,0.5668322147651006,0.4557046979865772,0.38620084750104994,0.17677304964539006,0.344315287929918,128,0.10666666666666667,0.9733333333333334,0.02,0.6,0.72,0.15333333333333332,2026-09-03,v2,SPY Top 150,False
CME,CME Group Inc,Financials,277.77,-3.03,22.13,3.0173,7.523,8.819,0.045187528242205156,0.3314221323699997,0.13292569453675396,0.11339154099104205,15.58,95.97,0.0645,0.06190065,83.82,76.32,1.0982704402515724,-0.09373661535689443,0.1291,1.0184,16.57,13.39,329.16,218.31,0.5364005412719889,5.8335,291.022728,4.8,0.6190476190476191,0.6309523809523809,-0.011904761904761862,0.5238095238095238,2,9,7,3,0,21,1.7762782820292842,0.0,2026-06-30,False,0.6216521927920104,1.0,0.6216521927920104,0.38,0.39730818786961114,0.12324832214765102,0.40490627169636656,0.39799110974287116,0.12324832214765102,0.3430425522238272,129,0.6866666666666666,0.38,0.24666666666666667,0.03333333333333333,0.6133333333333333,0.14666666666666667,2026-09-03,v2,SPY Top 150,False
MRSH,Marsh & McLennan Companies Inc,Other,187.84,0.14,22.4733,5.2889,3.2005,,0.04449724784522078,0.18907523303522472,0.3124511795032026,,26.529999999999998,,0.4742,,21.62,22.5,0.9608888888888889,-0.03989649699931221,1.3542,1.1392,8.33,-1.95,207.83,156.6,0.6097989459301191,-7.458600000000001,208.85316,11.2,0.6129032258064516,0.6290322580645161,-0.016129032258064502,0.3870967741935484,3,9,18,1,0,31,0.0941402621867388,0.0,2026-06-30,True,0.5875510204081632,1.0,0.5875510204081632,0.22666666666666666,0.5544260968107496,0.15240268456375838,0.1446239296459153,0.3880563771715713,0.1446239296459153,0.33936988766644016,130,0.64,0.22666666666666666,0.6266666666666667,0.06666666666666667,0.11333333333333333,0.14,2026-09-03,v2,SPY Top 150,False
PLD,Prologis Inc,Real Estate,136.59,-2.21,32.6222,2.3509,14.9385,27.4517,0.03065397183513068,0.4253690076141052,0.06694112528031597,0.036427616504624484,7.9,74.31,0.0928,0.06895968,38.37,36.59,1.0486471713582945,-0.04750092522774551,0.6783,0.2736,7.35,21.55,153.35,110.51,0.6087768440709619,25.4894,161.888586,18.5,0.717391304347826,0.73,-0.012608695652173929,0.6521739130434783,5,10,8,0,0,23,1.0814942485960324,0.0,2026-06-30,True,0.39457446808510643,1.0,0.39457446808510643,0.5866666666666667,0.27925807787903895,0.3066375838926174,0.339726915065957,0.353374261090072,0.27925807787903895,0.3385510244478654,131,0.38666666666666666,0.5866666666666667,0.08666666666666667,0.20666666666666667,0.4666666666666667,0.13333333333333333,2026-09-03,v2,SPY Top 150,False
UBER,Uber Technologies Inc,Comm Services,76.45,1.61,16.1972,5.3774,2.8094,21.8947,0.06173906601140938,0.18596347677316177,0.3559478892290169,0.04567315377694145,35.730000000000004,36.77,0.8807,0.32383339000000005,12.13,0.29,41.827586206896555,-3.733556078957576,0.4658,0.8425,16.68,-22.8,101.99,65.41,0.3018042646254786,-18.8001,104.383638,36.5,0.7758620689655172,0.775,0.0008620689655172153,0.8620689655172413,15,35,7,1,0,58,0.357013569685265,0.0,2026-06-30,False,0.6703857287595889,0.5,0.33519286437979445,0.09333333333333334,0.4729994429048939,0.7149395973154362,0.1387364036102754,0.39882976230437867,0.09333333333333334,0.33773047651016963,132,0.32,0.09333333333333334,0.48,0.8266666666666667,0.10666666666666667,0.12666666666666668,2026-09-03,v2,SPY Top 150,False
BX,Blackstone Inc,Financials,136.82,0.12,52.8455,15.5015,11.5431,29.248,0.01892308711243152,0.06450988614005096,0.08663184066671864,0.03419037199124726,40.87,83.07,0.3348,0.27811835999999995,47.2,46.47,1.0157090596083496,-0.015586949494622828,1.4637,0.6789,17.19,20.32,190.09,101.73,0.39712539610683556,-13.7563,150.90073800000002,10.3,0.7196969696969697,0.7196969696969697,0.0,0.6666666666666666,7,15,11,0,0,33,1.3645572754555086,0.0,2026-06-30,False,0.20516572586481402,1.0,0.20516572586481402,0.16,0.5739664885866925,0.3944026845637584,0.3792131451052997,0.37524388672075787,0.16,0.33219510937660635,133,0.16,0.16,0.6466666666666666,0.32,0.56,0.12,2026-09-03,v2,SPY Top 150,False
SPGI,S&P Global Inc,Financials,431.71,-1.93,24.949,3.8129,7.6173,16.5342,0.04008176680428073,0.2622675653701907,0.1312801123757762,0.060480700608435856,15.5,63.58,0.2636,0.16759688,44.43,41.74,1.0644465740297075,-0.06245501529876226,0.4798,0.9544,9.67,26.22,552.25,381.61,0.2936005625879042,-18.993399999999998,537.459216,24.5,0.7867647058823529,0.8014705882352942,-0.014705882352941235,0.8529411764705882,10,19,5,0,0,34,-0.21055450800248943,0.0,2026-06-30,False,0.5274424663482414,1.0,0.5274424663482414,0.08666666666666667,0.4231904789113314,0.4435302013422819,0.2080305484841472,0.38739504946820486,0.08666666666666667,0.32724937290789724,134,0.5933333333333334,0.08666666666666667,0.3333333333333333,0.37333333333333335,0.22,0.11333333333333333,2026-09-03,v2,SPY Top 150,False
NFLX,Netflix Inc,Comm Services,82.73,2.38,23.4437,9.8602,6.6155,18.5548,0.042655382896044564,0.10141782113953063,0.15116015418335726,0.05389441007178735,47.96,49.12,0.8412,0.41319743999999997,35.46,23.1,1.535064935064935,-0.4285726831183139,0.4746,1.1416,16.02,35.26,126.71,65.08,0.2863865000811294,-34.6042,98.46427200000001,19.0,0.7456896551724138,0.7629310344827587,-0.017241379310344862,0.7413793103448276,14,29,15,0,0,58,-0.06866525735797707,0.0,2026-06-30,False,0.47415906788247214,0.9771573604060914,0.46332802318464916,0.03333333333333333,0.613531606814654,0.30628187919463085,0.23740800740569312,0.400092398123672,0.03333333333333333,0.3267405851656043,135,0.4666666666666667,0.03333333333333333,0.72,0.2,0.2866666666666667,0.10666666666666667,2026-09-03,v2,SPY Top 150,False
HLT,Hilton Worldwide Holdings Inc,Cons Discretionary,311.51,-0.15,45.7064,245.967,7.8558,27.2716,0.02187877408853027,0.004065586033898856,0.1272944830571043,0.036668182284867776,171.01,51.35,0.5525,0.28370875,31.63,21.09,1.4997629208155523,-0.4053070428268742,73.65,0.6491,-19.74,4.49,358.0,253.54,0.5549492628757419,14.784600000000001,356.43818400000004,14.4,0.696969696969697,0.6774193548387096,0.019550342130987386,0.6363636363636364,5,16,12,0,0,33,-0.4876022185668842,0.0,2026-06-30,False,0.18942828195107833,1.0,0.18942828195107833,0.4666666666666667,0.45444847108343095,0.6461879194630873,0.11952788706317982,0.37752504543156,0.11952788706317982,0.325925613757884,136,0.12666666666666668,0.4666666666666667,0.4266666666666667,0.74,0.08666666666666667,0.1,2026-09-03,v2,SPY Top 150,False
ORCL,Oracle Corp,Technology,145.75,3.13,26.4497,16.5759,6.7096,24.6991,0.037807612184637254,0.060328549279375476,0.1490401812328604,0.04048730520545283,50.38,65.82,0.3019,0.19871057999999997,30.59,28.47,1.0744643484369512,-0.07182225687286588,3.0087,1.115,17.35,34.97,345.72,114.5,0.13515266845428595,-32.513,257.924034,77.0,0.7704081632653061,0.7755102040816326,-0.005102040816326481,0.7959183673469388,15,24,9,1,0,49,0.1338017632099066,0.0,2026-06-30,True,0.36907873787812995,1.0,0.36907873787812995,0.04,0.4955050376634384,0.5724832214765101,0.2486692895163157,0.39671823349131335,0.04,0.3253745867930507,137,0.3466666666666667,0.04,0.5133333333333333,0.62,0.32666666666666666,0.09333333333333334,2026-09-03,v2,SPY Top 150,False
CEG,Constellation Energy Corp,Utilities,290.04,3.47,28.4918,2.7892,3.1572,20.5746,0.03509781761770053,0.35852574214828625,0.31673634866337264,0.04860361805332789,14.69,43.91,0.4053,0.17796723,14.7,7.46,1.970509383378016,-0.6782920795690212,0.7724,1.4553,25.98,7.2,412.7,228.63,0.3336230781767807,-11.5351,354.12615,22.1,0.75,0.75,0.0,0.8214285714285714,5,18,5,0,0,28,0.28702461097243437,0.0,2026-06-30,False,0.5936105080330004,0.7612244897959184,0.4518708561149167,0.17333333333333334,0.3180703368282719,0.5379328859060403,0.18089794029159917,0.360443416635492,0.17333333333333334,0.3230213999750603,138,0.46,0.17333333333333334,0.14666666666666667,0.5466666666666666,0.16,0.08666666666666667,2026-09-03,v2,SPY Top 150,False
APP,Applovin Corp,Technology,319.05,2.34,23.7271,54.7219,15.3219,19.6672,0.04214590067897046,0.018274219279666826,0.06526605708169353,0.05084607875040677,193.1,88.46,0.9235,0.8169280999999999,77.44,31.36,2.4693877551020407,-0.9039702474861144,1.1113,4.3002,60.59,84.72,745.61,297.5,0.04809087054517866,-36.773700000000005,536.645562,68.2,0.7635135135135135,0.7986111111111112,-0.035097597597597674,0.7837837837837838,10,19,8,0,0,37,0.011789255039797568,0.0,2026-06-30,False,0.3176856274424663,0.6074380165289257,0.19297432741339898,0.02666666666666667,0.7025015903398757,0.4416241610738255,0.27919925943068735,0.3918654467513473,0.02666666666666667,0.31882569073441125,139,0.13333333333333333,0.02666666666666667,0.8933333333333333,0.36666666666666664,0.3466666666666667,0.08,2026-09-03,v2,SPY Top 150,False
AEP,American Electric Power Company Inc,Utilities,123.57,0.5,21.7152,2.4161,3.0598,13.7857,0.04605069260241674,0.41389015355324693,0.3268187463232891,0.07253893527350805,10.0,41.85097,0.1921,0.08039571337,23.52,21.07,1.1162790697674418,-0.11000089521432849,1.6438,0.504,10.6,-15.36,140.58,105.7,0.5123279816513757,11.2575,147.246078,19.2,0.6964285714285714,0.6964285714285714,0.0,0.5714285714285714,6,10,12,0,0,28,-2.4882391142798244,0.0,2026-06-30,False,0.73212042263714,1.0,0.73212042263714,0.4266666666666667,0.2195483387138245,0.4549261744966443,0.03015968525804212,0.3870704616281342,0.03015968525804212,0.3156883063541158,140,0.8133333333333334,0.4266666666666667,0.03333333333333333,0.4,0.013333333333333334,0.07333333333333333,2026-09-03,v2,SPY Top 150,False
MMM,3M Co,Industrials,168.75,-0.88,31.1722,28.6067,3.7102,17.1327,0.03207986603447944,0.03495684577389213,0.2695272492048946,0.05836791632375516,77.12,39.4,0.6913,0.2723722,18.36,6.45,2.8465116279069766,-1.0460942543846632,4.2517,1.2402,2.35,-21.67,184.895,139.34,0.6455932389419381,12.8122,184.133562,9.1,0.6458333333333334,0.6521739130434783,-0.0063405797101449,0.5416666666666666,4,9,9,1,1,24,2.7111975465442586,0.0,2026-06-30,False,0.41878564191634093,0.5269607843137255,0.220683610323562,0.43333333333333335,0.4417672866135284,0.2186174496644295,0.42199490858597544,0.3380571481190645,0.2186174496644295,0.3141692084281375,141,0.17333333333333334,0.43333333333333335,0.38,0.12,0.6533333333333333,0.06666666666666667,2026-09-03,v2,SPY Top 150,False
GE,General Electric Co,Industrials,329.5,-0.48,42.0288,21.9811,7.445,41.3524,0.023793208466575302,0.04549362861731214,0.1343183344526528,0.02418239328309844,49.03,33.57,0.3937,0.13216508999999999,16.72,5.34,3.131086142322097,-1.141379954684452,1.086,0.9819,21.7,18.32,388.84,268.91,0.5052113733010923,21.2641,407.19522,23.6,0.78125,0.78125,0.0,0.875,9,19,3,1,0,32,1.2771939497465317,0.0,2026-06-30,False,0.20984151107251411,0.5,0.10492075553625706,0.5333333333333333,0.3306131950594711,0.6023087248322148,0.362249479287202,0.3535466475947622,0.10492075553625706,0.3038214691830612,142,0.05333333333333334,0.5333333333333333,0.16,0.6933333333333334,0.52,0.06,2026-09-03,v2,SPY Top 150,False
NOW,ServiceNow Inc,Technology,136.72,-4.32,78.7883,8.1806,8.9313,49.6512,0.012692239837640867,0.12224042246290003,0.11196578325663677,0.0201405001288992,13.77,74.79,0.5673,0.42428367,11.4,8.77,1.2998859749144813,-0.2622765490163582,0.6006,0.7006,22.19,0.87,194.73,81.24,0.4888536434928188,-18.0318,148.806678,8.8,0.7909090909090909,0.7870370370370371,0.0038720538720538045,0.9090909090909091,16,34,3,2,0,55,0.9298564235210325,0.0,2026-06-30,False,0.193099580257635,1.0,0.193099580257635,0.1,0.4660229789827538,0.5660000000000001,0.2636380467484378,0.3508274957715006,0.1,0.3006619966172005,143,0.14,0.1,0.4533333333333333,0.5933333333333334,0.34,0.05333333333333334,2026-09-03,v2,SPY Top 150,False
SNPS,Synopsys Inc,Technology,415.97,0.28,101.6965,3.0333,9.0604,52.1273,0.009833180099610114,0.32967395246101605,0.11037040307271202,0.01918380579849714,2.64,73.47,0.1822,0.13386234,13.35,21.84,0.6112637362637362,-0.49222676603044585,0.3293,1.4344,39.51,-68.85,615.79,366.0,0.20004804035389742,-24.375799999999998,559.068834,34.4,0.7734375,0.7580645161290323,0.015372983870967749,0.8125,10,16,5,1,0,32,0.875491545873812,0.0,2026-09-30,False,0.2718034447821682,1.0,0.2718034447821682,0.06,0.2691077288613357,0.8649865771812082,0.21219162230965055,0.359509238636632,0.06,0.2996073909093056,144,0.24,0.06,0.07333333333333333,0.9533333333333334,0.23333333333333334,0.04666666666666667,2026-09-03,v2,SPY Top 150,False
PFE,Pfizer Inc,Healthcare,29.02,1.65,35.1938,1.6304,2.3941,23.4787,0.028414095664577282,0.6133464180569185,0.41769349651225934,0.04259179596826059,4.89,74.71,0.3086,0.23055505999999998,6.79,18.78,0.3615548455804047,-1.017341532209512,0.7418,1.2669,-0.22,-59.91,29.09,23.58,0.9872958257713248,15.095600000000001,28.982076,-0.1,0.6180555555555556,0.625,-0.00694444444444442,0.3888888888888889,6,8,20,1,1,36,0.6416447957185399,0.0,2026-06-30,False,0.5924873353596758,1.0,0.5924873353596758,0.4866666666666667,0.2718991467398032,0.13010738255033558,0.17803749132145336,0.33108534473681167,0.13010738255033558,0.2908897522995164,145,0.6533333333333333,0.4866666666666667,0.08,0.04,0.14,0.04,2026-09-03,v2,SPY Top 150,False
IBM,International Business Machines Corp,Technology,231.7,0.13,20.6487,7.6717,3.2045,23.0827,0.04842919893262045,0.13034920552159235,0.3120611639881417,0.043322488270436305,33.51,58.1,0.4557,0.2647617,15.11,9.78,1.5449897750511248,-0.43501729223792224,1.7992,0.7908,7.9,82.66,332.46,199.19,0.2439408719141592,-4.152,248.956296,7.4,0.6774193548387096,0.7327586206896551,-0.05533926585094551,0.5161290322580645,8,8,13,2,0,31,-1.515345428295742,0.0,2026-06-30,False,0.5603582283977421,0.970880211780278,0.5440407154596212,0.26,0.3836991067432316,0.09966442953020134,0.1992594306873409,0.32694171139701617,0.09966442953020134,0.2814862550236532,146,0.6,0.26,0.23333333333333334,0.02,0.19333333333333333,0.03333333333333333,2026-09-03,v2,SPY Top 150,False
LIN,Linde PLC,Materials,487.45,0.14,30.4308,6.1393,6.2185,18.447,0.032861443011685525,0.1628850194647598,0.16081048484361182,0.054209356534937934,18.75,48.35,0.4081,0.19731635000000003,26.45,21.82,1.2121906507791016,-0.19242917789938352,0.7168,0.879,6.63,10.12,548.2,387.78,0.6213065702530854,3.7565999999999997,556.3616519999999,14.1,0.7016129032258065,0.7413793103448276,-0.03976640711902113,0.7096774193548387,5,17,7,2,0,31,-1.9474597995289649,0.0,2026-06-30,False,0.4717679837892604,1.0,0.4717679837892604,0.36,0.3836270272071918,0.18983892617449666,0.09461698680860912,0.32119043736566333,0.09461698680860912,0.2758757472542525,147,0.49333333333333335,0.36,0.22666666666666666,0.09333333333333334,0.06,0.02666666666666667,2026-09-03,v2,SPY Top 150,False
PANW,Palo Alto Networks Inc,Technology,328.48,-9.28,382.9378,5.2562,30.4291,198.843,0.0026113901526566455,0.19025151249952438,0.03286327890078905,0.005029093304768083,6.3,71.94,0.3585,0.25790489999999994,9.62,3.41,2.821114369501466,-1.0371319733821895,0.0489,0.8564,19.51,-30.49,398.88,139.57,0.728510277274305,85.5429,370.72104,12.9,0.753968253968254,0.7579365079365079,-0.003968253968253954,0.7777777777777778,16,33,13,1,0,63,1.3093020507950246,0.0,2026-09-30,False,0.15987769575915473,0.5317047817047817,0.08500773532308488,0.9133333333333333,0.3180079612223714,0.3617046979865772,0.2875815783383476,0.32346583187888356,0.08500773532308488,0.27577421256772383,148,0.02,0.9133333333333333,0.14,0.26666666666666666,0.36666666666666664,0.02,2026-09-03,v2,SPY Top 150,False
WELL,Welltower Inc,Real Estate,238.59,-0.76,107.0283,3.452,13.0035,62.0128,0.009343323214514292,0.28968713789107764,0.07690237243818972,0.016125703080654318,3.63,40.33,0.1935,0.07803855,3.57,11.1,0.3216216216216216,-1.1343795125267409,0.3819,1.0648,37.57,22.25,255.2,163.75,0.8183706943685075,41.5065,264.129,10.7,0.7589285714285714,0.7685185185185185,-0.009589947089947093,0.8214285714285714,6,17,5,0,0,28,-0.11430011723950567,0.0,2026-06-30,False,0.22704805326385877,1.0,0.22704805326385877,0.7533333333333333,0.19708861145235168,0.2873288590604027,0.19956954408701688,0.2786231335101366,0.19708861145235168,0.26231622909857966,149,0.18666666666666668,0.7533333333333333,0.013333333333333334,0.16666666666666666,0.2,0.013333333333333334,2026-09-03,v2,SPY Top 150,False
TSLA,Tesla Inc,Cons Discretionary,357.01,0.26,352.782,18.1867,12.9579,120.6108,0.00283461174322953,0.05498523646400942,0.07717299871121092,0.008291131474130011,4.569999999999999,18.85,0.7352,0.1385852,4.22,9.97,0.4232698094282848,-0.8597454559258266,0.1076,1.9409,11.75,-37.66,498.83,297.38,0.29600397120873667,9.8336,388.679772,8.9,0.6352459016393442,0.625,0.010245901639344246,0.4918032786885246,10,20,25,5,1,61,-2.4523766396480196,0.0,2026-06-30,False,0.10142205818497611,1.0,0.10142205818497611,0.42,0.30131765848641545,0.4877785234899329,0.019722286507752835,0.2582648597663182,0.019722286507752835,0.21055634511460514,150,0.04666666666666667,0.42,0.10666666666666667,0.4666666666666667,0.006666666666666667,0.006666666666666667,2026-09-03,v2,SPY Top 150,False
