ticker,name,sector,price,day_chg,pe_ttm,pb,ps_ttm,ev_ebitda,earn_yld,book_yld,sales_yld,ebitda_yld,roe,gross_margin,asset_turnover,gp_assets,op_margin_ttm,op_margin_5y,margin_ratio,margin_stability,debt_equity,current_ratio,rev_growth,eps_growth,w52_high,w52_low,w52_pos,stale_ref,mom_12_1,mean_target,upside_pct,analyst_score,analyst_score_3m_ago,revision_3m,buy_ratio,strong_buy,buy,hold,sell,strong_sell,total_recs,sue,pead_decay,last_report,days_since_report,has_earnings,score_value_raw,cyc_guard,score_value,score_momentum,score_quality,score_sentiment,score_catalyst,score_value_uni,score_quality_uni,weighted_mean,worst_lens,score_composite,rank,score_value_pct,score_momentum_pct,score_quality_pct,score_sentiment_pct,score_catalyst_pct,score_composite_pct,as_of,version,universe,in_top_n
NVDA,NVIDIA Corp,Technology,222.27,1.34,27.7724,20.768,17.6807,26.6854,0.036006970949575834,0.048151001540832045,0.05655884665199907,0.037473674743492696,110.11,74.67,1.2788,0.95487996,65.17,45.98,1.4173553719008265,-0.34879272100925357,0.1457,4.5889,83.38,125.15,236.54,164.27,0.8025460080254603,False,25.442899999999998,329.3376,48.2,0.8188405797101449,0.8152173913043478,0.0036231884057971175,0.9420289855072463,24,41,3,1,0,69,3.676278564427623,0.5666666666666667,2026-08-26,26.0,False,0.241196089706728,1.0,0.6176470588235294,0.6266666666666667,1.0,0.8010805369127516,0.7985628326776208,0.241196089706728,0.804304159643459,0.7970789636567425,0.6176470588235294,0.7611925826900999,1,0.6066666666666667,0.6266666666666667,0.9733333333333334,0.9133333333333333,0.9933333333333333,1.0,2026-09-21,v2,SPY Top 150,True
FDX,FedEx Corp,Industrials,303.65,-0.73,16.2114,2.5521,0.7587,8.576,0.06168498710783769,0.3918341757768113,1.3180440226703571,0.11660447761194029,15.110000000000001,62.11,1.0205,0.6338325499999999,5.76,6.03,0.9552238805970148,-0.04580953603129434,0.8125,1.4754,7.73,9.81,345.37,180.99,0.7461978342864094,False,73.62849999999999,361.55583,19.1,0.7214285714285714,0.7121212121212122,0.009307359307359264,0.6857142857142857,9,15,9,2,0,35,0.41769222888554963,0.0,,,False,0.8832250335441825,1.0,1.0,0.9133333333333333,1.0,0.6024697986577181,0.20733163619532516,0.8832250335441825,0.6553489367578017,0.7929270384941757,0.20733163619532516,0.6758079580344056,2,0.9733333333333334,0.9133333333333333,0.9733333333333334,0.6666666666666666,0.14666666666666667,0.9933333333333333,2026-09-21,v2,SPY Top 150,True
CVX,Chevron Corp,Energy,209.51,-0.97,20.1031,1.7386,1.9833,8.6529,0.04974357188692291,0.5751754285056943,0.5042101547925175,0.11556819101110609,10.979999999999999,43.65,0.6372,0.2781378,13.22,12.75,1.0368627450980392,-0.03619956281910508,0.1953,1.2522,11.17,34.62,217.78,146.49,0.8839949502033945,False,30.2652,225.202536,7.5,0.7583333333333333,0.7416666666666667,0.016666666666666607,0.8333333333333334,7,18,4,1,0,30,2.813694710521799,0.1333333333333333,2026-07-31,52.0,True,0.8248476135710179,1.0,0.6666666666666666,0.7,0.8333333333333334,0.6111543624161073,0.5859476972922935,0.8248476135710179,0.5508497224047463,0.6967896937437321,0.5859476972922935,0.6746212944534444,3,0.6566666666666666,0.7,0.8133333333333334,0.72,0.8333333333333334,0.9866666666666667,2026-09-21,v2,SPY Top 150,True
MU,Micron Technology Inc,Technology,1015.8,3.92,22.7315,10.34,12.7084,16.526,0.04399181752194092,0.09671179883945842,0.07868811180006925,0.06051071039574005,70.55,72.57,0.8929,0.6479775299999999,65.63,9.66,6.79399585921325,-1.9160392602612046,0.0568,3.4245,166.98,700.71,1255.0,154.65,0.7826146226200755,False,495.5039,1474.5329100000001,45.2,0.8017241379310345,0.8035714285714286,-0.001847290640394128,0.9137931034482759,18,35,4,1,0,58,4.226455705090022,0.0,2026-06-24,89.0,True,0.42218516388729155,0.5,0.5588235294117647,0.9933333333333333,0.7941176470588235,0.6296778523489932,0.6650636426753067,0.21109258194364577,0.7345549381481586,0.7029696266750162,0.5588235294117647,0.6741404072223659,4,0.5533333333333333,0.9933333333333333,0.7666666666666667,0.7533333333333333,0.9466666666666667,0.98,2026-09-21,v2,SPY Top 150,True
AMAT,Applied Materials Inc,Technology,444.57,6.51,38.0716,16.0073,11.4411,36.4415,0.026266298238056717,0.06247149737932068,0.08740418316420623,0.027441241441762826,40.44,49.4,0.7819,0.3862586,29.64,29.33,1.0105693828844187,-0.010513917438526452,0.2554,2.423,7.77,38.36,739.67,183.83,0.4690918249856075,False,137.29500000000002,649.210212,46.0,0.7833333333333333,0.7833333333333333,0.0,0.8666666666666667,12,27,6,0,0,45,0.9000104539017862,0.35,2026-08-13,39.0,False,0.2027372052903968,1.0,0.5294117647058824,0.96,0.9705882352941176,0.681006711409396,0.4645926868780375,0.2027372052903968,0.7839558561647096,0.7254196570782906,0.4645926868780375,0.67325426303824,5,0.5266666666666666,0.96,0.94,0.7933333333333333,0.66,0.9733333333333334,2026-09-21,v2,SPY Top 150,True
UNP,Union Pacific Corp,Industrials,279.37,-1.1,22.6421,7.8116,6.5316,15.3485,0.044165514682825355,0.12801474729888881,0.1531018433461939,0.06515294654200736,38.65,78.25,0.364,0.28482999999999997,40.03,40.23,0.9950285856326125,-0.0049838129572145375,1.467,0.9859,4.17,7.27,315.99,215.53,0.6354768066892296,False,33.8631,332.281116,18.9,0.7419354838709677,0.7327586206896551,0.009176863181312611,0.6774193548387096,9,12,10,0,0,31,1.739336906013676,0.0,2026-07-23,60.0,True,0.5038930419781483,1.0,0.6,0.74,0.92,0.6112214765100671,0.38361953251562136,0.5038930419781483,0.6031758039787066,0.6797872251793566,0.38361953251562136,0.6205536866466097,6,0.5933333333333334,0.74,0.9066666666666666,0.7266666666666667,0.5,0.9666666666666667,2026-09-21,v2,SPY Top 150,True
EOG,EOG Resources Inc,Energy,144.23,-0.85,11.0024,2.1685,2.805,5.7208,0.09088926052497637,0.4611482591653217,0.35650623885918004,0.17480072717102504,22.38,79.47,0.5085,0.40410494999999996,33.02,34.76,0.9499424626006906,-0.051353861905209186,0.2487,1.8514,18.67,24.77,154.16,101.59,0.8111089975271065,False,22.401799999999998,162.239364,12.5,0.6597222222222222,0.6666666666666666,-0.00694444444444442,0.4722222222222222,6,11,19,0,0,36,0.586965717530179,0.19999999999999996,2026-08-04,48.0,True,0.8821401188422464,1.0,1.0,0.5866666666666667,1.0,0.2128993288590604,0.3430502198565147,0.8821401188422464,0.6977935891209325,0.702704065416956,0.2128993288590604,0.6047431181053768,7,0.9733333333333334,0.5866666666666667,0.9733333333333334,0.1,0.38,0.96,2026-09-21,v2,SPY Top 150,True
COP,ConocoPhillips,Energy,131.83,-1.02,17.0623,1.9381,2.5002,6.7171,0.05860874559701799,0.5159692482328053,0.3999680025597952,0.14887376993047594,14.32,46.31,0.5156,0.23877436,22.51,25.7,0.8758754863813231,-0.1325313369825331,0.3564,1.5415,9.6,1.31,141.62,85.57,0.825334522747547,False,41.522999999999996,148.42448399999998,12.6,0.7419354838709677,0.7419354838709677,0.0,0.7419354838709677,7,16,8,0,0,31,3.2455704051692447,0.23333333333333328,2026-08-06,46.0,True,0.839933870040253,1.0,0.8333333333333334,0.7933333333333333,0.6666666666666666,0.41053691275167786,0.5430710483684332,0.839933870040253,0.47127128150920394,0.6512347064722672,0.41053691275167786,0.6030951477281493,8,0.82,0.7933333333333333,0.6566666666666666,0.34,0.7866666666666666,0.9533333333333334,2026-09-21,v2,SPY Top 150,True
CSCO,Cisco Systems Inc,Technology,109.51,-0.66,32.5434,8.9802,6.818,27.8843,0.030728196807954918,0.11135609451905303,0.14667057788207685,0.03586247458247114,27.389999999999997,64.52,0.5069,0.32705188,24.27,24.23,1.001650846058605,-0.001649484910075718,0.5873,0.9311,11.77,30.78,130.3656,66.81,0.6718526770261001,False,60.3366,137.34300000000002,25.4,0.7214285714285714,0.7196969696969697,0.0017316017316016952,0.6857142857142857,7,17,11,0,0,35,2.407220913859974,0.33333333333333337,2026-08-12,40.0,False,0.320973739697144,1.0,0.7352941176470589,0.88,0.5,0.5825100671140939,0.5906919694515158,0.320973739697144,0.6380720890590329,0.6269293382523108,0.5,0.6015434706018487,9,0.7266666666666667,0.88,0.4866666666666667,0.6333333333333333,0.8466666666666667,0.9466666666666667,2026-09-21,v2,SPY Top 150,True
WDC,Western Digital Corp,Technology,441.36,4.13,16.8854,22.4549,12.3174,37.0304,0.05922276049131202,0.044533709791626776,0.08118596457044507,0.02700483926719668,117.8,48.85,0.8777,0.42875645,30.25,11.1,2.725225225225225,-1.002551076158562,0.1187,1.3288,35.7,363.83,799.87,102.0,0.4862796795964865,False,321.7829,663.796518,50.4,0.75,0.7586206896551724,-0.008620689655172376,0.7741935483870968,7,17,7,0,0,31,2.217411658221307,0.21666666666666667,2026-08-05,47.0,True,0.35327870423615104,0.5504132231404959,0.5,0.9866666666666667,0.7058823529411765,0.48931543624161067,0.6132110622541078,0.19444927026551787,0.68552977363845,0.625276119135458,0.48931543624161067,0.5980839825566886,10,0.49333333333333335,0.9866666666666667,0.6933333333333334,0.44666666666666666,0.8733333333333333,0.94,2026-09-21,v2,SPY Top 150,True
BMY,Bristol-Myers Squibb Co,Healthcare,63.06,0.35,13.8763,5.2719,2.6189,10.8238,0.07206532000605348,0.18968493332574596,0.38183970369238995,0.0923889946229605,46.760000000000005,71.66,0.5449,0.39047534000000006,25.51,13.6,1.8757352941176473,-0.6290007394117139,1.932,1.5316,3.11,99.29,68.64,42.52,0.7863705972434917,False,43.9024,67.846524,7.6,0.6428571428571429,0.6285714285714286,0.014285714285714346,0.42857142857142855,7,8,18,2,0,35,4.637284440412436,0.1166666666666667,2026-07-30,53.0,True,0.7670356526739506,0.7996863974911799,0.6666666666666666,0.8066666666666666,0.5714285714285714,0.4977181208053691,0.6894411015968526,0.6133879778341275,0.5306143854336295,0.6217216941625064,0.4977181208053691,0.596920979491079,11,0.6566666666666666,0.8066666666666666,0.56,0.4666666666666667,0.9666666666666667,0.9333333333333333,2026-09-21,v2,SPY Top 150,False
SNDK,Sandisk Corp,Technology,1791.82,10.99,22.9473,16.422,12.9572,20.5451,0.04357811158611253,0.060893922786505905,0.0771771679066465,0.04867340631099386,93.13,71.47,1.2398,0.88608506,61.19,2.86,21.395104895104897,-3.063162152642688,0.0,2.2899,175.3,,2354.39,93.535,0.7511693584949056,False,1697.9299,2166.6654359999998,20.9,0.7954545454545454,0.7916666666666666,0.0037878787878787845,0.8484848484848485,11,17,5,0,0,33,1.2648324250882537,0.21666666666666667,2026-08-05,47.0,True,0.35661203756948445,0.5,0.38235294117647056,1.0,0.8235294117647058,0.6633288590604027,0.4233892617449665,0.17830601878474223,0.7465923682731956,0.6388212198973549,0.38235294117647056,0.5875275641531781,12,0.36,1.0,0.8066666666666666,0.78,0.5866666666666667,0.9266666666666666,2026-09-21,v2,SPY Top 150,False
UPS,United Parcel Service Inc,Industrials,99.06,-1.11,18.4417,6.0646,0.9372,9.9731,0.05422493587901332,0.16489133660917454,1.0670081092616304,0.10026972556176113,29.07,81.91,1.2509,1.0246121899999998,7.31,10.88,0.6718749999999999,-0.3976829676661096,1.625,1.179,-0.42,-20.08,122.41,82.0,0.42217272952239554,False,21.4329,118.57214400000001,19.7,0.6642857142857143,0.6590909090909091,0.0051948051948051965,0.5142857142857142,9,9,13,4,0,35,0.6073221974599818,0.08333333333333337,2026-07-28,55.0,True,0.7758635230975657,1.0,0.88,0.5733333333333334,0.88,0.5044295302013423,0.2134748900717427,0.7758635230975657,0.580528292812997,0.6742404728843632,0.2134748900717427,0.5820873563218391,13,0.86,0.5733333333333334,0.8666666666666667,0.4866666666666667,0.16666666666666666,0.92,2026-09-21,v2,SPY Top 150,False
APH,Amphenol Corp,Technology,77.55,-1.05,37.1808,14.0021,6.5917,22.4506,0.026895602031155867,0.07141785874975896,0.15170593321904818,0.044542239405628355,37.14,38.95,0.772,0.300694,27.03,21.28,1.2702067669172932,-0.23917969581491255,1.2143,1.8878,54.17,59.37,89.26,39.41,0.7650952858575726,False,29.250799999999998,100.76457599999999,29.9,0.782608695652174,0.7604166666666666,0.022192028985507317,0.8695652173913043,6,14,3,0,0,23,3.694949898643713,0.09999999999999998,2026-07-29,54.0,True,0.31166091623538433,1.0,0.7058823529411765,0.68,0.38235294117647056,0.8813087248322148,0.6432052765563527,0.31166091623538433,0.5315492005447151,0.6319190070381312,0.38235294117647056,0.5820057938657992,14,0.6933333333333334,0.68,0.37333333333333335,0.9866666666666667,0.92,0.9133333333333333,2026-09-21,v2,SPY Top 150,False
LOW,Lowe's Companies Inc,Cons Discretionary,192.49,-0.88,16.2573,316.2831,1.1942,11.4197,0.06151082898144218,0.003161724417144008,0.8373806732540613,0.08756797464031454,264.53000000000003,33.08,1.6561,0.5478378799999999,11.38,12.14,0.9373970345963757,-0.06464835693316727,52.2337,1.1046,8.16,-2.74,293.06,192.09,0.003961572744379575,False,-22.0951,257.46646200000004,33.8,0.7317073170731707,0.7317073170731707,0.0,0.6829268292682927,11,17,12,1,0,41,6.563798534130623,0.44999999999999996,2026-08-19,33.0,False,0.6572618363043895,1.0,1.0,0.06,0.8,0.5751543624161074,0.6588185605183986,0.6572618363043895,0.7071114952051729,0.7098536565609813,0.06,0.579882925248785,15,0.9733333333333334,0.06,0.78,0.6133333333333333,0.94,0.9066666666666666,2026-09-21,v2,SPY Top 150,False
TJX,TJX Companies Inc,Cons Discretionary,127.24,0.55,23.0692,16.3356,2.2443,14.8178,0.04334784041059075,0.0612159945150469,0.445573229960344,0.06748640149009974,59.77,32.0,1.7296,0.5534720000000001,12.69,10.47,1.2120343839541545,-0.19230025684385063,0.2696,1.1474,7.66,23.31,170.0,122.78,0.0944515036001693,False,-4.0878,172.67529000000002,35.7,0.7592592592592593,0.8076923076923077,-0.04843304843304841,0.7777777777777778,8,13,5,1,0,27,0.41155072386631114,0.44999999999999996,2026-08-19,33.0,False,0.5701523864289821,1.0,0.8,0.25333333333333335,1.0,0.3875436241610738,0.3769995371441796,0.5701523864289821,0.721519741165043,0.659391988737175,0.25333333333333335,0.5781802576564067,16,0.78,0.25333333333333335,0.9733333333333334,0.30666666666666664,0.46,0.9,2026-09-21,v2,SPY Top 150,False
GD,General Dynamics Corp,Industrials,353.05,-0.81,21.2882,3.8011,1.7411,14.946,0.046974380173053616,0.2630817394964616,0.5743495491356039,0.06690753378830457,17.43,15.38,0.9376,0.14420288,10.32,10.36,0.9961389961389963,-0.003868476777920206,0.2802,1.4409,9.13,10.13,400.0,306.77,0.4964067360291754,False,13.7027,428.598594,21.4,0.7121212121212122,0.7045454545454546,0.007575757575757569,0.6666666666666666,7,15,10,1,0,33,0.9835280370829034,0.09999999999999998,2026-07-29,54.0,True,0.717225416906268,1.0,0.8,0.47333333333333333,0.72,0.5874563758389262,0.33404998842860445,0.717225416906268,0.530344813301717,0.6309321067654092,0.33404998842860445,0.5715556830980484,17,0.78,0.47333333333333333,0.7066666666666667,0.6533333333333333,0.35333333333333333,0.8933333333333333,2026-09-21,v2,SPY Top 150,False
BAC,Bank of America Corp,Financials,57.73,-0.77,11.995,1.3281,2.32875,,0.08336807002917883,0.7529553497477599,0.4294149221685454,,11.129999999999999,,,,32.73721,33.47932,0.9778337791807001,-0.022415583330081108,2.4313,,99.36713,25.82,65.225,46.12,0.6076943208584141,False,17.5393,69.16569,19.8,0.75,0.75,0.0,0.7931034482758621,6,17,6,0,0,29,2.1898905017103685,0.0,2026-07-14,69.0,True,0.8134234234234234,1.0,0.7272727272727273,0.5466666666666666,0.6363636363636364,0.4819328859060402,0.4683962045822726,0.8134234234234234,0.4440229885057471,0.5940399472624883,0.4683962045822726,0.5689111987264452,18,0.7166666666666667,0.5466666666666666,0.63,0.43333333333333335,0.6733333333333333,0.8866666666666667,2026-09-21,v2,SPY Top 150,False
MSFT,Microsoft Corp,Technology,493.78,-0.8,27.4139,6.2636,11.0493,19.3836,0.03647784518072948,0.15965259595121015,0.09050347080810549,0.051590003920840295,33.22,67.94,0.4819,0.32740286,46.73,44.07,1.0603585205355117,-0.0586070778584392,0.2416,1.2303,17.79,31.56,553.72,349.2,0.7069235282612946,False,-0.22200000000000042,585.3670860000001,18.5,0.8152173913043478,0.8161764705882353,-0.0009590792838874984,0.927536231884058,23,41,5,0,0,69,4.113875052263524,0.09999999999999998,2026-07-29,54.0,True,0.40102453517347136,1.0,0.7941176470588235,0.32666666666666666,0.6176470588235294,0.502510067114094,0.6241217310807683,0.40102453517347136,0.6645432677199098,0.6106104691633655,0.32666666666666666,0.5538217086640257,19,0.7666666666666667,0.32666666666666666,0.6066666666666667,0.48,0.8933333333333333,0.88,2026-09-21,v2,SPY Top 150,False
CMI,Cummins Inc,Industrials,532.23,1.59,26.9868,7.6606,2.111,18.1954,0.03705515288956082,0.13053807795734015,0.47370914258645186,0.054958945667586315,21.89,25.66,1.0082,0.25870412,11.22,10.75,1.0437209302325583,-0.0427921455208786,0.599,1.7272,2.93,-7.98,737.76,400.72,0.3901910752432946,False,30.522199999999998,767.649348,44.2,0.7142857142857143,0.7053571428571429,0.008928571428571397,0.6785714285714286,5,14,9,0,0,28,-0.8749581576565397,0.19999999999999996,2026-08-04,48.0,True,0.549871573701361,1.0,0.72,0.7066666666666667,0.8,0.7270335570469799,0.13930108771117794,0.549871573701361,0.5710254025845404,0.6569685412327393,0.13930108771117794,0.553435050528427,20,0.7066666666666667,0.7066666666666667,0.78,0.8466666666666667,0.07333333333333333,0.8733333333333333,2026-09-21,v2,SPY Top 150,False
LMT,Lockheed Martin Corp,Industrials,533.38,-0.88,19.58,13.2024,1.5984,12.8986,0.05107252298263534,0.07574380415681997,0.6256256256256256,0.07752779371404649,86.24000000000001,11.8,1.274,0.15033200000000002,11.88,10.83,1.0969529085872576,-0.09253625292159959,2.3424,1.1929,7.2,52.8,692.0,437.25,0.3773503434739941,False,17.58,654.279612,22.7,0.6607142857142857,0.6339285714285714,0.0267857142857143,0.4642857142857143,6,7,14,1,0,28,1.291007267838419,0.0,2026-07-23,60.0,True,0.676206632164079,1.0,0.76,0.5533333333333333,0.44,0.7085033557046979,0.4318120805369128,0.676206632164079,0.47651750802312187,0.5838058165548099,0.4318120805369128,0.5534070693512305,21,0.74,0.5533333333333333,0.4266666666666667,0.82,0.5933333333333334,0.8666666666666667,2026-09-21,v2,SPY Top 150,False
NEE,Nextera Energy Inc,Utilities,80.47,-1.0,18.0513,3.2044,5.8485,17.8706,0.05539767218981458,0.31207090250905006,0.170984012994785,0.05595783017917697,16.82,,0.1318,,29.82,26.67,1.1181102362204725,-0.11163997114266946,1.929,0.5338,10.82,55.3,98.75,69.37,0.3778080326752892,False,15.945300000000001,99.58362,23.8,0.7232142857142857,0.7241379310344828,-0.000923645320197064,0.6428571428571429,8,10,9,1,0,28,0.7237897215676752,0.01666666666666672,2026-07-24,59.0,True,0.6239246693502012,1.0,0.4,0.52,1.0,0.4554295302013423,0.3556780837769035,0.6239246693502012,0.3968415088230532,0.596437618606804,0.3556780837769035,0.548285711640824,22,0.38666666666666666,0.52,0.9733333333333334,0.38666666666666666,0.4,0.86,2026-09-21,v2,SPY Top 150,False
MDT,Medtronic PLC,Healthcare,92.13,-0.69,22.52,2.176,3.1392,16.9556,0.04440497335701599,0.45955882352941174,0.31855249745158,0.05897756493429899,10.61,65.74,0.4068,0.26743032,18.08,17.4,1.0390804597701149,-0.03833614874354703,0.5605,2.0671,9.77,12.25,106.33,73.31,0.5699576014536643,False,-5.2523,107.18792400000001,16.3,0.7426470588235294,0.7094594594594594,0.03318759936407001,0.6764705882352942,10,13,11,0,0,34,3.771075492872469,0.6666666666666667,2026-09-01,20.0,False,0.6741470193597852,1.0,0.7619047619047619,0.24666666666666667,0.5238095238095238,0.7029731543624161,0.7296644295302015,0.6741470193597852,0.5247910512432268,0.6223300095877277,0.24666666666666667,0.5471973410035155,23,0.7466666666666667,0.24666666666666667,0.5133333333333333,0.8133333333333334,0.9866666666666667,0.8533333333333334,2026-09-21,v2,SPY Top 150,False
WFC,Wells Fargo & Co,Financials,86.12,-0.89,11.5182,1.389,1.90599,,0.08681912104321855,0.7199424046076314,0.5246617243532232,,12.55,,,,25.34514,25.21255,1.0052588889263483,-0.005245109259358108,2.5479,,72.74767,16.88,97.76,72.78,0.534027221777422,False,3.4502,102.714,19.3,0.7166666666666667,0.7413793103448276,-0.02471264367816095,0.6666666666666666,6,14,10,0,0,30,2.6848089464264913,0.0,2026-07-14,69.0,True,0.8361711711711711,1.0,0.8636363636363636,0.38,0.8181818181818182,0.2410268456375839,0.4856283267762092,0.8361711711711711,0.46739080459770116,0.6204132545075846,0.2410268456375839,0.5445359727335845,24,0.8466666666666667,0.38,0.8,0.13333333333333333,0.7266666666666667,0.8466666666666667,2026-09-21,v2,SPY Top 150,False
LRCX,Lam Research Corp,Technology,288.11,6.98,49.6213,41.2056,15.5177,41.5068,0.020152636065560555,0.02426854602287068,0.06444253980937897,0.024092437865602747,66.97,50.47,1.0607,0.53533529,35.29,31.37,1.1249601530124322,-0.1177476154845919,0.2995,2.6293,26.02,38.62,438.5,125.0,0.5202870813397129,False,132.51749999999998,375.581034,30.4,0.774390243902439,0.7682926829268293,0.0060975609756097615,0.8536585365853658,10,25,6,0,0,41,3.2502881658104763,0.09999999999999998,2026-07-29,54.0,True,0.0986198964922369,1.0,0.14705882352941177,0.9533333333333334,0.9117647058823529,0.7228859060402684,0.6071164082388336,0.0986198964922369,0.7775435486482111,0.6412720934242708,0.14705882352941177,0.5424294394452991,25,0.11333333333333333,0.9533333333333334,0.9,0.84,0.8666666666666667,0.84,2026-09-21,v2,SPY Top 150,False
AMZN,Amazon.com Inc,Cons Discretionary,253.71,1.0,20.229,4.6479,3.528,16.6578,0.04943398091848337,0.21515092837625593,0.2834467120181406,0.06003193699047893,30.5,50.77,0.872,0.4427144,12.08,7.2,1.6777777777777778,-0.5174701664846593,0.2816,1.0331,15.77,89.71,287.2,196.0,0.6327850877192984,False,12.0547,328.13644800000003,29.3,0.8006756756756757,0.8033333333333333,-0.002657657657657686,0.9324324324324325,20,49,5,0,0,74,0.6841049144849262,0.1166666666666667,2026-07-30,53.0,True,0.6331991566034119,0.8940397350993378,0.7,0.4533333333333333,0.6,0.5716241610738255,0.38802476278639203,0.5661052062348384,0.5779508851622241,0.5728618799660572,0.38802476278639203,0.5358944565301242,26,0.6866666666666666,0.4533333333333333,0.5866666666666667,0.5933333333333334,0.5266666666666666,0.8333333333333334,2026-09-21,v2,SPY Top 150,False
BK,BK,Financials,153.79,0.5,15.7933,1.8182,2.12845,,0.06331798927393262,0.5499945000549994,0.46982545984166885,,13.48,,,,26.54159,28.68099,0.9254070379021087,-0.07752159728409598,1.1894,,284.5591,31.5,165.84,103.1103,0.8079059839278682,False,46.3599,143.663022,-6.6,,,,,0,0,0,0,0,0,,0.0,,,False,0.768018018018018,1.0,0.6363636363636364,0.82,0.6818181818181818,0.352,0.3796551724137931,0.768018018018018,0.4552183908045977,0.5729846394984326,0.352,0.528787711598746,27,0.63,0.82,0.68,0.26,0.47333333333333333,0.8266666666666667,2026-09-21,v2,SPY Top 150,False
JPM,JPMorgan Chase & Co,Financials,349.67,0.1,14.2851,2.3228,2.89596,,0.07000301012943556,0.4305148958153952,0.3453086368596251,,17.810000000000002,,,,41.22809,38.1933,1.0794587008716188,-0.07645971259532333,3.3045,,108.9793,19.48,366.5,279.1,0.8074370709382153,False,13.4172,381.727146,9.2,0.675,0.6666666666666666,0.008333333333333415,0.6,3,15,12,0,0,30,1.463788500270821,0.0,2026-07-14,69.0,True,0.7451801801801801,1.0,0.5909090909090909,0.4666666666666667,0.7272727272727273,0.4700738255033557,0.3831659338116177,0.7451801801801801,0.4564310344827586,0.5640654127481713,0.3831659338116177,0.5278855169608606,28,0.58,0.4666666666666667,0.7166666666666667,0.4,0.49333333333333335,0.82,2026-09-21,v2,SPY Top 150,False
KLAC,KLA Corp,Technology,176.99,4.74,47.8693,62.0673,17.0291,38.8179,0.02089021564969615,0.016111543437526684,0.05872300943678762,0.025761311147692173,85.38,61.57,0.8004,0.49280628000000004,41.77,38.55,1.0835278858625164,-0.08022227849974561,0.9272,2.8762,11.71,20.63,307.3743,98.1,0.37696936508687406,False,68.2156,233.856624,32.1,0.7428571428571429,0.7357142857142858,0.0071428571428571175,0.6857142857142857,10,14,11,0,0,35,1.4749887460556024,0.08333333333333337,2026-07-28,55.0,True,0.10026260302856048,1.0,0.20588235294117646,0.9,0.8823529411764706,0.6923087248322148,0.41841819023374227,0.10026260302856048,0.7585433105733794,0.6074009440897397,0.20588235294117646,0.527097225860027,29,0.17333333333333334,0.9,0.8733333333333333,0.8066666666666666,0.5733333333333334,0.8133333333333334,2026-09-21,v2,SPY Top 150,False
PH,Parker-Hannifin Corp,Industrials,943.54,1.97,32.6017,8.0062,5.5319,25.3545,0.03067324710061132,0.12490320001998452,0.1807697174569316,0.03944073044232779,25.11,37.84,0.7006,0.26510704,21.65,19.62,1.103465851172273,-0.09845600031128168,0.5531,1.2623,8.31,5.03,1099.94,715.37,0.5933120108172762,False,28.5218,1186.289172,25.7,0.7647058823529411,0.7647058823529411,0.0,0.7941176470588235,9,18,7,0,0,34,4.28790922676389,0.23333333333333328,2026-08-06,46.0,True,0.36788288288288284,1.0,0.32,0.6533333333333333,0.76,0.572765100671141,0.5963503818560518,0.36788288288288284,0.544712500833262,0.5773389107459692,0.32,0.5258711285967754,30,0.2866666666666667,0.6533333333333333,0.74,0.6066666666666667,0.86,0.8066666666666666,2026-09-21,v2,SPY Top 150,False
GOOG,Alphabet Inc,Comm Services,344.41,0.21,17.5053,6.7585,9.5878,27.5684,0.057125556260104085,0.14796182584893097,0.10429921358392959,0.036273414489052684,50.839999999999996,60.9,0.6467,0.39384030000000003,33.11,29.71,1.1144395826321103,-0.10835166208463853,0.1533,2.724,20.05,115.31,408.61,235.84,0.6284077096718181,False,35.687,429.375426,24.7,0.7964285714285714,0.782608695652174,0.013819875776397428,0.9,20,43,7,0,0,70,-0.5336987384061047,0.0,2026-07-22,61.0,True,0.460983802951888,1.0,0.22727272727272727,0.7633333333333333,0.8636363636363636,0.8137583892617449,0.2509534829900486,0.460983802951888,0.7558945114228306,0.5926371245432805,0.22727272727272727,0.5195642450891699,31,0.18666666666666668,0.7633333333333333,0.8466666666666667,0.9333333333333333,0.25,0.8,2026-09-21,v2,SPY Top 150,False
GOOGL,Alphabet Inc,Comm Services,349.54,0.64,17.5053,6.7585,9.5878,27.5684,0.057125556260104085,0.14796182584893097,0.10429921358392959,0.036273414489052684,50.839999999999996,60.9,0.6467,0.39384030000000003,33.11,29.71,1.1144395826321103,-0.10835166208463853,0.1533,2.724,20.05,115.31,408.61,235.84,0.6581003646466401,False,35.687,433.279374,24.0,0.7964285714285714,0.782608695652174,0.013819875776397428,0.9,20,43,7,0,0,70,-0.5336987384061047,0.0,2026-07-22,61.0,True,0.460983802951888,1.0,0.22727272727272727,0.7633333333333333,0.8636363636363636,0.8077583892617449,0.2509534829900486,0.460983802951888,0.7558945114228306,0.5914371245432806,0.22727272727272727,0.5186042450891699,32,0.18666666666666668,0.7633333333333333,0.8466666666666667,0.92,0.25,0.7933333333333333,2026-09-21,v2,SPY Top 150,False
TXN,Texas Instruments Inc,Technology,266.64,3.29,40.236,15.0648,12.5178,27.0798,0.02485336514564072,0.0663799054750146,0.07988624199140425,0.03692789459301767,35.77,58.33,0.5563,0.32448978999999994,37.29,42.06,0.8865905848787445,-0.12037197608382441,0.7804,4.8573,16.66,20.26,334.03,152.73,0.628295642581357,False,44.6158,315.719376,18.4,0.6395348837209303,0.625,0.014534883720930258,0.4883720930232558,7,14,19,2,1,43,1.6630994233063483,0.0,2026-07-22,61.0,True,0.22563350584627181,1.0,0.5882352941176471,0.8133333333333334,0.4411764705882353,0.583731543624161,0.41277019208516547,0.22563350584627181,0.6111770800598043,0.5394069355768227,0.41277019208516547,0.5140795868784913,33,0.5733333333333334,0.8133333333333334,0.43333333333333335,0.64,0.5533333333333333,0.7866666666666666,2026-09-21,v2,SPY Top 150,False
HCA,HCA Healthcare Inc,Healthcare,427.71,-0.31,13.538,256.9178,1.187,8.9734,0.07386615452799528,0.0038922955124168117,0.8424599831508003,0.11144047963982437,695.73,85.26,1.2728,1.08518928,15.48,15.39,1.0058479532163742,-0.005830920310793144,125.7976,0.993,7.31,25.46,556.52,353.99,0.3639954574630918,False,3.4455,462.27726,8.1,0.6833333333333333,0.7,-0.016666666666666607,0.5666666666666667,6,11,12,1,0,30,0.14601096312744102,0.01666666666666672,2026-07-24,59.0,True,0.6965152386428983,1.0,0.8095238095238095,0.37333333333333335,1.0,0.13861744966442954,0.24047327007637123,0.6965152386428983,0.7779645458960661,0.6035087661586273,0.13861744966442954,0.5105305028597877,34,0.7933333333333333,0.37333333333333335,0.9733333333333334,0.04666666666666667,0.22666666666666666,0.78,2026-09-21,v2,SPY Top 150,False
ADBE,Adobe Inc,Technology,248.92,-1.48,13.584,9.0964,3.81,10.8987,0.07361601884570082,0.10993360010553627,0.26246719160104987,0.09175406241111325,62.39,89.25,0.855,0.7630874999999999,35.7,34.73,1.027929743737403,-0.027546822029611003,0.5769,0.7508,12.03,11.68,370.86,190.12,0.32532920216886124,False,-17.275900000000004,284.323368,14.2,0.6086956521739131,0.6222222222222222,-0.01352657004830915,0.391304347826087,7,11,23,5,0,46,-3.0129188221236705,0.8166666666666667,2026-09-10,11.0,False,0.6776442399846656,1.0,0.9411764705882353,0.1,0.9411764705882353,0.1531275167785235,0.3303320990511456,0.6776442399846656,0.7785971488158158,0.6078223770369059,0.1,0.5062579016295248,35,0.9133333333333333,0.1,0.9133333333333333,0.05333333333333334,0.3466666666666667,0.7733333333333333,2026-09-21,v2,SPY Top 150,False
COF,Capital One Financial Corp,Financials,202.43,0.19,11.8049,1.0861,1.11745,,0.08471058628196766,0.9207255317189945,0.8948946261577698,,9.28,,,,18.32824,28.31922,0.6472014412826342,-0.4350976862894166,0.3938,,38.19094,521.95,259.64,174.24,0.33009367681498836,False,-6.255999999999999,264.384,30.6,0.7758620689655172,0.7672413793103449,0.008620689655172376,0.8275862068965517,8,16,5,0,0,29,1.3736360514667123,0.0,2026-07-21,62.0,True,0.8704504504504503,1.0,0.9545454545454546,0.22,0.2727272727272727,0.7701879194630873,0.4791205739412173,0.8704504504504503,0.37562068965517237,0.5683602154383455,0.22,0.49868817235067636,36,0.9266666666666666,0.22,0.24333333333333335,0.8866666666666667,0.6933333333333334,0.7666666666666667,2026-09-21,v2,SPY Top 150,False
CRH,CRH PLC,Industrials,86.15,-0.63,14.9334,2.9747,1.4836,8.9779,0.0669639867679162,0.3361683531112381,0.6740361283364789,0.11138462223905368,16.259999999999998,36.25,0.6616,0.23983,15.09,12.76,1.182601880877743,-0.16771699486311373,0.7691,1.5788,6.29,17.98,131.55,85.465,0.014863838559184163,False,-14.7621,140.354142,62.9,0.8125,0.8055555555555556,0.00694444444444442,0.9285714285714286,9,17,2,0,0,28,1.17485306331291,0.1166666666666667,2026-07-30,53.0,True,0.852934636764424,1.0,0.96,0.11333333333333333,0.4,0.8355973154362416,0.375735940754455,0.852934636764424,0.44676123951280367,0.5948131875337499,0.11333333333333333,0.4985172166936666,37,0.9333333333333333,0.11333333333333333,0.38666666666666666,0.9466666666666667,0.4533333333333333,0.76,2026-09-21,v2,SPY Top 150,False
NOC,Northrop Grumman Corp,Industrials,527.39,0.65,16.6643,4.0449,1.7468,14.3428,0.060008521210011816,0.24722490049197754,0.572475383558507,0.06972139331232395,26.58,20.06,0.8517,0.17085102,10.72,10.68,1.00374531835206,-0.003738322110607158,0.8494,1.1682,5.9,15.95,774.0,479.02,0.16397721879449453,False,-5.7993,663.671058,25.8,0.6964285714285714,0.7053571428571429,-0.008928571428571508,0.6071428571428571,5,12,11,0,0,28,1.6843868957220978,0.0,2026-07-21,62.0,True,0.7734617596319724,1.0,0.84,0.24,0.64,0.3529530201342282,0.4037121036797038,0.7734617596319724,0.5106871172947081,0.5571474195788012,0.24,0.49371793566304095,38,0.8266666666666667,0.24,0.64,0.26666666666666666,0.54,0.7533333333333333,2026-09-21,v2,SPY Top 150,False
PWR,Quanta Services Inc,Technology,636.71,3.27,72.1432,11.2108,2.9091,38.6561,0.013861320263032415,0.08919970028900702,0.3437489257846069,0.02586913837660809,14.74,15.46,1.2941,0.20006786000000001,6.19,5.39,1.1484230055658629,-0.13838970177559906,0.6334,1.0983,26.3,35.37,788.75,376.07,0.6315789473684211,False,58.1083,803.6281140000001,26.2,0.7708333333333334,0.75,0.02083333333333337,0.7777777777777778,11,17,8,0,0,36,4.549570905131631,0.1166666666666667,2026-07-30,53.0,True,0.29438374544757523,1.0,0.6764705882352942,0.8666666666666667,0.17647058823529413,0.826751677852349,0.6502233279333487,0.29438374544757523,0.3966932739098553,0.5716093249565506,0.17647058823529413,0.4925815776122993,39,0.6666666666666666,0.8666666666666667,0.13333333333333333,0.94,0.9266666666666666,0.7466666666666667,2026-09-21,v2,SPY Top 150,False
HD,Home Depot Inc,Cons Discretionary,299.98,-0.84,21.0365,20.4032,1.7691,14.3565,0.04753642478549188,0.04901191969887077,0.5652591713300549,0.0696548601678682,102.67999999999999,33.21,1.5787,0.52428627,12.43,14.18,0.8765867418899859,-0.13171961558136172,3.1832,1.0781,2.5,-2.94,421.39,289.1,0.08224355582432534,False,-19.6498,381.108516,27.0,0.6902173913043478,0.6902173913043478,0.0,0.6086956521739131,9,19,17,0,1,46,0.46311599854457963,0.43333333333333335,2026-08-18,34.0,False,0.6073135901859306,1.0,0.9,0.08666666666666667,0.7,0.49754362416107384,0.31351307567692666,0.6073135901859306,0.6472495976535345,0.5902023528504203,0.08666666666666667,0.4894952156136696,40,0.8733333333333333,0.08666666666666667,0.6866666666666666,0.46,0.3333333333333333,0.74,2026-09-21,v2,SPY Top 150,False
ACN,Accenture PLC,Technology,181.29,-4.73,14.2417,3.7846,1.5176,8.0833,0.07021633653285773,0.2642287163768958,0.6589351607801792,0.12371185035814582,24.89,32.01,1.0994,0.35191794,14.49,14.67,0.9877300613496933,-0.012345835822299266,0.1612,1.3392,6.74,-0.37,291.09,118.15,0.3650977217532092,False,-19.8571,198.24924,9.4,0.6953125,0.6953125,0.0,0.59375,6,13,13,0,0,32,0.7184978836946156,0.0,2026-06-18,95.0,True,0.8506114625263561,1.0,1.0,0.08,0.7647058823529411,0.3489127516778524,0.22870168942374453,0.8506114625263561,0.7123452561209039,0.5914995684550145,0.08,0.4891996547640116,41,0.9733333333333334,0.08,0.7533333333333333,0.25333333333333335,0.18666666666666668,0.7333333333333333,2026-09-21,v2,SPY Top 150,False
BKNG,Booking Holdings Inc,Comm Services,167.9,-1.54,17.4999,91.9014,4.4672,13.1023,0.05714318367533529,0.01088122705421245,0.2238538681948424,0.07632247773291713,139.63,98.09,0.9787,0.96000683,32.87,28.47,1.1545486476993325,-0.14370948638618175,11.2905,1.0943,12.85,57.21,225.0,150.14,0.23724285332620915,False,-7.2163,242.76397799999998,44.6,0.776595744680851,0.7771739130434783,-0.0005781683626272516,0.8297872340425532,13,26,8,0,0,47,0.42937627612718865,0.19999999999999996,2026-08-04,48.0,True,0.5299463293080314,1.0,0.5454545454545454,0.21333333333333335,0.7272727272727273,0.6129261744966443,0.36507752834991897,0.5299463293080314,0.6737598396327935,0.5532256520306046,0.21333333333333335,0.4852471882911504,42,0.5433333333333333,0.21333333333333335,0.7166666666666667,0.7333333333333333,0.42,0.7266666666666667,2026-09-21,v2,SPY Top 150,False
CB,Chubb Limited,Financials,340.64,-0.37,11.7496,1.7534,2.1264,8.7683,0.08510928031592566,0.5703205201323144,0.4702784048156509,0.114047192728351,15.18,,0.2249,,23.26,19.24,1.2089397089397091,-0.1897437018529581,0.2425,0.162,8.02,24.7,365.91,265.3,0.7488321240433353,False,23.5918,361.746978,6.2,0.6642857142857143,0.6714285714285714,-0.0071428571428571175,0.5142857142857142,8,10,15,1,1,35,0.8488979884416739,0.0,2026-07-21,62.0,True,0.8904562008817328,1.0,1.0,0.6,0.5909090909090909,0.15753020134228188,0.32193936588752603,0.8904562008817328,0.43750040472721385,0.5670696724243126,0.15753020134228188,0.4851617782079065,43,0.9733333333333334,0.6,0.5733333333333334,0.06666666666666667,0.34,0.72,2026-09-21,v2,SPY Top 150,False
REGN,Regeneron Pharmaceuticals Inc,Healthcare,784.85,-0.58,18.6671,2.0614,5.2015,18.5408,0.053570184977848725,0.4851072086931212,0.1922522349322311,0.05393510528132551,13.81,85.97,0.3805,0.32711585,24.74,35.7,0.6929971988795517,-0.36672932182125173,0.0854,3.3353,9.29,1.88,859.34,541.0,0.7660049004209336,False,32.871,856.401894,9.1,0.7236842105263158,0.7368421052631579,-0.013157894736842035,0.6842105263157895,8,18,12,0,0,38,2.530298006330677,0.1166666666666667,2026-07-30,53.0,True,0.6619216024535174,1.0,0.7142857142857143,0.7266666666666667,0.6190476190476191,0.2076778523489933,0.46384980328627634,0.6619216024535174,0.533138745250407,0.5480654219151211,0.2076778523489933,0.47998790800189556,44,0.7,0.7266666666666667,0.6133333333333333,0.09333333333333334,0.6533333333333333,0.7133333333333334,2026-09-21,v2,SPY Top 150,False
AMGN,Amgen Inc,Healthcare,385.65,1.55,23.847,16.7214,5.473,16.6684,0.0419339958904684,0.05980360496130707,0.18271514708569342,0.05999376064889252,89.32,74.3,0.4131,0.3069333,30.32,28.53,1.0627409744128986,-0.06085139554876219,4.9028,1.3709,9.1,31.72,447.03,269.77,0.6537289856707661,False,50.1033,397.26756,3.0,0.627906976744186,0.6337209302325582,-0.005813953488372103,0.46511627906976744,6,14,20,2,1,43,3.6317970306339107,0.19999999999999996,2026-08-04,48.0,True,0.4547987349051179,1.0,0.47619047619047616,0.8466666666666667,0.7619047619047619,0.15963758389261748,0.6286554038417033,0.4547987349051179,0.6089119551657477,0.5585115416404933,0.15963758389261748,0.4787367500909182,45,0.4666666666666667,0.8466666666666667,0.7466666666666667,0.07333333333333333,0.9,0.7066666666666667,2026-09-21,v2,SPY Top 150,False
SYK,Stryker Corp,Healthcare,275.12,-1.79,28.2994,5.0316,4.0844,18.7567,0.03533643822837233,0.19874393830988155,0.24483400254627366,0.053314282363102254,16.36,65.31,0.5465,0.35691915,21.32,17.04,1.251173708920188,-0.22408207789647427,0.6229,2.1571,8.48,27.71,392.55,267.0,0.06467542811628836,False,-12.152099999999999,385.783584,40.2,0.7867647058823529,0.7857142857142857,0.0010504201680672232,0.7941176470588235,12,15,7,0,0,34,1.1215459503060061,0.1166666666666667,2026-07-30,53.0,True,0.513814452750623,1.0,0.5714285714285714,0.14,0.6666666666666666,0.7324295302013423,0.40015158528118494,0.513814452750623,0.5407866897123104,0.563365786689589,0.14,0.4786926293516713,46,0.5666666666666667,0.14,0.6566666666666666,0.86,0.5333333333333333,0.7,2026-09-21,v2,SPY Top 150,False
PM,Philip Morris International Inc,Cons Staples,188.62,-0.98,27.0357,1368.8571,6.91,18.8873,0.03698813050891969,0.000730536445330926,0.1447178002894356,0.05294563013241702,575.44,67.51,0.6224,0.42018224,37.75,36.94,1.0219274499187874,-0.02169050092393995,186.0804,0.9798,8.93,31.96,207.76,142.11,0.7084539223153086,False,15.9,204.72675,8.5,0.7685185185185185,0.7596153846153846,0.008903133903133909,0.7407407407407407,9,11,7,0,0,27,2.0212465868594633,0.0,2026-07-22,61.0,True,0.31075234809277363,1.0,0.125,0.5133333333333333,1.0,0.5614228187919463,0.4727192779449202,0.31075234809277363,0.6958227628108067,0.5657757887834607,0.125,0.4776206310267686,47,0.09333333333333334,0.5133333333333333,0.9733333333333334,0.5666666666666667,0.68,0.6933333333333334,2026-09-21,v2,SPY Top 150,False
USB,US Bancorp,Financials,60.06,-0.32,11.4565,1.3955,2.0972,,0.08728669314363026,0.7165890361877464,0.4768262445164982,,12.479999999999999,,,,25.22268,35.30532,0.7144158444109839,-0.33629007103899267,1.4238,,84.11849,18.72,66.075,45.02,0.7143196390406079,False,22.0859,70.914276,18.1,0.6944444444444444,0.6574074074074074,0.03703703703703698,0.5925925925925926,6,10,10,1,0,27,2.558705280264017,0.0,2026-07-16,67.0,True,0.8265315315315315,1.0,0.8181818181818182,0.58,0.22727272727272727,0.6680067114093959,0.48245776440638743,0.8265315315315315,0.35279310344827586,0.53669727967011,0.22727272727272727,0.4748123691906335,48,0.8033333333333333,0.58,0.19333333333333333,0.7866666666666666,0.72,0.6866666666666666,2026-09-21,v2,SPY Top 150,False
FCX,Freeport-McMoRan Inc,Materials,71.54,0.97,34.8838,4.4959,3.9714,11.9117,0.028666601689036172,0.22242487599813165,0.2518003726645515,0.08395107331447232,15.260000000000002,27.06,0.443,0.1198758,26.76,29.35,0.9117546848381601,-0.09238431101407775,0.4668,2.0661,-24.23,53.11,80.24,35.15,0.8070525615435797,False,64.7708,75.06129,4.9,0.725,0.725,0.0,0.8,5,19,5,0,1,30,2.634569696508523,0.0,2026-07-23,60.0,True,0.5380966072455434,1.0,0.5380966072455434,0.8933333333333333,0.43525044996143186,0.3397986577181208,0.5539967600092571,0.5380966072455434,0.43525044996143186,0.5054918656781615,0.3397986577181208,0.4723532240861534,49,0.5333333333333333,0.8933333333333333,0.42,0.24,0.8133333333333334,0.68,2026-09-21,v2,SPY Top 150,False
PNC,PNC Financial Services Group Inc,Financials,233.17,0.5,12.1948,1.5348,2.34179,,0.08200216485715223,0.6515506906437321,0.4270237724134103,,12.34,,,,34.5423,,,,0.7078,,72.26733,22.76,258.96,176.88,0.6857943469785576,False,15.737,280.016826,20.1,0.75,0.7592592592592593,-0.0092592592592593,0.7037037037037037,8,11,8,0,0,27,1.8742588172348609,0.0,2026-07-15,68.0,True,0.8047297297297297,1.0,0.6818181818181818,0.5,0.5,0.3376040268456376,0.4419625086785467,0.8047297297297297,0.42533333333333334,0.504269727125455,0.3376040268456376,0.4709365870694916,50,0.68,0.5,0.4866666666666667,0.23333333333333334,0.62,0.6733333333333333,2026-09-21,v2,SPY Top 150,False
WMT,Walmart Inc,Cons Staples,106.73,-0.06,38.357,9.0081,1.1508,18.8395,0.02607086059910838,0.11101120103018394,0.8689607229753215,0.05307996496722312,22.74,25.23,2.5443,0.64192689,4.39,3.99,1.1002506265664158,-0.09553799618530769,0.5827,0.7671,6.16,4.13,135.16,98.88,0.21637265711135634,False,1.2475999999999998,130.01481,21.8,0.78125,0.796875,-0.015625,0.875,12,30,6,0,0,48,1.8727998000694324,0.4666666666666667,2026-08-20,32.0,False,0.5056392562775541,1.0,0.5,0.34,0.625,0.3897785234899329,0.5165378384633186,0.5056392562775541,0.6361716233846623,0.5019363804674843,0.34,0.4695491043739875,51,0.49333333333333335,0.34,0.62,0.31333333333333335,0.76,0.6666666666666666,2026-09-21,v2,SPY Top 150,False
QCOM,Qualcomm Inc,Technology,177.72,-5.82,20.1585,7.1918,4.2353,16.8561,0.04960686559019768,0.13904724825495704,0.23611078317946782,0.059325704047792784,37.330000000000005,54.23,0.8098,0.43915454,23.0,27.9,0.8243727598566308,-0.19313247289817023,0.5521,2.0156,1.88,-16.65,259.92,121.99,0.40404553034147755,False,1.4570999999999996,198.28341,11.6,0.6122448979591837,0.609375,0.002869897959183687,0.40816326530612246,5,15,26,3,0,49,-0.4818001792575668,0.09999999999999998,2026-07-29,54.0,True,0.5813312248418632,1.0,0.9117647058823529,0.35333333333333333,0.6470588235294118,0.3827248322147651,0.12589446887294609,0.5813312248418632,0.6696912550352827,0.5528212936366401,0.12589446887294609,0.4674359286839013,52,0.9,0.35333333333333333,0.6466666666666666,0.3,0.04666666666666667,0.66,2026-09-21,v2,SPY Top 150,False
LLY,Eli Lilly and Co,Healthcare,1152.93,0.04,40.6316,33.3408,13.6234,31.6603,0.02461138621171699,0.02999328150494289,0.07340311522821029,0.03158529767563795,92.58,83.4,0.6553,0.5465202,42.22,26.78,1.5765496639283045,-0.455238702157148,1.6207,1.3546,49.58,94.62,1292.65,712.05,0.7593523940750947,False,51.447199999999995,1326.3134459999999,15.0,0.7631578947368421,0.7631578947368421,0.0,0.7894736842105263,11,19,7,1,0,38,3.587324693569875,0.21666666666666667,2026-08-05,47.0,True,0.15516676250718803,0.9514448128848888,0.09523809523809523,0.8533333333333334,0.8571428571428571,0.4560536912751678,0.6744376301781995,0.1476326113196055,0.627962598443943,0.5586620970674777,0.09523809523809523,0.4659772967016012,53,0.06666666666666667,0.8533333333333334,0.8333333333333334,0.3933333333333333,0.96,0.6533333333333333,2026-09-21,v2,SPY Top 150,False
ANET,Arista Networks Inc,Technology,199.39,-0.07,62.1756,14.4559,23.8574,53.7084,0.016083479692998538,0.06917590741496552,0.04191571587851149,0.018619061450350412,30.78,63.0,0.5088,0.320544,43.14,37.92,1.1376582278481013,-0.12897196357418933,0.0,2.9572,32.57,24.69,214.89,114.52,0.8455713858722725,False,34.063199999999995,242.09516399999998,21.4,0.8,0.8014705882352942,-0.0014705882352941124,0.9428571428571428,9,24,2,0,0,35,7.291434652164328,0.19999999999999996,2026-08-04,48.0,True,0.1203344834195898,1.0,0.2647058823529412,0.7466666666666667,0.5588235294117647,0.5213489932885906,0.6725063642675306,0.1203344834195898,0.6574835061756611,0.5136359493762791,0.2647058823529412,0.4638499359716115,54,0.24,0.7466666666666667,0.5466666666666666,0.5133333333333333,0.9533333333333334,0.6466666666666666,2026-09-21,v2,SPY Top 150,False
DUK,Duke Energy Corp,Utilities,117.53,-0.85,17.4649,1.8024,2.756,11.4991,0.05725769972917108,0.5548158011540169,0.362844702467344,0.08696332756476594,9.879999999999999,45.96976,0.169,0.0776888944,27.75,24.09,1.1519302615193026,-0.14143902356566346,1.6664,0.6612,6.33,7.71,134.49,113.9,0.17629917435648348,False,-0.39080000000000004,138.83393400000003,18.1,0.6666666666666666,0.6517857142857143,0.014880952380952328,0.5555555555555556,4,11,11,1,0,27,1.6620938571337012,0.19999999999999996,2026-08-04,48.0,True,0.8035691010159095,1.0,1.0,0.31333333333333335,0.2,0.604248322147651,0.43769034945614443,0.8035691010159095,0.18852592158767345,0.5278365501812852,0.2,0.4622692401450281,55,0.9733333333333334,0.31333333333333335,0.17333333333333334,0.6866666666666666,0.6066666666666667,0.64,2026-09-21,v2,SPY Top 150,False
SLB,SLB NV,Energy,51.12,-1.84,24.4661,2.6657,2.0863,12.4043,0.040872881252018094,0.37513598679521326,0.47931745194842545,0.08061720532396024,11.93,17.07,0.6611,0.11284977,11.44,14.66,0.7803547066848567,-0.2480067105068536,0.4908,1.4392,2.5,-29.35,60.46,31.64,0.6759195003469811,False,62.0921,63.267234,23.8,0.7720588235294118,0.75,0.022058823529411797,0.8529411764705882,10,19,3,2,0,34,2.4499571496668424,0.01666666666666672,2026-07-24,59.0,True,0.7082096990607629,1.0,0.3333333333333333,0.8866666666666667,0.3333333333333333,0.8084496644295301,0.3879206202267994,0.7082096990607629,0.31446580769267396,0.4918780259199259,0.3333333333333333,0.4601690874026074,56,0.30333333333333334,0.8866666666666667,0.31,0.9266666666666666,0.52,0.6333333333333333,2026-09-21,v2,SPY Top 150,False
UNH,UnitedHealth Group Inc,Healthcare,376.9,0.45,23.9558,3.6115,0.7516,14.8391,0.041743544360864596,0.27689325764917627,1.3304949441192122,0.06738953171014414,14.399999999999999,,1.4436,,4.74,7.2,0.6583333333333333,-0.41804389031502454,0.7016,0.7385,6.46,-32.66,461.62,255.97,0.5880379285193288,False,15.7805,482.64207,28.1,0.7573529411764706,0.7426470588235294,0.014705882352941124,0.7941176470588235,8,19,7,0,0,34,4.925330526420075,0.0,2026-07-16,67.0,True,0.7195447575234809,1.0,0.8571428571428571,0.5066666666666667,0.14285714285714285,0.7823892617449665,0.49227956491552877,0.7195447575234809,0.35795580378824665,0.5381293108958465,0.14285714285714285,0.4590748772881058,57,0.84,0.5066666666666667,0.10666666666666667,0.9,0.74,0.6266666666666667,2026-09-21,v2,SPY Top 150,False
ISRG,Intuitive Surgical Inc,Healthcare,393.33,2.55,44.2701,7.7521,12.5929,37.7416,0.02258860946778977,0.12899730395634731,0.0794098261718905,0.026495962015388855,17.810000000000002,66.68,0.5463,0.36427284000000004,31.28,27.89,1.1215489422732163,-0.11471071403771285,0.0,4.9627,20.66,21.76,603.88,328.57,0.23522574552322834,False,-14.1218,490.3854,24.7,0.75625,0.7375,0.018749999999999933,0.725,13,16,10,1,0,40,2.196718857664023,0.0,2026-07-16,67.0,True,0.21751389687559902,1.0,0.14285714285714285,0.12,0.9047619047619048,0.7791946308724832,0.45657949548715576,0.21751389687559902,0.657355612376082,0.5434687076404271,0.12,0.4587749661123417,58,0.10666666666666667,0.12,0.8866666666666667,0.8933333333333333,0.64,0.62,2026-09-21,v2,SPY Top 150,False
SHW,Sherwin-Williams Co,Materials,320.73,-0.07,28.9636,22.0307,3.1896,23.181,0.034526094822466824,0.04539120409247096,0.3135189365437672,0.043138777447047146,62.12,48.98,0.9261,0.45360377999999996,14.29,13.15,1.0866920152091253,-0.08313823331800231,3.1318,0.727,5.76,7.65,377.77,289.86,0.35115458992151083,False,-2.911200000000001,400.062564,24.7,0.6796875,0.675,0.004687499999999956,0.5625,5,13,14,0,0,32,3.1691329705456672,0.08333333333333337,2026-07-28,55.0,True,0.39152769791067665,1.0,0.39152769791067665,0.2866666666666667,0.6149195973678446,0.5697986577181208,0.5120492941448739,0.39152769791067665,0.6149195973678446,0.5017915960200444,0.2866666666666667,0.4587666101493689,59,0.36666666666666664,0.2866666666666667,0.6,0.58,0.7533333333333333,0.6133333333333333,2026-09-21,v2,SPY Top 150,False
CMCSA,Comcast Corp,Comm Services,22.74,-0.74,7.2056,0.977,0.6461,4.7954,0.13878094815143777,1.0235414534288638,1.547748026621266,0.20853317762856072,12.04,69.39,0.4699,0.32606360999999995,14.66,16.83,0.87106357694593,-0.13804031174420914,1.0069,0.7958,0.58,-49.0,32.86,21.28,0.1260794473229704,False,-8.7297,32.057376,41.0,0.6125,0.6125,0.0,0.4,5,11,21,3,0,40,1.574690361946826,0.0,2026-07-23,60.0,True,0.9966666666666668,1.0,1.0,0.18666666666666668,0.36363636363636365,0.5112751677852349,0.3083128905345985,0.9966666666666668,0.4005963345998914,0.5262595428948125,0.18666666666666668,0.4583409676491833,60,0.9733333333333334,0.18666666666666668,0.3433333333333333,0.5,0.32666666666666666,0.6066666666666667,2026-09-21,v2,SPY Top 150,False
PGR,Progressive Corp,Financials,213.48,-1.3,10.6074,3.6993,1.3629,8.5896,0.09427380885042518,0.27032141215905714,0.7337295472888693,0.1164198565707367,35.4,,0.7404,,16.56,10.22,1.6203522504892365,-0.4826435641815551,0.2443,0.08,10.49,12.3,248.17,189.2,0.41173478039681194,False,-9.675799999999999,232.79001000000002,9.0,0.6129032258064516,0.6129032258064516,0.0,0.3870967741935484,3,9,18,1,0,31,-0.04697002824184976,0.0,2026-07-15,68.0,True,0.8830678550891318,0.9257246376811596,0.7727272727272727,0.17333333333333334,0.7727272727272727,0.29728859060402685,0.1820504512844249,0.8174776702002653,0.4647616966164805,0.5290986191468025,0.17333333333333334,0.4579455619841087,61,0.76,0.17333333333333334,0.76,0.2,0.12,0.6,2026-09-21,v2,SPY Top 150,False
TT,Trane Technologies PLC,Industrials,429.11,1.37,32.0156,12.5913,4.251,22.3348,0.03123477304813903,0.07941991692676689,0.23523876734885907,0.044773179074807025,34.57,35.39,0.9929,0.35138731,17.94,16.35,1.0972477064220183,-0.09280495928738762,0.5354,1.0734,7.04,4.73,505.87,348.06,0.5135922945313985,False,10.054400000000001,532.937148,24.2,0.7121212121212122,0.7121212121212122,0.0,0.5757575757575758,9,10,14,0,0,33,-1.2576880633455574,0.1166666666666667,2026-07-30,53.0,True,0.3940703469426874,1.0,0.36,0.43333333333333335,0.96,0.49700671140939595,0.1290615598241148,0.3940703469426874,0.6306647096915503,0.5400939095888297,0.1290615598241148,0.4578874396358868,62,0.32,0.43333333333333335,0.9333333333333333,0.4533333333333333,0.05333333333333334,0.5933333333333334,2026-09-21,v2,SPY Top 150,False
VRTX,Vertex Pharmaceuticals Inc,Healthcare,508.34,-1.55,29.2482,6.2265,10.2361,24.2023,0.03419013819653859,0.16060387055328035,0.09769345746915328,0.04131838709544134,23.31,86.0,0.4822,0.414692,37.95,31.29,1.2128475551294344,-0.19297094616084826,0.0,3.1854,10.23,22.46,560.25,374.17,0.7210339638865003,False,37.9611,581.0559539999999,14.3,0.7638888888888888,0.775,-0.011111111111111183,0.8055555555555556,11,18,6,0,1,36,-0.5918047795177966,0.18333333333333335,2026-08-03,49.0,True,0.36574180563542263,1.0,0.23809523809523808,0.7733333333333333,0.9523809523809523,0.2957114093959732,0.2257475121499653,0.36574180563542263,0.6684362102295993,0.515575837273118,0.2257475121499653,0.45761017224848743,63,0.21333333333333335,0.7733333333333333,0.92,0.18666666666666668,0.18,0.5866666666666667,2026-09-21,v2,SPY Top 150,False
MCK,McKesson Corp,Healthcare,874.65,-0.56,22.2073,4.0599,0.2481,15.7651,0.045030237804685846,0.24631148550456908,4.030632809351069,0.06343125003964453,39.43,3.64,4.8493,0.17651452000000004,1.58,1.26,1.253968253968254,-0.22631312607548879,1.2917,0.8931,8.84,49.07,999.0,687.68,0.6005717589618399,False,27.9422,1001.9970000000001,14.6,0.78125,0.8152173913043478,-0.03396739130434778,0.7916666666666666,8,11,5,0,0,24,1.2166907739266106,0.21666666666666667,2026-08-05,47.0,True,0.7265286563158904,1.0,0.9047619047619048,0.64,0.2857142857142857,0.2762214765100671,0.47589562601249713,0.7265286563158904,0.3958096163186013,0.5025334011086499,0.2762214765100671,0.45727101618893334,64,0.88,0.64,0.26666666666666666,0.16666666666666666,0.6866666666666666,0.58,2026-09-21,v2,SPY Top 150,False
CAT,Caterpillar Inc,Industrials,808.99,1.3,34.2929,25.2892,4.9763,26.5209,0.029160555100326887,0.0395425715325119,0.20095251492072422,0.037706111029414534,54.2,34.67,0.7655,0.26539885,17.52,16.56,1.0579710144927537,-0.05635293655113178,2.3277,1.3684,18.36,18.21,1073.46,448.87,0.5765702300709266,False,71.8015,973.425984,20.3,0.6764705882352942,0.6911764705882353,-0.014705882352941124,0.5294117647058824,7,11,15,1,0,34,4.974415552729205,0.19999999999999996,2026-08-04,48.0,True,0.30410101590952654,1.0,0.16,0.9066666666666666,0.84,0.2560134228187919,0.637014579958343,0.30410101590952654,0.5744633079069413,0.5294215382241765,0.16,0.45553723057934126,65,0.12,0.9066666666666666,0.82,0.14,0.9066666666666666,0.5733333333333334,2026-09-21,v2,SPY Top 150,False
STX,Seagate Technology Holdings PLC,Technology,858.79,6.93,61.3326,84.8655,16.0134,46.7276,0.016304542771707054,0.01178335130294407,0.06244770005120711,0.021400628322447546,212.44,45.58,1.3545,0.6173811,32.33,15.81,2.044908285895003,-0.7153529405159611,1.6451,1.6697,34.06,104.53,1145.0,209.0,0.6942200854700854,False,292.74240000000003,1111.99431,29.5,0.775,0.7666666666666667,0.008333333333333304,0.8666666666666667,7,19,4,0,0,30,3.784277326409649,0.08333333333333337,2026-07-28,55.0,True,0.07970193597853173,0.7335292298175069,0.08823529411764706,0.98,0.5882352941176471,0.7461073825503357,0.6587097894006018,0.058463699713296624,0.6588833814244494,0.5445573566848633,0.08823529411764706,0.45329294417142,66,0.04666666666666667,0.98,0.5666666666666667,0.8733333333333333,0.9333333333333333,0.5666666666666667,2026-09-21,v2,SPY Top 150,False
BSX,Boston Scientific Corp,Healthcare,43.34,-0.48,17.091,2.5446,2.9915,14.7721,0.05851032707272833,0.3929890749037177,0.33428046130703665,0.06769518213388753,14.940000000000001,69.5,0.4773,0.3317235,19.78,14.58,1.356652949245542,-0.30502059961405403,0.5064,1.2402,13.53,46.78,105.65,42.2,0.01796690307328606,False,-45.6099,66.41148600000001,53.2,0.7697368421052632,0.7756410256410257,-0.005904183535762497,0.7894736842105263,11,19,8,0,0,38,1.2145447269007514,0.09999999999999998,2026-07-29,54.0,True,0.7504897450642132,1.0,0.9523809523809523,0.02,0.47619047619047616,0.5584295302013422,0.43616061096968295,0.7504897450642132,0.4815296260320544,0.5600623786381018,0.02,0.45204990291048147,67,0.92,0.02,0.46,0.5533333333333333,0.6,0.56,2026-09-21,v2,SPY Top 150,False
CRM,Salesforce Inc,Technology,237.92,-2.03,20.2658,3.9271,4.4565,24.1519,0.049344215377631284,0.2546408291105396,0.22439133849433412,0.041404609989276205,20.150000000000002,77.28,0.4148,0.32055744,18.78,10.6,1.7716981132075473,-0.5719384726620955,1.0237,0.8385,11.23,59.27,269.11,146.32,0.7459890870592066,False,5.0146,285.919464,20.2,0.7330508474576272,0.7327586206896551,0.00029222676797202585,0.7457627118644068,14,30,13,1,1,59,8.494069412172767,0.5666666666666667,2026-08-26,26.0,False,0.5630161012075906,0.8466453674121405,0.8529411764705882,0.38666666666666666,0.14705882352941177,0.5231543624161074,0.8355172413793103,0.4766749738658514,0.3931718233675209,0.5259780665332553,0.14705882352941177,0.4501942179324866,68,0.8333333333333334,0.38666666666666666,0.11333333333333333,0.52,1.0,0.5533333333333333,2026-09-21,v2,SPY Top 150,False
ADI,Analog Devices Inc,Technology,375.72,3.6,44.0292,5.2265,13.1151,33.2449,0.02271220008539787,0.19133263178035015,0.0762479889592912,0.0300798017139471,12.26,65.8,0.2887,0.18996459999999998,35.55,25.34,1.4029202841357535,-0.33855598135625675,0.2719,1.2504,33.65,114.38,445.91,223.47,0.6844542348498472,False,47.1114,477.65814600000004,27.1,0.8076923076923077,0.7894736842105263,0.018218623481781382,0.8974358974358975,13,22,4,0,0,39,1.5955163581443985,0.44999999999999996,2026-08-19,33.0,False,0.26933390837646154,1.0,0.6470588235294118,0.8266666666666667,0.08823529411764706,0.8757181208053691,0.6204616986808609,0.26933390837646154,0.3671749088173395,0.5391148397475167,0.08823529411764706,0.44893893062154283,69,0.6466666666666666,0.8266666666666667,0.04666666666666667,0.98,0.8866666666666667,0.5466666666666666,2026-09-21,v2,SPY Top 150,False
INTU,Intuit Inc,Technology,303.19,-3.17,17.7449,4.5523,3.7777,13.1869,0.056354220085771116,0.2196691782176043,0.26471133229213545,0.07583283410050884,23.419999999999998,80.17,0.5975,0.47901575,27.43,23.58,1.1632739609838847,-0.15123840984028702,0.4038,1.5065,13.9,20.37,705.08,252.84,0.11133468954537412,False,-39.4638,419.2608,38.3,0.6845238095238095,0.7439024390243902,-0.059378629500580704,0.5714285714285714,9,15,16,2,0,42,1.5152025718826476,0.55,2026-08-25,27.0,False,0.6807801418439716,1.0,0.9705882352941176,0.03333333333333333,0.5294117647058824,0.3123355704697986,0.5637502892848878,0.6807801418439716,0.6412272662343228,0.5518335790553204,0.03333333333333333,0.448133529910923,70,0.94,0.03333333333333333,0.5266666666666666,0.20666666666666667,0.82,0.54,2026-09-21,v2,SPY Top 150,False
CVS,CVS Health Corp,Healthcare,88.84,-1.58,23.2359,1.6561,0.2737,18.6643,0.04303685245675872,0.6038282712396594,3.6536353671903545,0.05357822152451471,6.41,14.15,1.6348,0.23132420000000004,2.11,2.88,0.7326388888888888,-0.3111023466598795,0.7705,0.8656,7.36,5.27,110.68,69.51,0.4695166383288802,False,24.7753,115.18656,29.7,0.7727272727272727,0.7727272727272727,0.0,0.8484848484848485,8,20,5,0,0,33,2.4974326388402797,0.21666666666666667,2026-08-05,47.0,True,0.7544671267011693,1.0,1.0,0.6133333333333333,0.09523809523809523,0.6081744966442952,0.4987699606572553,0.7544671267011693,0.2824038368139874,0.5363551553322093,0.09523809523809523,0.4481317433133865,71,0.9733333333333334,0.6133333333333333,0.06666666666666667,0.6933333333333334,0.7466666666666667,0.5333333333333333,2026-09-21,v2,SPY Top 150,False
GEV,GE Vernova Inc,Industrials,940.33,1.66,26.2848,26.4036,6.054,34.0203,0.03804480155831507,0.03787362329379327,0.16518004625041294,0.02939421463067639,83.39,20.32,0.6043,0.12279375999999999,15.44,-1.22,,,0.2337,0.8496,12.98,744.44,1195.94,530.16,0.6160743789239689,False,49.2482,1241.200566,32.0,0.7738095238095238,0.7559523809523809,0.017857142857142905,0.8333333333333334,11,24,7,0,0,42,-1.5223560631082702,0.0,2026-07-22,61.0,True,0.3079384703852789,1.0,0.2,0.84,0.56,0.8507114093959732,0.23020134228187922,0.3079384703852789,0.49527533830433584,0.5066724832214766,0.2,0.4453379865771814,72,0.16,0.84,0.5533333333333333,0.96,0.19333333333333333,0.5266666666666666,2026-09-21,v2,SPY Top 150,False
ORLY,O'Reilly Automotive Inc,Cons Discretionary,84.71,-0.21,25.8556,182.0263,3.6897,18.0537,0.03867634090873931,0.005493711622990744,0.27102474455917824,0.05539030780394047,423.35,51.64,1.1064,0.57134496,19.56,20.29,0.9640216855593888,-0.03664148923105213,17.5459,0.7519,8.47,-76.61,108.72,82.59,0.08113279755070764,False,-13.6987,109.385616,29.1,0.7638888888888888,0.7638888888888888,0.0,0.8055555555555556,9,20,7,0,0,36,-1.0669177486446446,0.09999999999999998,2026-07-29,54.0,True,0.4114251485528081,1.0,0.5,0.13333333333333333,0.9,0.5887516778523489,0.07638278176348066,0.4114251485528081,0.71583619499281,0.5375410861683252,0.07638278176348066,0.44530942528735634,73,0.49333333333333335,0.13333333333333333,0.88,0.66,0.02666666666666667,0.52,2026-09-21,v2,SPY Top 150,False
BLK,BlackRock Inc,Financials,1069.78,1.5,26.4315,2.7178,6.367,17.6684,0.03783364546090839,0.3679446611229671,0.1570598397989634,0.056598220551945855,11.65,81.73,0.1609,0.13150357,32.57,35.1,0.9279202279202279,-0.07480951118367804,0.2212,2.3899,26.54,-3.67,1219.94,917.39,0.5036853412659063,False,1.5044000000000004,1320.923358,23.5,0.7608695652173914,0.75,0.010869565217391353,0.8695652173913043,4,16,3,0,0,23,3.9992167555497815,0.0,2026-07-15,68.0,True,0.5379327199539965,1.0,0.2727272727272727,0.36,0.5454545454545454,0.717530201342282,0.4908585975468642,0.5379327199539965,0.43725027854755305,0.48495301171866784,0.2727272727272727,0.4425078639203889,74,0.24666666666666667,0.36,0.5366666666666666,0.8333333333333334,0.7333333333333333,0.5133333333333333,2026-09-21,v2,SPY Top 150,False
C,Citigroup Inc,Financials,131.77,-0.7,12.3906,1.1259,1.09533,,0.08070634190434685,0.8881783462119194,0.9129668684323446,,8.41,,,,23.01502,28.99823,0.7936698205373225,-0.23108774737372909,3.8387,,99.23775,35.24,147.96,93.66,0.7018416206261511,False,28.5551,158.566548,20.3,0.7589285714285714,0.7589285714285714,0.0,0.7857142857142857,7,15,6,0,0,28,3.1371311729611766,0.0,2026-07-14,69.0,True,0.8623423423423423,1.0,0.9090909090909091,0.66,0.13636363636363635,0.5060134228187919,0.5520620226799352,0.8623423423423423,0.3122988505747127,0.5181938061475668,0.13636363636363635,0.4418277721907808,75,0.89,0.66,0.1,0.49333333333333335,0.8,0.5066666666666667,2026-09-21,v2,SPY Top 150,False
AVGO,Broadcom Inc,Technology,357.61,2.97,44.6125,18.7187,19.1585,38.9256,0.02241524236480807,0.05342251331556145,0.05219615314351332,0.025690034321885852,43.91,68.82,0.5032,0.34630223999999993,47.97,37.02,1.2957860615883305,-0.259117508368621,0.596,2.5037,48.69,100.1,495.0,289.96,0.3299356223175967,False,6.987399999999999,529.65081,48.1,0.8026315789473685,0.8026315789473685,0.0,0.9122807017543859,17,35,5,0,0,57,0.5467102747121745,0.6833333333333333,2026-09-02,19.0,False,0.13289821736630247,1.0,0.29411764705882354,0.4,0.47058823529411764,0.7111677852348993,0.5453841703309419,0.13289821736630247,0.6176232322943748,0.4787470649495623,0.29411764705882354,0.4418211813714146,76,0.26666666666666666,0.4,0.4533333333333333,0.8266666666666667,0.7933333333333333,0.5,2026-09-21,v2,SPY Top 150,False
SO,Southern Co,Utilities,85.52,-1.43,21.125,2.7267,3.4019,13.0997,0.047337278106508875,0.3667436828400631,0.2939533789940915,0.07633762605250502,12.61,40.03546,0.1842,0.07374531732,25.26,22.53,1.1211717709720372,-0.11437436247819194,1.9101,0.7867,6.85,6.93,100.84,83.8,0.10093896713615014,False,-3.6662,101.76825600000001,19.0,0.6328125,0.6363636363636364,-0.0035511363636363535,0.4375,5,9,16,2,0,32,2.1146499248146036,0.1166666666666667,2026-07-30,53.0,True,0.6937972014567759,1.0,0.6,0.26,0.6,0.29711409395973154,0.4393508447118723,0.6937972014567759,0.23428490891256942,0.48132544549872713,0.26,0.4370603563989817,77,0.5933333333333334,0.26,0.5866666666666667,0.19333333333333333,0.6133333333333333,0.49333333333333335,2026-09-21,v2,SPY Top 150,False
GLW,Corning Inc,Technology,150.13,1.58,68.0633,17.5026,7.6232,50.1261,0.014692205637986991,0.05713436860809251,0.13117850771329626,0.019949686889664267,15.93,36.38,0.5424,0.19732512,15.31,11.09,1.3805229936880072,-0.32246240830731676,0.6707,1.8132,19.41,131.21,271.78,77.05,0.37528886150053925,False,87.6169,199.053,32.6,0.7738095238095238,0.75,0.023809523809523836,0.7619047619047619,7,9,5,0,0,21,1.6470158235621497,0.08333333333333337,2026-07-28,55.0,True,0.1618420548207782,1.0,0.3235294117647059,0.9466666666666667,0.20588235294117646,0.8835570469798658,0.5207139551029855,0.1618420548207782,0.3999737117770858,0.49213222815161706,0.20588235294117646,0.434882253109529,78,0.29333333333333333,0.9466666666666667,0.18666666666666668,0.9933333333333333,0.7666666666666667,0.4866666666666667,2026-09-21,v2,SPY Top 150,False
VRT,Vertiv Holdings Co,Technology,249.39,3.27,55.4343,27.032,8.3637,40.5232,0.01803937273493126,0.03699319325244155,0.11956430766287648,0.02467722193706321,42.11,38.04,0.8775,0.333801,18.41,8.12,2.267241379310345,-0.8185638410714001,0.6179,1.3786,26.23,111.16,379.935,133.85,0.4695125667960257,False,79.2824,337.638258,35.4,0.7916666666666666,0.7794117647058824,0.01225490196078427,0.8888888888888888,10,22,4,0,0,36,1.1606471166956316,0.09999999999999998,2026-07-29,54.0,True,0.15098428215449491,0.6615969581749048,0.17647058823529413,0.92,0.4117647058823529,0.8493020134228189,0.45703540847026153,0.0998907418056354,0.5441138473845099,0.49806277277863237,0.17647058823529413,0.43374433586996475,79,0.13333333333333333,0.92,0.4066666666666667,0.9533333333333334,0.6466666666666666,0.48,2026-09-21,v2,SPY Top 150,False
NEM,Newmont Corporation,Materials,123.41,-0.79,15.1258,2.8292,5.0466,8.0766,0.0661122056354044,0.35345680757811393,0.19815321206356756,0.12381447638857937,25.05,68.94,0.4538,0.31284972,50.97,14.04,3.6303418803418803,-1.2893268257542854,0.1588,2.5461,25.18,42.23,135.29,76.05,0.7994598244429441,False,59.6737,136.25160000000002,10.4,0.7890625,0.7903225806451613,-0.0012600806451612545,0.84375,10,17,5,0,0,32,0.4196666916223682,0.0,2026-07-23,60.0,True,0.7535614337741998,0.5,0.3767807168870999,0.8733333333333333,0.5243511222847566,0.41666442953020133,0.28930803054848414,0.3767807168870999,0.5243511222847566,0.46556293972884816,0.28930803054848414,0.4303119578927754,80,0.3466666666666667,0.8733333333333333,0.52,0.35333333333333333,0.30666666666666664,0.47333333333333333,2026-09-21,v2,SPY Top 150,False
CSX,CSX Corp,Industrials,47.1,-1.67,27.0715,6.2716,6.0124,15.9014,0.036939216519217624,0.15944894444798774,0.1663229326059477,0.06288754449293772,24.07,71.47,0.33,0.235851,34.15,38.18,0.894447354635935,-0.11154923228080248,1.3396,0.8204,2.52,6.36,53.6,32.71,0.6888463379607468,False,47.6425,53.9733,14.6,0.725,0.7142857142857143,0.010714285714285676,0.7,7,14,8,1,0,30,0.7421500915534914,0.0,2026-07-22,61.0,True,0.4949309948246119,1.0,0.56,0.8333333333333334,0.32,0.5822617449664429,0.2519648229576487,0.4949309948246119,0.4268837575826834,0.4735804057702693,0.2519648229576487,0.4292572892077452,81,0.56,0.8333333333333334,0.29333333333333333,0.6266666666666667,0.26666666666666666,0.4666666666666667,2026-09-21,v2,SPY Top 150,False
ETN,Eaton Corporation PLC,Industrials,424.77,3.74,43.0646,8.1694,5.4948,28.7079,0.023220928558491196,0.12240801038019929,0.1819902453228507,0.034833617227313735,19.59,35.9,0.6217,0.2231903,17.53,17.02,1.0299647473560518,-0.02952457578791516,1.0176,1.2404,15.53,-1.15,478.0,311.92,0.6794918111753371,False,8.7143,484.98154200000005,14.2,0.7727272727272727,0.7651515151515151,0.007575757575757569,0.8181818181818182,9,18,6,0,0,33,2.705803827377525,0.1333333333333333,2026-07-31,52.0,True,0.3180688134943454,1.0,0.24,0.41333333333333333,0.6,0.5776241610738255,0.4807081694052302,0.3180688134943454,0.5067979316058624,0.468964390958883,0.24,0.4231715127671064,82,0.22,0.41333333333333333,0.5866666666666667,0.62,0.7066666666666667,0.46,2026-09-21,v2,SPY Top 150,False
JNJ,Johnson & Johnson,Healthcare,269.99,-0.09,30.9288,7.3236,6.6441,20.9943,0.03233232456480691,0.13654486864383636,0.15050947457142427,0.0476319762983286,25.740000000000002,68.05,0.4934,0.3357587,25.73,23.93,1.075219389887171,-0.07252472437337085,0.5771,1.0889,8.06,-7.75,281.07,173.33,0.8971598292184891,False,53.4668,279.616884,3.6,0.7338709677419355,0.7258064516129032,0.008064516129032251,0.7096774193548387,7,15,9,0,0,31,0.35772413699001365,0.0,2026-07-15,68.0,True,0.3885499329116351,1.0,0.2857142857142857,0.86,0.7142857142857143,0.47103355704697986,0.15450590141171025,0.3885499329116351,0.6050802931177328,0.48909688233543813,0.15450590141171025,0.4221786861506926,83,0.26,0.86,0.7,0.4066666666666667,0.10666666666666667,0.4533333333333333,2026-09-21,v2,SPY Top 150,False
COST,Costco Wholesale Corp,Cons Staples,895.31,0.15,44.9254,13.2328,1.3524,27.83,0.022259122901521187,0.07556979626382927,0.7394262052647146,0.035932446999640676,28.27,12.88,3.5591,0.45841208,3.82,3.52,1.0852272727272727,-0.08178943300847807,0.1692,1.0725,9.23,12.79,1096.5,844.06,0.2030185390587862,False,-0.8436000000000003,1094.36106,22.2,0.7282608695652174,0.7333333333333333,-0.005072463768115876,0.6521739130434783,13,17,15,1,0,46,-0.7934876073053161,0.0,2026-05-28,116.0,True,0.4070768640981407,1.0,0.375,0.30666666666666664,0.875,0.40417449664429533,0.13980560055542698,0.4070768640981407,0.6936738041501205,0.4887224060788398,0.13980560055542698,0.41893904497415724,84,0.34,0.30666666666666664,0.86,0.32666666666666666,0.08,0.44666666666666666,2026-09-21,v2,SPY Top 150,False
PEP,PepsiCo Inc,Cons Staples,129.75,-2.93,16.9452,9.0456,1.8275,12.4495,0.05901376200930057,0.11055098611479613,0.5471956224350205,0.08032451102453914,50.2,54.17,0.8874,0.48070458000000005,14.53,13.13,1.1066260472201066,-0.10131578926748669,2.4081,0.9336,5.62,38.92,171.48,129.55,0.004769854519436889,False,-0.25619999999999976,158.34174,22.0,0.6083333333333333,0.625,-0.01666666666666672,0.4,2,10,17,1,0,30,-1.0054170413390933,0.0,2026-07-09,74.0,True,0.7107552233084148,1.0,1.0,0.32,0.375,0.2236510067114094,0.19594538301319142,0.7107552233084148,0.6187083630926873,0.46862200879426064,0.19594538301319142,0.4140866836380468,85,0.9733333333333334,0.32,0.35333333333333333,0.11333333333333333,0.12666666666666668,0.44,2026-09-21,v2,SPY Top 150,False
ADP,Automatic Data Processing Inc,Industrials,271.22,-0.37,24.4133,14.8429,4.9092,17.0439,0.04096127930267518,0.0673722790020818,0.2036991770553247,0.05867201755466765,70.19999999999999,46.53,0.3292,0.15317676,26.33,25.27,1.0419469726948951,-0.04109105210811516,0.8231,1.0507,6.74,9.61,294.46,188.16,0.7813734713076204,False,-1.5602999999999998,291.40308600000003,7.4,0.5869565217391305,0.5869565217391305,0.0,0.34782608695652173,3,5,13,1,1,23,0.6835394284682381,0.09999999999999998,2026-07-29,54.0,True,0.46126509488211614,1.0,0.48,0.3,0.68,0.2705637583892617,0.2762207822263365,0.46126509488211614,0.5277883086211659,0.4495458690118028,0.2705637583892617,0.41374944688729465,86,0.47333333333333333,0.3,0.6733333333333333,0.16,0.29333333333333333,0.43333333333333335,2026-09-21,v2,SPY Top 150,False
MCD,McDonald's Corp,Cons Discretionary,248.24,-0.1,19.9937,160.4594,6.341,16.1786,0.05001575496281328,0.0062321060654595495,0.15770383220312253,0.061810045368573305,95.13000000000001,57.38,0.4616,0.26486608,46.22,43.93,1.0521283860687458,-0.05081514685854655,40.6406,1.0814,6.3,5.44,341.75,247.65,0.006269925611052109,False,-11.761000000000001,322.451886,29.9,0.6951219512195121,0.6890243902439024,0.0060975609756097615,0.6097560975609756,8,17,15,1,0,41,0.516204398254754,0.19999999999999996,2026-08-04,48.0,True,0.44581081081081086,1.0,0.6,0.14666666666666667,0.5,0.621241610738255,0.27702846563295536,0.44581081081081086,0.5564044653315431,0.480469258659261,0.14666666666666667,0.4137087402607421,87,0.5933333333333334,0.14666666666666667,0.4866666666666667,0.74,0.3,0.4266666666666667,2026-09-21,v2,SPY Top 150,False
ICE,Intercontinental Exchange Inc,Financials,155.47,1.42,21.6147,2.3559,6.5008,15.1167,0.04626481052246851,0.42446623371110825,0.15382722126507506,0.06615200407496345,13.850000000000001,78.64,0.0851,0.06692263999999999,40.72,40.75,0.9992638036809816,-0.0007364674446044524,0.6716,1.0123,6.95,35.87,176.05,121.79,0.6207150755621081,False,-5.8964,190.334958,22.4,0.7875,0.7857142857142857,0.0017857142857142794,0.9,5,13,2,0,0,20,1.2753151666399876,0.1166666666666667,2026-07-30,53.0,True,0.6221132834962623,1.0,0.45454545454545453,0.23333333333333334,0.4090909090909091,0.654496644295302,0.4435489470030086,0.6221132834962623,0.39995927015779603,0.45712864060648134,0.23333333333333334,0.4123695791518518,88,0.44333333333333336,0.23333333333333334,0.4,0.7733333333333333,0.6266666666666667,0.42,2026-09-21,v2,SPY Top 150,False
META,Meta Platforms Inc,Comm Services,665.75,-2.43,24.9053,5.4738,7.4306,16.0885,0.040152096140179,0.18268844312908766,0.13457863429601916,0.0621561985268981,29.73,81.75,0.6026,0.49262550000000005,38.08,36.55,1.041860465116279,-0.04100802372737704,0.3203,2.2256,27.65,-3.69,790.8,520.26,0.5377762992533452,False,-30.9955,771.2980920000001,15.9,0.7887323943661971,0.795774647887324,-0.007042253521126862,0.8732394366197183,20,42,9,0,0,71,-3.847423073129104,0.09999999999999998,2026-07-29,54.0,True,0.48806210465784927,1.0,0.45454545454545453,0.04,1.0,0.37849664429530205,0.06645915297384863,0.48806210465784927,0.7659733356188517,0.5033045654415014,0.04,0.4106436523532011,89,0.44333333333333336,0.04,0.9733333333333334,0.2866666666666667,0.013333333333333334,0.41333333333333333,2026-09-21,v2,SPY Top 150,False
WM,Waste Management Inc,Industrials,211.1,-1.05,29.5758,9.018,3.2875,14.3249,0.033811426909838446,0.11088933244621867,0.3041825095057034,0.0698085152426893,28.92,40.88,0.5592,0.22860096000000005,17.57,17.07,1.0292911540714704,-0.02887036539265659,2.3532,0.9074,7.17,4.83,248.13,194.11,0.3145131432802663,False,1.3397999999999999,264.44316,25.3,0.7564102564102564,0.7564102564102564,0.0,0.717948717948718,12,16,11,0,0,39,-0.33391607077263674,0.08333333333333337,2026-07-28,55.0,True,0.51037569484378,1.0,0.64,0.3466666666666667,0.48,0.5513154362416108,0.16070932654478132,0.51037569484378,0.48051319886866845,0.47303615289670603,0.16070932654478132,0.4105707876263211,90,0.64,0.3466666666666667,0.4666666666666667,0.54,0.11333333333333333,0.4066666666666667,2026-09-21,v2,SPY Top 150,False
ABT,Abbott Laboratories,Healthcare,102.61,0.37,32.729,3.0924,3.8114,22.0612,0.030553942986342387,0.32337343163885657,0.2623707823896731,0.04532844994832557,10.52,56.78,0.4771,0.27089738,15.83,17.73,0.8928369994359842,-0.1133512461931958,0.638,1.3763,8.06,-61.21,137.49,81.97,0.371757925072046,False,-16.7272,123.390216,20.3,0.7803030303030303,0.7571428571428571,0.02316017316017316,0.7575757575757576,12,13,8,0,0,33,2.430193871653292,0.0,2026-07-16,67.0,True,0.5021324516005368,1.0,0.5238095238095238,0.10666666666666667,0.42857142857142855,0.7969530201342282,0.3712890534598473,0.5021324516005368,0.43802862135626475,0.485274438236299,0.10666666666666667,0.40955288392237255,91,0.52,0.10666666666666667,0.41333333333333333,0.9066666666666666,0.44,0.4,2026-09-21,v2,SPY Top 150,False
AAPL,Apple Inc,Technology,336.13,-0.26,38.0481,38.486,10.5084,29.4735,0.026282521334836696,0.025983474510211508,0.09516196566556279,0.0339287834834682,137.17999999999998,48.65,1.2508,0.6085141999999999,33.17,30.67,1.0815128790348876,-0.07836087483280095,0.7844,1.0033,14.24,32.61,344.5699,236.65,0.9217947755696584,False,35.217400000000005,329.046798,-2.1,0.6933962264150944,0.7175925925925926,-0.024196366177498208,0.6415094339622641,12,22,15,3,1,53,-0.3649840802328873,0.1166666666666667,2026-07-30,53.0,True,0.1822819628138777,1.0,0.4117647058823529,0.7533333333333333,0.8529411764705882,0.08722147651006712,0.24735362184679474,0.1822819628138777,0.7506025435915016,0.4887042013241306,0.08722147651006712,0.40840765636131793,92,0.41333333333333333,0.7533333333333333,0.8266666666666667,0.013333333333333334,0.23333333333333334,0.3933333333333333,2026-09-21,v2,SPY Top 150,False
GILD,"Gilead Sciences, Inc",Healthcare,150.11,-0.52,,13.2617,6.1112,19.1449,,0.07540511397482978,0.16363398350569447,0.05223323182675282,-16.3,79.6,0.5458,0.4344567999999999,-8.2,26.21,-0.3128576879053796,,2.219,1.2654,5.52,,157.29,108.46,0.85295924636494,False,29.5396,161.704374,7.7,0.7635135135135135,0.7702702702702703,-0.006756756756756799,0.8108108108108109,9,21,7,0,0,37,4.0254626656897345,0.19999999999999996,2026-08-04,48.0,True,0.42663120567375884,1.0,0.42857142857142855,0.6866666666666666,0.38095238095238093,0.28126174496644296,0.619731543624161,0.42663120567375884,0.4360796741231705,0.4393073186321508,0.28126174496644296,0.40769820389900924,93,0.42,0.6866666666666666,0.36666666666666664,0.17333333333333334,0.88,0.38666666666666666,2026-09-21,v2,SPY Top 150,False
HON,Honeywell International Inc,Industrials,206.46,-0.01,7.5885,3.8268,1.6766,7.7359,0.1317783488172893,0.2613149367617853,0.5964451866873434,0.12926744140953217,53.6,36.41,0.5096,0.18554536000000002,28.84,18.49,1.559762033531639,-0.44453326701771495,1.8335,1.2106,-0.11,169.74,496.36,196.98,0.031665441913287525,False,-44.5816,285.316236,38.2,0.7016129032258065,0.6875,0.014112903225806495,0.6451612903225806,5,15,11,0,0,31,-1.9505956392824528,0.0,2026-07-23,60.0,True,0.8758807743914128,0.9616851595006933,0.92,0.02666666666666667,0.28,0.7553020134228188,0.21323767646378156,0.8423215422241965,0.4082754859107315,0.4997127208207977,0.02666666666666667,0.4051035099899715,94,0.9066666666666666,0.02666666666666667,0.26,0.88,0.16,0.38,2026-09-21,v2,SPY Top 150,False
T,AT&T Inc,Comm Services,25.4,0.04,8.0736,1.3023,1.3679,6.534,0.12386048355132777,0.7678722260615833,0.7310475911981871,0.15304560759106214,19.54,59.72,0.3006,0.17951831999999998,20.12,13.9,1.4474820143884892,-0.36982550509489237,1.3034,0.971,2.63,72.22,29.47,19.89,0.5751565762004174,False,-11.1211,29.002476,14.2,0.7,0.7,0.0,0.5714285714285714,9,11,14,1,0,35,3.2129308745768217,0.0,2026-07-22,61.0,True,0.9664423998466551,1.0,0.9090909090909091,0.16666666666666666,0.18181818181818182,0.3776241610738255,0.5938532747049294,0.9664423998466551,0.3197402413126494,0.463087671905353,0.16666666666666666,0.40380347085761575,95,0.89,0.16666666666666666,0.14333333333333334,0.28,0.8533333333333334,0.37333333333333335,2026-09-21,v2,SPY Top 150,False
V,Visa Inc,Financials,368.29,-0.44,30.4362,18.3758,15.4562,24.6705,0.0328556127243217,0.05441939942750791,0.06469895575885405,0.04053424130033846,61.260000000000005,80.18,0.4609,0.36954962,60.68,63.94,0.9490147012824524,-0.05233098915136383,0.6782,0.9852,14.39,14.72,385.5699,293.89,0.8115192097722621,False,11.8241,424.79379,15.3,0.7794117647058824,0.7857142857142857,-0.006302521008403339,0.8823529411764706,12,33,6,0,0,51,0.43606339407454564,0.08333333333333337,2026-07-28,55.0,True,0.24990895150469622,1.0,0.09090909090909091,0.44666666666666666,1.0,0.3812080536912752,0.2548125433927332,0.24990895150469622,0.6763667780856878,0.4818574316411044,0.09090909090909091,0.40366776349470174,96,0.056666666666666664,0.44666666666666666,0.9733333333333334,0.29333333333333333,0.2733333333333333,0.36666666666666664,2026-09-21,v2,SPY Top 150,False
VZ,Verizon Communications Inc,Comm Services,48.09,-0.5,12.3549,1.7012,1.4385,7.6273,0.0809395462529037,0.587820362097343,0.6951685783802573,0.13110799365437312,15.52,59.41,0.3428,0.20365747999999997,20.59,21.42,0.96125116713352,-0.03951954397990472,1.59,0.6039,1.38,-10.78,51.68,38.39,0.7298720842738904,False,13.979899999999999,52.393014,8.9,0.6736111111111112,0.6736111111111112,0.0,0.5,7,11,18,0,0,36,-0.1253362013945896,0.01666666666666672,2026-07-24,59.0,True,0.9303622771707878,1.0,0.8181818181818182,0.48,0.45454545454545453,0.32314765100671144,0.12043161305253415,0.9303622771707878,0.4050579712215143,0.4716033630683133,0.12043161305253415,0.4013690130651575,97,0.8033333333333333,0.48,0.44333333333333336,0.22666666666666666,0.04,0.36,2026-09-21,v2,SPY Top 150,False
MS,Morgan Stanley,Financials,202.58,-0.46,15.7859,2.8248,2.4703,37.6252,0.06334767102287485,0.35400736335315774,0.40480913249402906,0.026577931811658146,17.83,56.72,0.0853,0.04838216,20.3,20.12,1.0089463220675945,-0.00890654081620325,8.5222,0.354,13.96,38.56,232.25,151.84,0.6310160427807489,False,32.2515,246.783288,21.8,0.696969696969697,0.6875,0.009469696969697017,0.6060606060606061,8,12,12,0,1,33,2.5921168622841213,0.0,2026-07-15,68.0,True,0.6569953996549741,1.0,0.5,0.7133333333333334,0.18181818181818182,0.6240067114093959,0.5354686415181671,0.6569953996549741,0.3125127417649916,0.45600042638839217,0.18181818181818182,0.4011639774743501,98,0.49333333333333335,0.7133333333333334,0.14333333333333334,0.7466666666666667,0.78,0.35333333333333333,2026-09-21,v2,SPY Top 150,False
AMT,American Tower Corp,Real Estate,173.98,-0.91,23.8364,20.4872,7.4092,16.7133,0.04195264385561578,0.048810964895154046,0.13496733790422719,0.05983258841760753,91.62,73.77,0.1726,0.12732701999999999,44.77,36.56,1.224562363238512,-0.20258352566692495,9.998,0.352,6.65,164.05,197.41,160.06,0.37269076305220855,False,-8.89,219.3,26.0,0.7844827586206896,0.7586206896551724,0.025862068965517238,0.8620689655172413,8,17,4,0,0,29,0.4945093976482505,0.08333333333333337,2026-07-28,55.0,True,0.4037406555491662,1.0,0.4037406555491662,0.18,0.3434139930863069,0.8710604026845639,0.37108655403841706,0.4037406555491662,0.3434139930863069,0.45183442545585895,0.18,0.3974675403646872,99,0.4,0.18,0.32,0.9666666666666667,0.43333333333333335,0.3466666666666667,2026-09-21,v2,SPY Top 150,False
MA,Mastercard Inc,Financials,565.24,-0.09,30.458,80.8784,14.1138,23.4768,0.032832096657692565,0.01236424063779699,0.07085264067791806,0.04259524296326586,232.48000000000002,,0.6449,,58.33,55.46,1.051749008294266,-0.050454500577914126,4.3919,1.0607,16.01,22.62,601.62,464.52,0.7346462436177973,False,0.5334999999999996,678.691374,20.1,0.7870370370370371,0.7884615384615384,-0.0014245014245013454,0.9074074074074074,13,36,5,0,0,54,0.9749560240375839,0.1166666666666667,2026-07-30,53.0,True,0.2216407897258961,1.0,0.045454545454545456,0.3333333333333333,0.9545454545454546,0.48928187919463084,0.3715563526961352,0.2216407897258961,0.6077822567589444,0.4846504348039525,0.045454545454545456,0.3968112569340711,100,0.02,0.3333333333333333,0.9266666666666666,0.44,0.44666666666666666,0.34,2026-09-21,v2,SPY Top 150,False
CEG,Constellation Energy Corp,Utilities,254.71,-3.08,26.0449,2.7892,2.886,19.1532,0.03839523284788961,0.35852574214828625,0.3465003465003465,0.052210596662698665,14.69,43.91,0.4053,0.17796723,14.7,7.46,1.970509383378016,-0.6782920795690212,0.7724,1.4553,25.98,7.2,412.7,228.63,0.14168522844570008,False,-13.770900000000001,354.12615,39.0,0.75,0.75,0.0,0.8214285714285714,5,18,5,0,0,28,0.28702461097243437,0.23333333333333328,2026-08-06,46.0,True,0.6030506037952846,0.7612244897959184,0.2,0.12666666666666668,0.8,0.6039328859060402,0.2508979402915992,0.4590568881951861,0.31615181079716975,0.4610879348916146,0.12666666666666668,0.394203681246625,101,0.16,0.12666666666666668,0.78,0.68,0.24,0.3333333333333333,2026-09-21,v2,SPY Top 150,False
JCI,Johnson Controls International PLC,Industrials,143.28,1.57,24.25,6.6121,4.1127,25.3916,0.041237113402061855,0.15123788206469957,0.24314926933644562,0.03938310307345736,26.939999999999998,43.41,0.5516,0.23944955999999998,14.17,8.99,1.5761957730812013,-0.4550142052190601,0.7028,0.9998,5.08,70.9,157.06,104.49,0.7378733117747766,False,28.433799999999998,167.254806,16.7,0.7019230769230769,0.7019230769230769,0.0,0.6153846153846154,5,11,10,0,0,26,7.045665528882793,0.09999999999999998,2026-07-29,54.0,True,0.4752482269503546,0.9516584333098095,0.44,0.6466666666666666,0.24,0.40765100671140936,0.69294376301782,0.4522739830928393,0.4075095420392538,0.43213843246162154,0.24,0.3937107459692972,102,0.4266666666666667,0.6466666666666666,0.22,0.3333333333333333,0.98,0.32666666666666666,2026-09-21,v2,SPY Top 150,False
AEP,American Electric Power Company Inc,Utilities,120.0,-1.33,20.7984,2.4161,2.9306,13.4566,0.048080621586275865,0.41389015355324693,0.34122705248072066,0.074312976531962,10.0,41.85097,0.1921,0.08039571337,23.52,21.07,1.1162790697674418,-0.11000089521432849,1.6438,0.504,10.6,-15.36,140.58,105.7,0.4099770642201833,False,14.7244,147.246078,22.7,0.6964285714285714,0.6964285714285714,0.0,0.5714285714285714,6,10,12,0,0,28,-2.4882391142798244,0.1166666666666667,2026-07-30,53.0,True,0.7222896300555876,1.0,0.8,0.4866666666666667,0.4,0.4719261744966443,0.06851538995602871,0.7222896300555876,0.21650236170233028,0.4733292100593999,0.06851538995602871,0.39236644603872567,103,0.78,0.4866666666666667,0.38666666666666666,0.42,0.02,0.32,2026-09-21,v2,SPY Top 150,False
ORCL,Oracle Corp,Technology,147.61,-1.98,23.5906,6.4329,6.2183,22.2149,0.042389765415038194,0.15545088529279175,0.16081565701236672,0.04501483238727161,42.58,63.96,0.2828,0.18087888000000002,32.12,28.47,1.1282051282051282,-0.12062798778861472,2.0146,1.1708,21.62,49.08,329.5,114.5,0.15400000000000005,False,-49.2234,252.483966,71.0,0.7704081632653061,0.7755102040816326,-0.005102040816326481,0.7959183673469388,15,24,9,1,0,49,0.6925718042827986,0.8166666666666667,2026-09-10,11.0,False,0.4646329308031435,1.0,0.8235294117647058,0.006666666666666667,0.2647058823529412,0.5724832214765101,0.58344943300162,0.4646329308031435,0.44757863135540765,0.48797484355927057,0.006666666666666667,0.39171320818074984,104,0.8133333333333334,0.006666666666666667,0.23333333333333334,0.6,0.8266666666666667,0.31333333333333335,2026-09-21,v2,SPY Top 150,False
HWM,Howmet Aerospace Inc,Industrials,229.67,1.73,48.9539,18.7671,10.0464,34.3265,0.02042738167949847,0.05328473765259417,0.09953814301640389,0.029132011711068707,34.410000000000004,36.03,0.7492,0.26993676,27.2,18.43,1.475854584915898,-0.3892372016202197,0.7852,1.8183,18.08,35.22,310.0,182.78,0.36857412356547703,False,25.9576,338.403258,47.3,0.7857142857142857,0.7857142857142857,0.0,0.8214285714285714,9,14,5,0,0,28,2.543778965881253,0.23333333333333328,2026-08-06,46.0,True,0.17791642706536326,1.0,0.08,0.6333333333333333,0.52,0.6876912751677853,0.5904813700532284,0.17791642706536326,0.49167962746050337,0.46544379387487467,0.08,0.38835503509989977,105,0.04,0.6333333333333333,0.5066666666666667,0.8,0.84,0.30666666666666664,2026-09-21,v2,SPY Top 150,False
MO,Altria Group Inc,Cons Staples,69.52,-0.26,14.5592,27.0919,4.9487,12.4845,0.06868509258750481,0.036911401562828745,0.20207327176834322,0.08009932316071929,149.65,62.86,0.68,0.42744800000000005,46.78,45.18,1.0354138999557327,-0.034801250116175866,8.6709,0.5176,-0.58,-8.27,77.06,54.7,0.6627906976744183,False,7.208200000000001,71.4204,2.7,0.6458333333333334,0.6521739130434783,-0.0063405797101449,0.5,6,6,9,2,1,24,-1.9793581876732331,0.1166666666666667,2026-07-30,53.0,True,0.5812737205290397,1.0,0.625,0.4066666666666667,0.75,0.15461744966442953,0.07936473038648462,0.5812737205290397,0.6635689940862212,0.46474486615752525,0.07936473038648462,0.38766883900331717,106,0.62,0.4066666666666667,0.7333333333333333,0.06,0.03333333333333333,0.3,2026-09-21,v2,SPY Top 150,False
PLTR,Palantir Technologies Inc,Technology,177.64,0.79,141.5058,28.6156,69.3443,159.56,0.007066848143326988,0.03494597352493046,0.014420795941411189,0.0062672348959639,37.47,84.8,0.6331,0.5368688,42.8,2.54,16.8503937007874,-2.824374021557306,0.0,7.2282,78.92,290.0,207.52,106.37,0.7045971329708351,False,5.0679,203.669724,14.7,0.7371794871794872,0.7243589743589743,0.012820512820512886,0.717948717948718,12,16,9,1,1,39,3.681511298949538,0.18333333333333335,2026-08-03,49.0,True,0.04772378761740464,0.5,0.029411764705882353,0.3933333333333333,0.6764705882352942,0.6090872483221477,0.6924357787549178,0.02386189380870232,0.6825104800540905,0.4753102674580594,0.029411764705882353,0.386130566907624,107,0.006666666666666667,0.3933333333333333,0.6666666666666666,0.7066666666666667,0.9733333333333334,0.29333333333333333,2026-09-21,v2,SPY Top 150,False
BX,Blackstone Inc,Financials,124.96,-0.36,44.0973,15.5015,9.6322,21.7794,0.022677125356881263,0.06450988614005096,0.10381844230809162,0.04591494715189583,40.87,83.07,0.3348,0.27811835999999995,47.2,46.47,1.0157090596083496,-0.015586949494622828,1.4637,0.6789,17.19,20.32,190.09,101.73,0.2629017655047532,False,-21.009700000000002,150.90073800000002,20.8,0.7196969696969697,0.7196969696969697,0.0,0.6666666666666666,7,15,11,0,0,33,1.3645572754555086,0.0,2026-07-23,60.0,True,0.26003737780333525,1.0,0.13636363636363635,0.06666666666666667,0.9090909090909091,0.4714026845637584,0.38059245545012726,0.26003737780333525,0.5695412012303708,0.46485425371511924,0.06666666666666667,0.38521673630542874,108,0.1,0.06666666666666667,0.8933333333333333,0.41333333333333333,0.48,0.2866666666666667,2026-09-21,v2,SPY Top 150,False
MRSH,Marsh & McLennan Companies Inc,Financials,175.01,0.25,20.9841,5.2889,2.9884,,0.04765512935984864,0.18907523303522472,0.33462722527104805,,26.529999999999998,,0.4742,,21.62,22.5,0.9608888888888889,-0.03989649699931221,1.3542,1.1392,8.33,-1.95,207.83,156.6,0.3593597501463984,False,-2.9851,208.85316,19.3,0.6129032258064516,0.6290322580645161,-0.016129032258064502,0.3870967741935484,3,9,18,1,0,31,0.0941402621867388,0.0,2026-07-21,62.0,True,0.6009009009009009,1.0,0.36363636363636365,0.28,0.8636363636363636,0.19740268456375837,0.14935894468872946,0.6009009009009009,0.5485923587502023,0.4398843786160611,0.14935894468872946,0.3817792918305948,109,0.33,0.28,0.8466666666666667,0.08666666666666667,0.09333333333333334,0.28,2026-09-21,v2,SPY Top 150,False
SNPS,Synopsys Inc,Technology,384.97,1.0,68.5279,2.3895,7.8346,33.4319,0.01459259659204499,0.4184975936388366,0.1276389349807265,0.02991155154209004,3.5700000000000003,72.38,0.1982,0.14345716,18.87,21.84,0.864010989010989,-0.1461697914962454,0.3222,1.3369,46.33,-55.62,539.48,362.55,0.12671678064771388,False,-7.391099999999998,556.9867079999999,44.7,0.7734375,0.7580645161290323,0.015372983870967749,0.8125,10,16,5,1,0,32,0.875491545873812,0.5666666666666667,2026-08-26,26.0,False,0.33084339658807743,1.0,0.7647058823529411,0.20666666666666667,0.058823529411764705,0.8739865771812081,0.38632955334413327,0.33084339658807743,0.32425225456865603,0.462236944516293,0.058823529411764705,0.38155426149538735,110,0.7533333333333333,0.20666666666666667,0.03333333333333333,0.9733333333333334,0.5133333333333333,0.2733333333333333,2026-09-21,v2,SPY Top 150,False
APP,Applovin Corp,Technology,308.06,-4.21,23.3773,54.7219,15.096,19.3785,0.042776539634602796,0.018274219279666826,0.06624271330153683,0.05160358128854143,193.1,88.46,0.9235,0.8169280999999999,77.44,31.36,2.4693877551020407,-0.9039702474861144,1.1113,4.3002,60.59,84.72,745.61,297.5,0.02356564236459798,False,-49.1526,521.9082960000001,69.4,0.7635135135135135,0.7986111111111112,-0.035097597597597674,0.7837837837837838,10,19,8,0,0,37,0.011789255039797568,0.21666666666666667,2026-08-05,47.0,True,0.30559612804293657,0.6074380165289257,0.4411764705882353,0.013333333333333334,0.7352941176470589,0.4416241610738255,0.34617565378384635,0.185630705877321,0.7004180546429354,0.4724668665568519,0.013333333333333334,0.38064015991214817,111,0.43333333333333335,0.013333333333333334,0.7266666666666667,0.36666666666666664,0.38666666666666666,0.26666666666666666,2026-09-21,v2,SPY Top 150,False
ABBV,AbbVie Inc,Healthcare,263.96,-0.02,73.9221,261.0115,7.2446,30.0732,0.013527754216939183,0.0038312488147073977,0.13803384589901443,0.033252197970285835,95.59,72.79,0.4774,0.34749946000000004,26.2,25.49,1.0278540604158495,-0.02747319237902722,49.2176,0.8085,10.39,67.6,267.47,190.75,0.9542492179353487,False,15.965800000000002,282.858342,7.2,0.7692307692307693,0.7564102564102564,0.012820512820512886,0.8205128205128205,10,22,7,0,0,39,-1.5858431005586042,0.1333333333333333,2026-07-31,52.0,True,0.1391297680659383,1.0,0.047619047619047616,0.5266666666666666,0.8095238095238095,0.5863557046979866,0.2351214996528581,0.1391297680659383,0.6263374091744517,0.4599679373160975,0.047619047619047616,0.37749815937668757,112,0.02666666666666667,0.5266666666666666,0.7933333333333333,0.6466666666666666,0.2,0.26,2026-09-21,v2,SPY Top 150,False
GS,Goldman Sachs Group Inc,Financials,942.0,-1.0,13.0779,2.4257,2.0314,50.8246,0.07646487585927404,0.4122521334047904,0.4922713399625874,0.019675511464920532,16.939999999999998,41.8,0.0692,0.0289256,19.48,20.62,0.9447138700290979,-0.05687318037442489,11.0081,0.3193,6.67,41.66,1153.99,740.01,0.48792212184163486,False,25.2972,1198.3866779999998,27.2,0.6484375,0.640625,0.0078125,0.46875,6,9,16,0,1,32,6.8061131646013395,0.0,2026-07-14,69.0,True,0.6930812727621238,1.0,0.5454545454545454,0.62,0.09090909090909091,0.6028859060402685,0.6402777134922472,0.6930812727621238,0.2578524316963308,0.4422552018682544,0.09090909090909091,0.3719859796764217,113,0.5433333333333333,0.62,0.056666666666666664,0.6733333333333333,0.9133333333333333,0.25333333333333335,2026-09-21,v2,SPY Top 150,False
MDLZ,Mondelez International Inc,Cons Staples,60.85,-1.92,22.0885,2.7871,1.9575,21.3123,0.04527242682844014,0.35879588102328586,0.5108556832694764,0.04692126143119232,13.469999999999999,31.15,0.5564,0.1733186,11.22,13.68,0.8201754385964913,-0.198237012099854,0.8052,0.5992,6.93,-0.41,66.65,51.2,0.6245954692556632,False,-1.8290000000000002,70.317984,15.6,0.7196969696969697,0.7132352941176471,0.0064616755793226455,0.6363636363636364,8,13,12,0,0,33,0.8102633869396869,0.08333333333333337,2026-07-28,55.0,True,0.6674918535556834,1.0,0.875,0.29333333333333333,0.125,0.5181073825503355,0.26910090256884983,0.6674918535556834,0.28430945918921235,0.4295699452287279,0.125,0.36865595618298236,114,0.8533333333333334,0.29333333333333333,0.09333333333333334,0.5066666666666667,0.2866666666666667,0.24666666666666667,2026-09-21,v2,SPY Top 150,False
AXP,American Express Co,Financials,311.56,0.13,18.3835,6.7327,2.5903,22.9407,0.054396605651807324,0.14852882201791257,0.3860556692275026,0.04359064893399068,34.12,60.62,0.2675,0.1621585,18.18,18.88,0.9629237288135594,-0.03778107196802181,6.3017,0.2566,9.48,15.53,387.49,290.97,0.21332366348943202,False,-3.1761,383.44543799999997,23.1,0.6554054054054054,0.6458333333333334,0.009572072072072002,0.5405405405405406,5,15,16,0,1,37,0.8756622349151112,0.01666666666666672,2026-07-24,59.0,True,0.6064366494153728,1.0,0.4090909090909091,0.2733333333333333,0.3181818181818182,0.6088187919463086,0.3033059476972923,0.6064366494153728,0.3974541229799351,0.3923202566044616,0.2733333333333333,0.36852287195023603,115,0.4066666666666667,0.2733333333333333,0.2866666666666667,0.7,0.32,0.24,2026-09-21,v2,SPY Top 150,False
EQIX,Equinix Inc,Real Estate,1021.34,-0.45,65.7386,7.1482,10.2782,27.5163,0.015211762952055565,0.13989535827201252,0.0972933003833356,0.036342095412537294,10.76,51.49,0.2449,0.12609901,21.82,16.84,1.2957244655581948,-0.2590699715907441,1.5289,1.1314,9.64,52.11,1128.68,720.62,0.7369504484634612,False,32.482,1236.5565060000001,21.1,0.78125,0.7692307692307693,0.012019230769230727,0.825,12,21,7,0,0,40,0.011514961386430985,0.09999999999999998,2026-07-29,54.0,True,0.2480889400038336,1.0,0.2480889400038336,0.72,0.23124405050995628,0.73848322147651,0.29264753529275633,0.2480889400038336,0.23124405050995628,0.3949892247431607,0.23124405050995628,0.3622401898965199,116,0.22666666666666666,0.72,0.2,0.8666666666666667,0.31333333333333335,0.23333333333333334,2026-09-21,v2,SPY Top 150,False
RTX,RTX Corp,Industrials,194.0,0.24,33.7897,3.8493,2.7964,19.5192,0.029594817355584686,0.259787493830047,0.3576026319553712,0.05123160785278085,11.799999999999999,20.35,0.5467,0.11125345,11.21,7.79,1.4390243902439026,-0.36396537720141175,0.5632,1.0105,11.84,24.78,226.88,155.64,0.5384615384615385,False,29.2468,229.473582,18.3,0.7083333333333334,0.7,0.008333333333333415,0.6666666666666666,7,13,9,0,1,30,2.8071139588492993,0.0,2026-07-23,60.0,True,0.5247862756373395,1.0,0.68,0.6733333333333333,0.04,0.5575771812080537,0.5260402684563759,0.5247862756373395,0.25673070403489223,0.4397548098434005,0.04,0.3598038478747204,117,0.6733333333333333,0.6733333333333333,0.013333333333333334,0.5466666666666666,0.7733333333333333,0.22666666666666666,2026-09-21,v2,SPY Top 150,False
TMO,Thermo Fisher Scientific Inc,Healthcare,651.45,-1.04,34.5782,3.572,5.1984,29.5459,0.02891995534758894,0.2799552071668533,0.19236688211757463,0.033845643557989434,13.33,40.93,0.4214,0.17247902,17.58,18.55,0.947708894878706,-0.0537078967964134,0.8076,1.5505,7.23,7.52,663.57,435.27,0.9469119579500657,False,29.842,663.620772,1.9,0.7777777777777778,0.7847222222222222,-0.00694444444444442,0.8055555555555556,11,18,7,0,0,36,3.1505493546671413,0.0,2026-07-23,60.0,True,0.41671937895342154,1.0,0.3333333333333333,0.6933333333333334,0.3333333333333333,0.2697315436241611,0.4823142791020597,0.41671937895342154,0.4194126265367731,0.37896011725680784,0.2697315436241611,0.3571144025302785,118,0.30333333333333334,0.6933333333333334,0.31,0.15333333333333332,0.7133333333333334,0.22,2026-09-21,v2,SPY Top 150,False
PANW,Palo Alto Networks Inc,Technology,363.58,-3.06,968.7571,9.8371,25.9067,191.399,0.0010322504991189226,0.10165597584654014,0.03860005326807351,0.005224687694293074,1.68,70.37,0.3206,0.22560622,6.05,6.05,1.0,-0.0,0.0645,0.871,24.49,-67.95,398.88,139.57,0.8638694998264624,False,81.6241,401.27636400000006,10.4,0.753968253968254,0.7579365079365079,-0.003968253968253954,0.7777777777777778,16,33,13,1,0,63,1.3093020507950246,0.6666666666666667,2026-09-01,20.0,False,0.10355760015334484,1.0,0.23529411764705882,0.9333333333333333,0.3235294117647059,0.3227046979865772,0.47930571626938206,0.10355760015334484,0.478399475283071,0.38565248331223256,0.23529411764705882,0.35558081017919785,119,0.20666666666666667,0.9333333333333333,0.3,0.22,0.7,0.21333333333333335,2026-09-21,v2,SPY Top 150,False
DHR,Danaher Corp,Healthcare,211.81,-0.32,37.1877,2.6408,5.9306,29.0016,0.0268906116807439,0.37867312935474096,0.16861700333861665,0.03448085622862187,7.66,58.57,0.296,0.1733672,20.42,23.08,0.8847487001733103,-0.12245162890337923,0.5051,1.651,4.56,19.66,242.8,160.93,0.6214730670575301,False,9.2897,231.277554,9.2,0.8046875,0.796875,0.0078125,0.84375,12,15,5,0,0,32,1.129856034931391,0.0,2026-07-21,62.0,True,0.42108778991757717,1.0,0.38095238095238093,0.4266666666666667,0.23809523809523808,0.6096711409395974,0.3409210830826198,0.42108778991757717,0.3726068098924854,0.3824057239836458,0.23809523809523808,0.3535436268059643,120,0.35333333333333333,0.4266666666666667,0.21333333333333335,0.7133333333333334,0.36666666666666664,0.20666666666666667,2026-09-21,v2,SPY Top 150,False
TMUS,T-Mobile US Inc,Comm Services,168.18,1.04,17.0835,3.2261,1.9569,8.2637,0.058536014282787485,0.3099717925668764,0.511012315396801,0.12101116933092924,18.22,62.69,0.4265,0.26737285,19.8,15.56,1.2724935732647815,-0.24097841895024402,1.6063,0.9242,9.68,-9.81,242.37,164.02,0.05309508615188254,False,-22.787200000000002,246.95301600000002,46.8,0.75,0.7567567567567568,-0.006756756756756799,0.8108108108108109,7,23,7,0,0,37,2.4012470553045873,0.0,2026-07-23,60.0,True,0.8124813110983324,1.0,0.7272727272727273,0.05333333333333334,0.2727272727272727,0.5011275167785234,0.3852672992362879,0.8124813110983324,0.3798824005561428,0.42698529521084483,0.05333333333333334,0.35225490283534255,121,0.7166666666666667,0.05333333333333334,0.24333333333333335,0.47333333333333333,0.5066666666666667,0.2,2026-09-21,v2,SPY Top 150,False
PG,Procter & Gamble Co,Cons Staples,146.39,-0.79,21.1927,6.2872,3.9067,15.7763,0.047186059350625455,0.15905331467107775,0.2559705121969949,0.06338621856835887,29.830000000000002,50.87,0.6829,0.34739122999999994,22.89,22.46,1.0191451469278718,-0.01896418465417827,0.6286,0.6773,3.26,1.72,167.25,137.62,0.2959838002024969,False,-7.8227,163.24488000000002,11.5,0.6621621621621622,0.6959459459459459,-0.03378378378378377,0.5135135135135135,6,13,17,1,0,37,-0.8288154760384036,0.09999999999999998,2026-07-29,54.0,True,0.5952453517347134,1.0,0.75,0.2,0.5,0.12904697986577182,0.13196713723675074,0.5952453517347134,0.6244478616118618,0.403104466558667,0.12904697986577182,0.34829296922008796,122,0.7333333333333333,0.2,0.4866666666666667,0.03333333333333333,0.06,0.19333333333333333,2026-09-21,v2,SPY Top 150,False
MAR,Marriott International Inc,Cons Discretionary,338.92,1.47,34.1627,366.336,3.285,23.1519,0.02927169105486393,0.0027297344514325647,0.30441400304414,0.04319299927867691,309.12,19.81,0.9668,0.19152307999999998,15.8,15.05,1.0498338870431894,-0.04863194883803638,76.1214,0.5347,4.72,8.84,410.98,256.76,0.5327454286084815,False,29.234099999999998,387.27717,14.3,0.65625,0.6612903225806451,-0.005040322580645129,0.5,5,11,15,1,0,32,1.0291995111072474,0.18333333333333335,2026-08-03,49.0,True,0.32123442591527696,1.0,0.4,0.6666666666666666,0.3,0.25812751677852347,0.35688845174728073,0.32123442591527696,0.5038374853583979,0.3618254377844635,0.25812751677852347,0.34108585358327553,123,0.38666666666666666,0.6666666666666666,0.28,0.14666666666666667,0.4066666666666667,0.18666666666666668,2026-09-21,v2,SPY Top 150,False
PLD,Prologis Inc,Real Estate,134.84,-0.25,31.0576,2.3509,14.222,26.4006,0.03219823811241049,0.4253690076141052,0.07031359864997891,0.037877927016810226,7.9,74.31,0.0928,0.06895968,38.37,36.59,1.0486471713582945,-0.04750092522774551,0.6783,0.2736,7.35,21.55,153.35,111.03,0.5626181474480153,False,20.719900000000003,161.815758,20.0,0.717391304347826,0.73,-0.012608695652173929,0.6521739130434783,5,10,8,0,0,23,1.0814942485960324,0.0,2026-07-16,67.0,True,0.3967356718420548,1.0,0.3967356718420548,0.5666666666666667,0.278545434200878,0.2896375838926174,0.3411062254107845,0.3967356718420548,0.278545434200878,0.34850766547758494,0.278545434200878,0.3345152192222436,124,0.37333333333333335,0.5666666666666667,0.25333333333333335,0.18,0.37333333333333335,0.18,2026-09-21,v2,SPY Top 150,False
BA,Boeing Co,Industrials,198.2,0.61,64.3332,27.9744,1.6666,28.7393,0.01554407366647392,0.035746968657057884,0.6000240009600384,0.034795558694888186,132.92,4.68,0.5794,0.027115919999999998,4.89,-4.44,,,7.5246,1.1375,24.78,,254.35,176.77,0.2762309873678781,False,-3.4855,275.651634,39.1,0.8108108108108109,0.7972972972972973,0.013513513513513598,0.8648648648648649,14,18,5,0,0,37,-0.30552127747797514,0.08333333333333337,2026-07-28,55.0,True,0.3316053287329883,1.0,0.28,0.26666666666666666,0.2,0.8847919463087248,0.20889261744966445,0.3316053287329883,0.39691010770505386,0.3649589485458613,0.2,0.33196715883668904,125,0.25333333333333335,0.26666666666666666,0.17333333333333334,1.0,0.15333333333333332,0.17333333333333334,2026-09-21,v2,SPY Top 150,False
XOM,Exxonmobil Holdings Corp,Energy,163.54,0.17,20.5288,2.1848,1.8625,10.3187,0.04871205331047114,0.4577077993409008,0.5369127516778524,0.09691143264170875,12.68,28.84,0.7882,0.22731688,11.53,12.88,0.8951863354037266,-0.11072338639524001,0.1633,1.1347,9.62,10.18,176.41,110.39,0.8050590730081792,False,41.9351,172.785042,5.7,0.6583333333333333,0.6833333333333333,-0.025000000000000022,0.4666666666666667,5,9,16,0,0,30,-1.4476239329977831,0.1333333333333333,2026-07-31,52.0,True,0.7995351734713437,1.0,0.5,0.8,0.5,0.0813758389261745,0.15415413098819716,0.7995351734713437,0.4571984448951994,0.39439828743346445,0.0813758389261745,0.3317937977320065,126,0.49333333333333335,0.8,0.4866666666666667,0.006666666666666667,0.1,0.16666666666666666,2026-09-21,v2,SPY Top 150,False
NFLX,Netflix Inc,Comm Services,71.79,-4.67,21.9002,9.8602,6.18,17.3527,0.04566168345494561,0.10141782113953063,0.16181229773462785,0.057627919574475446,47.96,49.12,0.8412,0.41319743999999997,35.46,23.1,1.535064935064935,-0.4285726831183139,0.4746,1.1416,16.02,35.26,124.86,65.08,0.1122448979591838,False,-29.1364,97.456614,35.8,0.7456896551724138,0.7629310344827587,-0.017241379310344862,0.7413793103448276,14,29,15,0,0,58,-0.06866525735797707,0.0,2026-07-16,67.0,True,0.48263944795859687,0.9771573604060914,0.36363636363636365,0.04666666666666667,0.6363636363636364,0.4002818791946309,0.23800509141402454,0.47161468899507564,0.6110312020874401,0.4022419880358783,0.04666666666666667,0.331126923762036,127,0.33,0.04666666666666667,0.63,0.32,0.21333333333333335,0.16,2026-09-21,v2,SPY Top 150,False
HLT,Hilton Worldwide Holdings Inc,Cons Discretionary,305.73,1.05,43.4401,245.967,5.5113,26.1162,0.02302020483378261,0.004065586033898856,0.18144539400867307,0.03829040978396551,171.01,37.9,0.7484,0.2836436,23.35,21.09,1.1071597913703177,-0.10179798962422312,73.65,0.6491,8.74,4.49,358.0,253.54,0.4996170783074863,False,18.1423,357.054264,16.8,0.696969696969697,0.6774193548387096,0.019550342130987386,0.6363636363636364,5,16,12,0,0,33,-0.4876022185668842,0.08333333333333337,2026-07-28,55.0,True,0.23522618363043896,1.0,0.2,0.56,0.4,0.6401879194630873,0.14788359176116642,0.23522618363043896,0.527551919359293,0.37622012265679244,0.14788359176116642,0.33055281647766727,128,0.16,0.56,0.38666666666666666,0.7666666666666667,0.08666666666666667,0.15333333333333332,2026-09-21,v2,SPY Top 150,False
DIS,Walt Disney Co,Comm Services,102.67,-2.54,20.6138,1.5566,1.7932,11.4597,0.048511191531886405,0.6424257998201208,0.5576622797233995,0.08726231925792124,7.870000000000001,37.6,0.4885,0.183676,13.66,8.2,1.6658536585365855,-0.5103376998724367,0.4184,0.7091,4.58,-24.0,117.09,92.19,0.4208835341365462,False,-6.0755,131.23483199999998,27.8,0.7894736842105263,0.7916666666666666,-0.002192982456140302,0.8947368421052632,11,23,3,1,0,38,1.877421621806558,0.21666666666666667,2026-08-05,47.0,False,0.8151677209124017,0.9004392386530014,0.6363636363636364,0.22666666666666666,0.09090909090909091,0.5595838926174497,0.4137664892386022,0.7340090019928653,0.25757777904751017,0.3830120549395833,0.09090909090909091,0.32459146213348483,129,0.63,0.22666666666666666,0.056666666666666664,0.56,0.56,0.14666666666666667,2026-09-21,v2,SPY Top 150,False
DE,Deere & Co,Industrials,683.99,-0.24,37.8455,5.8285,3.8435,20.4782,0.026423220726374336,0.1715707300334563,0.2601795238714713,0.04883241691164262,18.11,36.58,0.4526,0.16556107999999997,19.46,21.77,0.8938906752411576,-0.112171798488597,2.2807,0.9375,7.99,-5.93,705.88,433.0,0.9197815889768397,False,39.2189,695.39877,1.7,0.7132352941176471,0.6985294117647058,0.014705882352941235,0.6470588235294118,7,15,12,0,0,34,0.7878299767381549,0.4666666666666667,2026-08-20,32.0,False,0.4453728196281388,1.0,0.4,0.78,0.12,0.5247785234899329,0.3663550104142559,0.4453728196281388,0.3342604586273558,0.373908956260125,0.12,0.3231271650081,130,0.38666666666666666,0.78,0.08666666666666667,0.5266666666666666,0.4266666666666667,0.14,2026-09-21,v2,SPY Top 150,False
UBER,Uber Technologies Inc,Comm Services,70.5,-0.52,15.0329,5.3774,2.6074,20.3967,0.06652076445662514,0.18596347677316177,0.38352381682902503,0.04902753876852628,35.730000000000004,36.77,0.8807,0.32383339000000005,12.13,0.29,41.827586206896555,-3.733556078957576,0.4658,0.8425,16.68,-22.8,101.99,65.41,0.1391470749043194,False,-18.7467,104.455854,48.2,0.7758620689655172,0.775,0.0008620689655172153,0.8620689655172413,15,35,7,1,0,58,0.357013569685265,0.21666666666666667,2026-08-05,47.0,True,0.6786381061912977,0.5,0.09090909090909091,0.09333333333333334,0.5454545454545454,0.7299395973154363,0.2037364036102754,0.33931905309564886,0.46858767819901154,0.3722453497015983,0.09090909090909091,0.31597809794309684,131,0.056666666666666664,0.09333333333333334,0.5366666666666666,0.8533333333333334,0.13333333333333333,0.13333333333333333,2026-09-21,v2,SPY Top 150,False
SBUX,Starbucks Corp,Cons Discretionary,95.83,-0.87,55.0997,64.1154,2.8495,23.4843,0.018148919141120552,0.015596876881373276,0.350938761186173,0.04258163964861631,115.68,22.34,1.2458,0.27831172,9.17,14.65,0.625938566552901,-0.4685030491947028,8.0719,0.7597,4.49,-24.99,110.51,77.99,0.5485854858548584,False,24.6836,113.32557,18.3,0.6358695652173914,0.6329787234042553,0.002890841813136036,0.4782608695652174,8,14,20,3,1,46,1.9572762913530979,0.09999999999999998,2026-07-29,54.0,True,0.3016637914510255,1.0,0.3,0.6066666666666667,0.2,0.44516107382550335,0.38074288359176117,0.3016637914510255,0.44549173880334064,0.3418103139705315,0.2,0.3134482511764253,132,0.2733333333333333,0.6066666666666667,0.17333333333333334,0.37333333333333335,0.4866666666666667,0.12666666666666668,2026-09-21,v2,SPY Top 150,False
AMD,Advanced Micro Devices Inc,Technology,559.82,2.7,142.0411,13.086,22.1255,119.0487,0.007040215824856327,0.07641754546843955,0.04519671871822106,0.008399923728692544,10.07,53.2,0.5197,0.2764804,15.71,9.46,1.660676532769556,-0.5072250692037429,0.048,2.6092,39.54,124.33,584.73,149.85,0.9427198307579103,False,235.56740000000002,615.62355,10.0,0.7796610169491526,0.7763157894736842,0.003345227475468393,0.8305084745762712,17,32,10,0,0,59,0.4165501684478027,0.19999999999999996,2026-08-04,48.0,True,0.10520030668966839,0.9032463399108848,0.11764705882352941,0.9733333333333334,0.23529411764705882,0.5311140939597315,0.37845869011802824,0.09502179197494554,0.4429840156558009,0.3603249556429839,0.11764705882352941,0.311789376279093,133,0.08,0.9733333333333334,0.20666666666666667,0.5333333333333333,0.4666666666666667,0.12,2026-09-21,v2,SPY Top 150,False
WMB,Williams Companies Inc,Energy,72.05,0.33,28.6786,6.8929,7.2213,16.9769,0.0348692056097578,0.14507681817522378,0.13847922119286002,0.058903568967243726,23.86,82.37,0.2082,0.17149434000000002,38.18,33.0,1.156969696969697,-0.14580425683112133,2.3346,0.4771,8.72,26.31,80.08,56.19,0.663876098786103,False,23.3249,86.774052,20.4,0.7592592592592593,0.7586206896551724,0.0006385696040869249,0.8148148148148148,7,15,4,1,0,27,2.479330067855023,0.18333333333333335,2026-08-03,49.0,True,0.43394479585968954,1.0,0.16666666666666666,0.5933333333333334,0.16666666666666666,0.5647114093959731,0.5530004628558205,0.43394479585968954,0.3114570274928816,0.3468923513075677,0.16666666666666666,0.3108472143793875,134,0.12666666666666668,0.5933333333333334,0.12666666666666668,0.5733333333333334,0.8066666666666666,0.11333333333333333,2026-09-21,v2,SPY Top 150,False
EMR,Emerson Electric Co,Industrials,149.92,1.71,32.4633,3.9344,4.4873,20.9107,0.030804015611475114,0.2541683611224075,0.2228511577117643,0.047822406710440114,12.68,53.16,0.4432,0.23560511999999997,19.86,15.2,1.306578947368421,-0.2674122307647958,0.6435,0.8963,4.82,-1.79,166.35,122.64,0.6241134751773048,False,15.3063,174.362064,16.3,0.7132352941176471,0.7132352941176471,0.0,0.6764705882352942,7,16,10,1,0,34,0.4722098507280315,0.19999999999999996,2026-08-04,48.0,True,0.47388729154686604,1.0,0.52,0.49333333333333335,0.16,0.41069127516778525,0.251006711409396,0.47388729154686604,0.34201857459836776,0.3471225950782998,0.16,0.3096980760626399,135,0.5133333333333333,0.49333333333333335,0.12,0.3466666666666667,0.26,0.10666666666666667,2026-09-21,v2,SPY Top 150,False
NOW,ServiceNow Inc,Technology,135.47,-2.17,83.8778,8.1806,9.5083,52.7408,0.011922105730002457,0.12224042246290003,0.10517127141550014,0.01896065285319904,13.77,74.79,0.5673,0.42428367,11.4,8.77,1.2998859749144813,-0.2622765490163582,0.6006,0.7006,22.19,0.87,194.73,81.24,0.4778394572209006,False,-20.0707,150.846678,11.4,0.7909090909090909,0.7870370370370371,0.0038720538720538045,0.9090909090909091,16,34,3,2,0,55,0.9298564235210325,0.0,2026-07-22,61.0,True,0.18589706728004599,1.0,0.47058823529411764,0.07333333333333333,0.29411764705882354,0.5700000000000001,0.2636380467484378,0.18589706728004599,0.46193102495976535,0.3667613932867755,0.07333333333333333,0.30807578129608704,136,0.46,0.07333333333333333,0.2733333333333333,0.5866666666666667,0.28,0.1,2026-09-21,v2,SPY Top 150,False
SPGI,S&P Global Inc,Financials,405.32,0.3,24.2764,3.8129,7.412,16.1252,0.04119226903494752,0.2622675653701907,0.13491635186184567,0.06201473470096495,15.5,63.58,0.2636,0.16759688,44.43,41.74,1.0644465740297075,-0.06245501529876226,0.4798,0.9544,9.67,26.22,522.47,361.03,0.27434340931615464,False,-8.6296,535.7167499999999,32.2,0.7867647058823529,0.8014705882352942,-0.014705882352941235,0.8529411764705882,10,19,5,0,0,34,-0.21055450800248943,0.08333333333333337,2026-07-28,55.0,True,0.519391412689285,1.0,0.18181818181818182,0.19333333333333333,0.45454545454545453,0.47753020134228186,0.2363862531821338,0.519391412689285,0.4252740146082717,0.3321154933972916,0.18181818181818182,0.30205603108146967,137,0.14,0.19333333333333333,0.44333333333333336,0.4266666666666667,0.20666666666666667,0.09333333333333334,2026-09-21,v2,SPY Top 150,False
LIN,Linde PLC,Materials,460.4,0.42,29.2981,6.1393,5.9871,17.8255,0.03413190616456357,0.1628850194647598,0.16702577207663144,0.056099408151244,18.75,48.35,0.4081,0.19731635000000003,26.45,21.82,1.2121906507791016,-0.19242917789938352,0.7168,0.879,6.63,10.12,548.2,387.78,0.45268669741927425,False,2.6829000000000005,556.172442,20.8,0.7016129032258065,0.7413793103448276,-0.03976640711902113,0.7096774193548387,5,17,7,2,0,31,-1.9474597995289649,0.1333333333333333,2026-07-31,52.0,True,0.4655232892466935,1.0,0.4655232892466935,0.36666666666666664,0.38040762220381114,0.23683892617449664,0.1379726915065957,0.4655232892466935,0.38040762220381114,0.335233464600372,0.1379726915065957,0.2957813099816168,138,0.4533333333333333,0.36666666666666664,0.36,0.12666666666666668,0.06666666666666667,0.08666666666666667,2026-09-21,v2,SPY Top 150,False
MRK,Merck & Co Inc,Healthcare,146.87,-0.19,114.199,7.5686,5.4433,42.7181,0.008756644103713693,0.1321248315408398,0.18371208641816547,0.023409280843483208,6.6000000000000005,77.28,0.5073,0.39204144,9.58,24.53,0.39054219323277617,-0.9402192662876289,1.2855,1.3227,4.64,-80.7,156.92,77.58,0.8733299722712379,False,80.7446,153.862308,4.8,0.7361111111111112,0.7361111111111112,0.0,0.7222222222222222,8,18,10,0,0,36,1.5100818466873418,0.19999999999999996,2026-08-04,48.0,True,0.25418343875790683,1.0,0.19047619047619047,0.9266666666666666,0.19047619047619047,0.34518120805369124,0.3533256190696598,0.25418343875790683,0.36968525078802766,0.31946365589975867,0.19047619047619047,0.2936661628150451,139,0.14666666666666667,0.9266666666666666,0.15333333333333332,0.24666666666666667,0.3933333333333333,0.08,2026-09-21,v2,SPY Top 150,False
KO,Coca-Cola Co,Cons Staples,88.25,0.22,26.5228,10.0141,7.5745,25.2514,0.03770340989639103,0.09985919853007261,0.13202191563799592,0.03960176465463301,42.99,61.89,0.474,0.29335859999999997,30.35,26.86,1.1299329858525688,-0.12215832641041573,1.2045,1.3046,6.52,17.61,92.49,65.35,0.8437730287398676,False,33.2603,96.1299,8.9,0.75,0.7714285714285715,-0.021428571428571463,0.7714285714285715,8,19,8,0,0,35,0.9435033891402996,0.08333333333333337,2026-07-28,55.0,True,0.3531751964730688,1.0,0.25,0.7333333333333333,0.25,0.19462416107382552,0.3375109928257348,0.3531751964730688,0.5594326819605938,0.30038481447195864,0.19462416107382552,0.279232683792332,140,0.23333333333333334,0.7333333333333333,0.22666666666666666,0.08,0.36,0.07333333333333333,2026-09-21,v2,SPY Top 150,False
CRWD,CrowdStrike Holdings Inc,Technology,237.65,-3.28,4162.4719,38.0963,45.0948,2636.7098,0.00024024186205317088,0.026249268301646093,0.02217550582328783,0.0003792605466100213,1.29,75.24,0.4867,0.36619308,-2.21,-5.59,,,0.1463,1.5701,24.3,,250.32,85.68,0.9230442176870749,False,86.2426,237.19488,-0.2,0.7213114754098361,0.725,-0.0036885245901638886,0.7377049180327869,12,33,14,1,1,61,0.7934193249923772,0.5666666666666667,2026-08-26,26.0,False,0.03511213341000575,1.0,0.058823529411764705,0.94,0.35294117647058826,0.23284563758389265,0.46798657718120806,0.03511213341000575,0.5266151615575808,0.3313553493880774,0.058823529411764705,0.2768489853928149,141,0.03333333333333333,0.94,0.32666666666666666,0.12,0.6666666666666666,0.06666666666666667,2026-09-21,v2,SPY Top 150,False
IBM,International Business Machines Corp,Technology,229.55,-3.45,20.1685,7.6717,3.1299,22.6525,0.04958226938046954,0.13034920552159235,0.3194990255279721,0.04414523783246882,33.51,58.1,0.4557,0.2647617,15.11,9.78,1.5449897750511248,-0.43501729223792224,1.7992,0.7908,7.9,82.66,332.46,199.19,0.22780820889922726,False,-11.5302,247.560528,7.8,0.6774193548387096,0.7327586206896551,-0.05533926585094551,0.5161290322580645,8,8,13,2,0,31,-1.515345428295742,0.0,2026-07-22,61.0,True,0.5553325666091624,0.970880211780278,0.8823529411764706,0.16,0.11764705882352941,0.09366442953020135,0.20597084008331407,0.539161399877989,0.3780303783485225,0.32151086485971386,0.09366442953020135,0.2759415777938114,142,0.8666666666666667,0.16,0.08,0.02,0.14,0.06,2026-09-21,v2,SPY Top 150,False
WELL,Welltower Inc,Real Estate,228.87,-1.46,106.3775,3.452,12.9244,61.6685,0.009400484124932435,0.28968713789107764,0.0773730308563647,0.016215734126823256,3.63,40.33,0.1935,0.07803855,3.57,11.1,0.3216216216216216,-1.1343795125267409,0.3819,1.0648,37.57,22.25,255.2,163.75,0.7120831055221434,False,40.5544,268.05600000000004,17.1,0.7589285714285714,0.7685185185185185,-0.009589947089947093,0.8214285714285714,6,17,5,0,0,28,-0.11430011723950567,0.06666666666666665,2026-07-27,56.0,True,0.23269982748706156,1.0,0.23269982748706156,0.7866666666666666,0.19905105276690568,0.31332885906040264,0.22292524878500347,0.23269982748706156,0.19905105276690568,0.2926614984983348,0.19905105276690568,0.27393940935204897,143,0.2,0.7866666666666666,0.16,0.21333333333333335,0.17333333333333334,0.05333333333333334,2026-09-21,v2,SPY Top 150,False
CME,CME Group Inc,Financials,276.01,1.79,23.1508,3.0173,7.87,9.2246,0.04319505157489158,0.3314221323699997,0.12706480304955528,0.10840578453266266,15.58,95.97,0.0645,0.06190065,83.82,76.32,1.0982704402515724,-0.09373661535689443,0.1309,1.0184,16.57,13.39,329.16,218.31,0.5205232295895352,False,9.241299999999999,291.605658,5.7,0.6190476190476191,0.6309523809523809,-0.011904761904761862,0.5238095238095238,2,9,7,3,0,21,1.7762782820292842,0.0,2026-07-22,61.0,True,0.589579260111175,1.0,0.3181818181818182,0.42,0.36363636363636365,0.11224832214765101,0.40628558204119414,0.589579260111175,0.3996874982144388,0.314028865372073,0.11224832214765101,0.2736727567271886,144,0.28,0.42,0.3433333333333333,0.02666666666666667,0.5466666666666666,0.04666666666666667,2026-09-21,v2,SPY Top 150,False
INTC,Intel Corp,Technology,108.6,-0.18,,7.5624,10.0658,36.4648,,0.13223315349624457,0.09934630133720122,0.027423707246440405,-10.76,38.6,0.277,0.10692200000000002,9.36,2.79,3.354838709677419,-1.2104036946562262,0.5773,1.604,7.47,,142.35,28.73,0.702957225840521,False,233.923,116.378736,7.2,0.5954545454545455,0.5909090909090909,0.004545454545454519,0.34545454545454546,4,15,34,2,0,55,2.2949705398278684,0.0,2026-07-23,60.0,True,0.34312056737588653,0.5,0.35294117647058826,0.9666666666666667,0.029411764705882353,0.3578322147651007,0.4557046979865772,0.17156028368794327,0.21054457236998733,0.3336476378470852,0.029411764705882353,0.2728004632188446,145,0.31333333333333335,0.9666666666666667,0.006666666666666667,0.2733333333333333,0.6333333333333333,0.04,2026-09-21,v2,SPY Top 150,False
MMM,3M Co,Industrials,165.89,0.72,28.5463,28.6067,3.3977,15.8239,0.0350308095970406,0.03495684577389213,0.2943167436795479,0.06319554597791947,77.12,39.4,0.6913,0.2723722,18.36,6.45,2.8465116279069766,-1.0460942543846632,4.2517,1.2402,2.35,-21.67,184.9,139.34,0.5827480245829672,False,10.2072,185.727312,12.0,0.6458333333333334,0.6521739130434783,-0.0063405797101449,0.5416666666666666,4,9,9,1,1,24,2.7111975465442586,0.0,2026-07-21,62.0,True,0.4399079930994825,0.5269607843137255,0.12,0.44,0.36,0.2186174496644295,0.42199490858597544,0.23181426106958022,0.4417672866135284,0.28902272622078223,0.12,0.2552181809766258,146,0.08666666666666667,0.44,0.3333333333333333,0.10666666666666667,0.58,0.03333333333333333,2026-09-21,v2,SPY Top 150,False
PFE,Pfizer Inc,Healthcare,27.66,0.07,36.3843,1.6304,2.4751,24.0428,0.027484381999928538,0.6133464180569185,0.4040240798351582,0.04159249338679355,4.89,74.71,0.3086,0.23055505999999998,6.79,18.78,0.3615548455804047,-1.017341532209512,0.7418,1.2669,-0.22,-59.91,29.21,23.58,0.7246891651865008,False,17.3452,29.052456000000003,5.0,0.6180555555555556,0.625,-0.00694444444444442,0.3888888888888889,6,8,20,1,1,36,0.6416447957185399,0.19999999999999996,2026-08-04,48.0,True,0.5670921985815602,1.0,0.6190476190476191,0.54,0.047619047619047616,0.13810738255033558,0.23803749132145335,0.5670921985815602,0.2750966107666962,0.2863747192559042,0.047619047619047616,0.2386235849285329,147,0.6133333333333333,0.54,0.02666666666666667,0.04,0.22,0.02666666666666667,2026-09-21,v2,SPY Top 150,False
SCHW,Charles Schwab Corp,Financials,105.25,0.59,18.0282,3.3178,6.1375,31.2445,0.0554686546632498,0.30140454518054133,0.1629327902240326,0.03200563299140649,19.08,87.76,0.0594,0.052129440000000006,44.03,35.74,1.231952993844432,-0.20860071003638048,5.8093,0.3699,11.2,43.25,114.53,83.96,0.6964344128230292,False,16.9937,125.50437,19.2,0.7666666666666667,0.7678571428571429,-0.0011904761904761862,0.8333333333333334,8,17,4,1,0,30,1.2688339381527751,0.0,2026-07-21,62.0,True,0.5374410580793559,1.0,0.22727272727272727,0.5333333333333333,0.045454545454545456,0.4413825503355705,0.4148484147188151,0.5374410580793559,0.21022744717119485,0.27429165106281517,0.045454545454545456,0.22852422994116123,148,0.18666666666666668,0.5333333333333333,0.02,0.36,0.5666666666666667,0.02,2026-09-21,v2,SPY Top 150,False
GE,General Electric Co,Industrials,314.27,0.26,36.3517,21.9811,6.4393,35.9084,0.027509029839044664,0.04549362861731214,0.15529638314723648,0.02784863708770093,49.03,33.57,0.3937,0.13216508999999999,16.72,5.34,3.131086142322097,-1.141379954684452,1.086,0.9819,21.7,18.32,388.84,268.91,0.37822062870007483,False,12.1693,409.28979,30.2,0.78125,0.78125,0.0,0.875,9,19,3,1,0,32,1.2771939497465317,0.0,2026-07-16,67.0,True,0.24131780716887097,0.5,0.04,0.46,0.08,0.6343087248322148,0.3636287896320296,0.12065890358443548,0.33227986172613777,0.2614060634112474,0.04,0.21712485072899793,149,0.013333333333333334,0.46,0.04,0.76,0.41333333333333333,0.013333333333333334,2026-09-21,v2,SPY Top 150,False
TSLA,Tesla Inc,Cons Discretionary,364.27,-0.53,378.0089,18.1867,13.8845,129.4608,0.002645440358679386,0.05498523646400942,0.07202275919190465,0.007724345902388985,4.569999999999999,18.85,0.7352,0.1385852,4.22,9.97,0.4232698094282848,-0.8597454559258266,0.1076,1.9409,11.75,-37.66,498.83,297.38,0.33204269049391905,False,-11.6135,389.044014,6.8,0.6352459016393442,0.625,0.010245901639344246,0.4918032786885246,10,20,25,5,1,61,-2.4523766396480196,0.0,2026-07-22,61.0,True,0.09508817327966264,1.0,0.1,0.15333333333333332,0.1,0.44677852348993286,0.024457301550567,0.09508817327966264,0.30039913245531336,0.16335763326390496,0.024457301550567,0.13557756692123737,150,0.07333333333333333,0.15333333333333332,0.07333333333333333,0.38,0.006666666666666667,0.006666666666666667,2026-09-21,v2,SPY Top 150,False
