ticker,name,sector,price,day_chg,pe_ttm,pb,ps_ttm,ev_ebitda,earn_yld,book_yld,sales_yld,ebitda_yld,roe,gross_margin,asset_turnover,gp_assets,op_margin_ttm,op_margin_5y,margin_ratio,margin_stability,debt_equity,current_ratio,rev_growth,eps_growth,w52_high,w52_low,w52_pos,stale_ref,mom_12_1,mean_target,upside_pct,analyst_score,analyst_score_3m_ago,revision_3m,buy_ratio,strong_buy,buy,hold,sell,strong_sell,total_recs,sue,pead_decay,last_report,days_since_report,has_earnings,score_value_raw,cyc_guard,score_value,score_momentum,score_quality,score_sentiment,score_catalyst,score_value_uni,score_quality_uni,weighted_mean,worst_lens,score_composite,rank,score_value_pct,score_momentum_pct,score_quality_pct,score_sentiment_pct,score_catalyst_pct,score_composite_pct,as_of,version,universe,in_top_n
NVDA,NVIDIA Corp,Technology,227.21,-0.72,28.7145,20.768,18.2805,27.5888,0.0348256107541486,0.048151001540832045,0.05470309893055442,0.0362465928202749,110.11,74.67,1.2788,0.95487996,65.17,45.98,1.4173553719008265,-0.34879272100925357,0.1457,4.5889,83.38,125.15,236.54,164.27,0.8709007887090081,False,24.7761,329.3376,44.9,0.8188405797101449,0.8152173913043478,0.0036231884057971175,0.9420289855072463,24,41,3,1,0,69,3.676278564427623,0.41666666666666663,2026-08-26,35.0,False,0.23171650373778033,1.0,0.6176470588235294,0.6333333333333333,1.0,0.7838926174496643,0.7535628326776209,0.23171650373778033,0.804304159643459,0.7875580464307917,0.6176470588235294,0.7535758489093394,1,0.6066666666666667,0.6333333333333333,0.9733333333333334,0.9066666666666666,0.9933333333333333,1.0,2026-09-30,v2,SPY Top 150,True
FDX,FedEx Corp,Industrials,287.47,-0.75,15.4666,2.5521,0.7239,8.24,0.06465545110108234,0.3918341757768113,1.381406271584473,0.12135922330097088,15.110000000000001,62.11,1.0205,0.6338325499999999,5.76,6.03,0.9552238805970148,-0.04580953603129434,0.8125,1.4754,7.73,9.81,345.37,180.99,0.6477673682929798,False,62.673,361.55583,25.8,0.7214285714285714,0.7121212121212122,0.009307359307359264,0.6857142857142857,9,15,9,2,0,35,0.41769222888554963,0.0,,,True,0.8869187272378762,1.0,1.0,0.8933333333333333,1.0,0.662751677852349,0.20733163619532516,0.8869187272378762,0.6553489367578017,0.8029834143331018,0.20733163619532516,0.6838530587055466,2,0.9733333333333334,0.8933333333333333,0.9733333333333334,0.7866666666666666,0.19333333333333333,0.9933333333333333,2026-09-30,v2,SPY Top 150,True
CVX,Chevron Corp,Energy,204.38,-0.96,19.6594,1.7386,1.9396,8.4742,0.05086625227626478,0.5751754285056943,0.5155702206640544,0.11800523943263082,10.979999999999999,43.65,0.6372,0.2781378,13.22,12.75,1.0368627450980392,-0.03619956281910508,0.1953,1.2522,11.17,34.62,217.78,146.49,0.8120353485762378,False,28.7408,225.202536,10.2,0.7583333333333333,0.7416666666666667,0.016666666666666607,0.8333333333333334,7,18,4,1,0,30,2.813694710521799,0.0,2026-07-31,61.0,True,0.8201849722062489,1.0,0.6666666666666666,0.6733333333333333,0.8333333333333334,0.6305369127516779,0.5459476972922934,0.8201849722062489,0.5508497224047463,0.6919995371441796,0.5459476972922934,0.6627891691738024,3,0.6566666666666666,0.6733333333333333,0.8133333333333334,0.7533333333333333,0.8333333333333334,0.9866666666666667,2026-09-30,v2,SPY Top 150,True
MU,Micron Technology Inc,Technology,1065.08,1.05,23.8625,10.34,13.3407,17.3623,0.041906757464641176,0.09671179883945842,0.07495858538157668,0.0575960558220973,70.55,72.57,0.8929,0.6479775299999999,65.63,9.66,6.79399585921325,-1.9160392602612046,0.0568,3.4245,166.98,700.71,1255.0,155.18,0.8273171973595679,False,560.2373,1474.5329100000001,38.4,0.8017241379310345,0.8035714285714286,-0.001847290640394128,0.9137931034482759,18,35,4,1,0,58,4.226455705090022,0.0,2026-06-24,98.0,False,0.38865248226950355,0.5,0.5294117647058824,0.9933333333333333,0.7941176470588235,0.6184563758389261,0.6650636426753067,0.19432624113475178,0.7345549381481586,0.6933723901965322,0.5294117647058824,0.6605802650984023,4,0.5266666666666666,0.9933333333333333,0.7666666666666667,0.7166666666666667,0.98,0.98,2026-09-30,v2,SPY Top 150,True
UNP,Union Pacific Corp,Industrials,274.15,0.02,22.1542,7.8116,6.3908,15.0665,0.04513816793203997,0.12801474729888881,0.15647493271577895,0.06637241562406664,38.65,78.25,0.364,0.28482999999999997,40.03,40.23,0.9950285856326125,-0.0049838129572145375,1.467,0.9859,4.17,7.27,315.99,215.53,0.5835158271949031,False,25.376,332.281116,21.2,0.7419354838709677,0.7327586206896551,0.009176863181312611,0.6774193548387096,9,12,10,0,0,31,1.739336906013676,0.0,2026-07-23,69.0,True,0.5045907609737398,1.0,0.6,0.6533333333333333,0.92,0.6271812080536913,0.38361953251562136,0.5045907609737398,0.6031758039787066,0.6743125048214148,0.38361953251562136,0.6161739103602561,5,0.5933333333333334,0.6533333333333333,0.9066666666666666,0.7466666666666667,0.5333333333333333,0.9733333333333334,2026-09-30,v2,SPY Top 150,True
EOG,EOG Resources Inc,Energy,139.66,-0.69,10.6767,2.1685,2.7219,5.5579,0.09366189927599351,0.4611482591653217,0.36739042580550346,0.17992407204159844,22.38,79.47,0.5085,0.40410494999999996,33.02,34.76,0.9499424626006906,-0.051353861905209186,0.2487,1.8514,18.67,24.77,154.16,101.59,0.7241772874262887,False,22.866,162.239364,16.2,0.6597222222222222,0.6666666666666666,-0.00694444444444442,0.4722222222222222,6,11,19,0,0,36,0.586965717530179,0.050000000000000044,2026-08-04,57.0,True,0.8821401188422464,1.0,1.0,0.6066666666666667,1.0,0.2436241610738255,0.2980502198565147,0.8821401188422464,0.6977935891209325,0.704099031859909,0.2436241610738255,0.6120040577026923,6,0.9733333333333334,0.6066666666666667,0.9733333333333334,0.13333333333333333,0.32666666666666666,0.9666666666666667,2026-09-30,v2,SPY Top 150,True
COP,ConocoPhillips,Energy,125.44,-0.48,16.2197,1.9381,2.3767,6.4171,0.06165342145662374,0.5159692482328053,0.42075146211133085,0.15583363201446138,14.32,46.31,0.5156,0.23877436,22.51,25.7,0.8758754863813231,-0.1325313369825331,0.3564,1.5415,9.6,1.31,141.62,85.57,0.711329170383586,False,32.853699999999996,148.42448399999998,18.3,0.7419354838709677,0.7419354838709677,0.0,0.7419354838709677,7,16,8,0,0,31,3.2455704051692447,0.08333333333333337,2026-08-06,55.0,True,0.8430189764232316,1.0,0.8333333333333334,0.7333333333333333,0.6666666666666666,0.4493288590604027,0.49807104836843324,0.8430189764232316,0.47127128150920394,0.6462430957340122,0.4493288590604027,0.6068602483992903,7,0.82,0.7333333333333333,0.6566666666666666,0.37333333333333335,0.7733333333333333,0.96,2026-09-30,v2,SPY Top 150,True
CSCO,Cisco Systems Inc,Technology,106.94,0.19,31.7796,8.9802,6.658,27.262,0.03146672708278267,0.11135609451905303,0.15019525382997898,0.03668109456386179,27.389999999999997,64.52,0.5069,0.32705188,24.27,24.23,1.001650846058605,-0.001649484910075718,0.5873,0.9311,11.77,30.78,130.3656,66.81,0.6314156423666836,False,62.186,137.34300000000002,28.4,0.7214285714285714,0.7196969696969697,0.0017316017316016952,0.6857142857142857,7,17,11,0,0,35,2.407220913859974,0.18333333333333335,2026-08-12,49.0,True,0.33236821928311294,1.0,0.7647058823529411,0.8866666666666667,0.5,0.6,0.5456919694515159,0.33236821928311294,0.6380720890590329,0.6316969326726294,0.5,0.6053575461381036,8,0.7533333333333333,0.8866666666666667,0.4866666666666667,0.6733333333333333,0.8266666666666667,0.9533333333333334,2026-09-30,v2,SPY Top 150,True
AMAT,Applied Materials Inc,Technology,512.01,5.19,43.5636,16.0073,13.0915,41.7057,0.02295494403584644,0.06247149737932068,0.07638544093495779,0.0239775378425491,40.44,49.4,0.7819,0.3862586,29.64,29.33,1.0105693828844187,-0.010513917438526452,0.2554,2.423,7.77,38.36,739.67,197.39,0.5801799808217157,False,132.5124,649.210212,26.8,0.7833333333333333,0.7833333333333333,0.0,0.8666666666666667,12,27,6,0,0,45,0.9000104539017862,0.19999999999999996,2026-08-13,48.0,True,0.18136668583477095,1.0,0.38235294117647056,0.9533333333333334,0.9411764705882353,0.6043624161073825,0.41959268687803747,0.18136668583477095,0.7839558561647096,0.6570858960571037,0.38235294117647056,0.6021393050809771,9,0.36,0.9533333333333334,0.9133333333333333,0.68,0.6066666666666667,0.9466666666666667,2026-09-30,v2,SPY Top 150,True
BMY,Bristol-Myers Squibb Co,Healthcare,62.86,-1.6,13.9181,5.2719,2.6268,10.8495,0.0718488874199783,0.18968493332574596,0.38069133546520484,0.09217014608968155,46.760000000000005,71.66,0.5449,0.39047534000000006,25.51,13.6,1.8757352941176473,-0.6290007394117139,1.932,1.5316,3.11,99.29,68.64,42.52,0.7787136294027565,False,49.1725,67.846524,7.9,0.6428571428571429,0.6285714285714286,0.014285714285714346,0.42857142857142855,7,8,18,2,0,35,4.637284440412436,0.0,2026-07-30,62.0,True,0.7615631589035844,0.7996863974911799,0.6666666666666666,0.84,0.5714285714285714,0.5060402684563758,0.6544411015968525,0.6090116990056104,0.5306143854336295,0.6214694570260412,0.5060402684563758,0.5983836193121082,10,0.6566666666666666,0.84,0.56,0.47333333333333333,0.9666666666666667,0.94,2026-09-30,v2,SPY Top 150,True
WDC,Western Digital Corp,Technology,453.48,0.06,16.0688,22.4549,11.7217,35.2336,0.062232400677088524,0.044533709791626776,0.08531185749507324,0.028381999000953635,117.8,48.85,0.8777,0.42875645,30.25,11.1,2.725225225225225,-1.002551076158562,0.1187,1.3288,35.7,363.83,799.87,105.42,0.5012023903808769,False,323.4602,663.796518,46.4,0.75,0.7586206896551724,-0.008620689655172376,0.7741935483870968,7,17,7,0,0,31,2.217411658221307,0.06666666666666665,2026-08-05,56.0,True,0.35859210274103887,0.5504132231404959,0.5588235294117647,0.9866666666666667,0.7058823529411765,0.4711409395973154,0.5682110622541079,0.19737383506242306,0.68552977363845,0.62959710215954,0.4711409395973154,0.5979058696470951,11,0.5533333333333333,0.9866666666666667,0.6933333333333334,0.4,0.86,0.9333333333333333,2026-09-30,v2,SPY Top 150,False
SNDK,Sandisk Corp,Technology,1729.76,0.98,21.9365,16.422,12.3864,19.6234,0.045586123583981036,0.060893922786505905,0.08073370793773817,0.05095956867821071,93.13,71.47,1.2398,0.88608506,61.19,2.86,21.395104895104897,-3.063162152642688,0.0,2.2899,175.3,,2354.39,94.39,0.7236150442477876,False,1654.3529999999998,2166.6654359999998,25.3,0.7954545454545454,0.7916666666666666,0.0037878787878787845,0.8484848484848485,11,17,5,0,0,33,1.2648324250882537,0.06666666666666665,2026-08-05,56.0,True,0.37264615679509294,0.5,0.4411764705882353,1.0,0.8235294117647058,0.6845637583892618,0.37838926174496645,0.18632307839754647,0.7465923682731956,0.6510240821160679,0.37838926174496645,0.5964971180418476,12,0.43333333333333335,1.0,0.8066666666666666,0.8133333333333334,0.5,0.9266666666666666,2026-09-30,v2,SPY Top 150,False
BAC,Bank of America Corp,Financials,54.96,-0.92,11.408,1.3281,2.32875,,0.0876577840112202,0.7529553497477599,0.4294149221685454,,11.129999999999999,,,,32.73721,33.47932,0.9778337791807001,-0.022415583330081108,2.4313,,99.36713,25.82,65.225,46.12,0.46270609788013634,False,16.6896,69.16569,25.8,0.75,0.75,0.0,0.7931034482758621,6,17,6,0,0,29,2.1898905017103685,0.0,2026-07-14,78.0,True,0.8171171171171171,1.0,0.7727272727272727,0.54,0.6363636363636364,0.5322147651006711,0.4683962045822726,0.8171171171171171,0.4440229885057471,0.6147932927983842,0.4683962045822726,0.585513875155162,13,0.76,0.54,0.63,0.52,0.7,0.92,2026-09-30,v2,SPY Top 150,False
UPS,United Parcel Service Inc,Industrials,93.93,-0.34,17.4243,6.0646,0.8855,9.5277,0.05739111470762097,0.16489133660917454,1.129305477131564,0.10495712501443161,29.07,81.91,1.2509,1.0246121899999998,7.31,10.88,0.6718749999999999,-0.3976829676661096,1.625,1.179,-0.42,-20.08,122.41,82.0,0.29522395446671634,False,22.1526,118.57214400000001,26.2,0.6642857142857143,0.6590909090909091,0.0051948051948051965,0.5142857142857142,9,9,13,4,0,35,0.6073221974599818,0.0,2026-07-28,64.0,True,0.7778905501245927,1.0,0.88,0.5933333333333334,0.88,0.5597315436241611,0.18847489007174267,0.7778905501245927,0.580528292812997,0.683550875568927,0.18847489007174267,0.5845356784694902,14,0.86,0.5933333333333334,0.8666666666666667,0.5666666666666667,0.14,0.9133333333333333,2026-09-30,v2,SPY Top 150,False
LOW,Lowe's Companies Inc,Cons Discretionary,187.26,-0.21,15.8059,316.2831,1.1611,11.1792,0.06326751402957125,0.003161724417144008,0.8612522607871845,0.08945183912981251,264.53000000000003,33.08,1.6561,0.5478378799999999,11.38,12.14,0.9373970345963757,-0.06464835693316727,52.2337,1.1046,8.16,-2.74,293.06,186.3,0.008992131884600784,False,-18.6902,257.46646200000004,37.5,0.7317073170731707,0.7317073170731707,0.0,0.6829268292682927,11,17,12,1,0,41,6.563798534130623,0.30000000000000004,2026-08-19,42.0,False,0.6569014759440291,1.0,1.0,0.06666666666666667,0.8,0.5848993288590604,0.6138185605183986,0.6569014759440291,0.7057321848603454,0.7057193165162385,0.06666666666666667,0.5779087865463242,15,0.9733333333333334,0.06666666666666667,0.78,0.63,0.92,0.9066666666666666,2026-09-30,v2,SPY Top 150,False
WFC,Wells Fargo & Co,Financials,80.48,-0.41,10.8148,1.389,1.90599,,0.0924658800902467,0.7199424046076314,0.5246617243532232,,12.55,,,,25.34514,25.21255,1.0052588889263483,-0.005245109259358108,2.5479,,72.74767,16.88,97.76,72.78,0.30824659727782233,False,1.5185000000000004,102.714,27.6,0.7166666666666667,0.7413793103448276,-0.02471264367816095,0.6666666666666666,6,14,10,0,0,30,2.6848089464264913,0.0,2026-07-14,78.0,True,0.8381981981981982,1.0,0.8636363636363636,0.35333333333333333,0.8181818181818182,0.3194630872483222,0.4856283267762092,0.8381981981981982,0.46739080459770116,0.6334338361630656,0.3194630872483222,0.570639686380117,16,0.8466666666666667,0.35333333333333333,0.8,0.21333333333333335,0.74,0.9,2026-09-30,v2,SPY Top 150,False
GD,General Dynamics Corp,Industrials,332.34,-0.54,20.1796,3.8011,1.6505,14.1928,0.0495549961347103,0.2630817394964616,0.6058770069675855,0.07045826052646412,17.43,15.38,0.9376,0.14420288,10.32,10.36,0.9961389961389963,-0.003868476777920206,0.2802,1.4409,9.13,10.13,400.0,306.77,0.2742679395044512,False,11.171199999999999,428.598594,29.0,0.7121212121212122,0.7045454545454546,0.007575757575757569,0.6666666666666666,7,15,10,1,0,33,0.9835280370829034,0.0,2026-07-29,63.0,True,0.739363618938087,1.0,0.8,0.44,0.72,0.648993288590604,0.3040499884286045,0.739363618938087,0.530344813301717,0.6354061559824115,0.3040499884286045,0.5691349224716501,17,0.78,0.44,0.7066666666666667,0.7666666666666667,0.3466666666666667,0.8933333333333333,2026-09-30,v2,SPY Top 150,False
MDT,Medtronic PLC,Healthcare,87.09,-2.69,21.5984,2.176,3.0107,16.389,0.04629972590562263,0.45955882352941174,0.3321486697445777,0.06101653548111539,10.61,65.74,0.4068,0.26743032,18.08,17.4,1.0390804597701149,-0.03833614874354703,0.5605,2.0671,9.77,12.25,106.33,73.31,0.4173228346456694,False,-3.7409999999999997,107.18792400000001,23.1,0.7426470588235294,0.7094594594594594,0.03318759936407001,0.6764705882352942,10,13,11,0,0,34,3.771075492872469,0.5166666666666666,2026-09-01,29.0,False,0.6800690051753882,1.0,0.7619047619047619,0.2733333333333333,0.5238095238095238,0.7691275167785235,0.6846644295302013,0.6800690051753882,0.5237910512432268,0.6314775487376159,0.2733333333333333,0.5598487056567594,18,0.7466666666666667,0.2733333333333333,0.5133333333333333,0.8866666666666667,0.9866666666666667,0.8866666666666667,2026-09-30,v2,SPY Top 150,False
APH,Amphenol Corp,Technology,84.34,-0.33,40.8533,14.0021,7.2428,24.5161,0.024477826760628887,0.07141785874975896,0.1380681504390567,0.04078952198759182,37.14,38.95,0.772,0.300694,27.03,21.28,1.2702067669172932,-0.23917969581491255,1.2143,1.8878,54.17,59.37,89.26,39.41,0.9013039117352056,False,31.306800000000003,100.76457599999999,19.5,0.782608695652174,0.7604166666666666,0.022192028985507317,0.8695652173913043,6,14,3,0,0,23,3.694949898643713,0.0,2026-07-29,63.0,True,0.28159670308606477,1.0,0.6764705882352942,0.7,0.38235294117647056,0.7812080536912751,0.6132052765563527,0.28159670308606477,0.5315492005447151,0.6020459316334728,0.38235294117647056,0.5581073335420723,19,0.6666666666666666,0.7,0.37333333333333335,0.8933333333333333,0.9133333333333333,0.88,2026-09-30,v2,SPY Top 150,False
AMZN,Amazon.com Inc,Cons Discretionary,246.67,0.21,19.6242,4.6479,3.4225,16.1734,0.05095749126079025,0.21515092837625593,0.2921840759678598,0.061829918260848056,30.5,50.77,0.872,0.4427144,12.08,7.2,1.6777777777777778,-0.5174701664846593,0.2816,1.0331,15.77,89.71,287.2,196.0,0.5555921052631578,False,17.241500000000002,328.13644800000003,33.0,0.8006756756756757,0.8033333333333333,-0.002657657657657686,0.9324324324324325,20,49,5,0,0,74,0.6841049144849262,0.0,2026-07-30,62.0,True,0.6397297297297296,0.8940397350993378,0.8,0.5533333333333333,0.6,0.5912751677852349,0.35302476278639205,0.5719437981027384,0.5779508851622241,0.6065420813083392,0.35302476278639205,0.5558386176039498,20,0.78,0.5533333333333333,0.5866666666666667,0.6533333333333333,0.4666666666666667,0.8733333333333333,2026-09-30,v2,SPY Top 150,False
LMT,Lockheed Martin Corp,Industrials,512.21,-1.14,18.8643,13.2024,1.54,12.4836,0.05301018325620352,0.07574380415681997,0.6493506493506493,0.08010509788842962,86.24000000000001,11.8,1.274,0.15033200000000002,11.88,10.83,1.0969529085872576,-0.09253625292159959,2.3424,1.1929,7.2,52.8,692.0,437.25,0.29424926398429846,False,13.9749,654.279612,27.7,0.6607142857142857,0.6339285714285714,0.0267857142857143,0.4642857142857143,6,7,14,1,0,28,1.291007267838419,0.0,2026-07-23,69.0,True,0.6710944987540732,1.0,0.76,0.5,0.44,0.7439597315436242,0.4318120805369128,0.6710944987540732,0.47651750802312187,0.5855637583892618,0.4318120805369128,0.554813422818792,21,0.74,0.5,0.4266666666666667,0.8733333333333333,0.6533333333333333,0.8666666666666667,2026-09-30,v2,SPY Top 150,False
NEE,Nextera Energy Inc,Utilities,75.89,0.53,16.9521,3.2044,5.4924,17.2069,0.05898974168392116,0.31207090250905006,0.18206976913553274,0.05811622081839262,16.82,,0.1318,,29.82,26.67,1.1181102362204725,-0.11163997114266946,1.929,0.5338,10.82,55.3,98.75,74.63,0.05223880597014945,False,7.844600000000001,99.58362,31.2,0.7232142857142857,0.7241379310344828,-0.000923645320197064,0.6428571428571429,8,10,9,1,0,28,0.7237897215676752,0.0,2026-07-24,68.0,True,0.6451830553958213,1.0,0.4,0.42,1.0,0.5040268456375838,0.3506780837769035,0.6451830553958213,0.3968415088230532,0.5954070816940523,0.3506780837769035,0.5464612821106226,22,0.38,0.42,0.9733333333333334,0.4666666666666667,0.4533333333333333,0.86,2026-09-30,v2,SPY Top 150,False
GOOG,Alphabet Inc,Comm Services,337.32,-0.54,16.9784,6.7585,9.2992,26.7468,0.05889836498138811,0.14796182584893097,0.10753613214039917,0.0373876501114152,50.839999999999996,60.9,0.6467,0.39384030000000003,33.11,29.71,1.1144395826321103,-0.10835166208463853,0.1533,2.724,20.05,115.31,408.61,235.84,0.5873704925623661,False,38.0222,429.375426,27.3,0.7964285714285714,0.782608695652174,0.013819875776397428,0.9,20,43,7,0,0,70,-0.5336987384061047,0.0,2026-07-22,70.0,True,0.4623552808127276,1.0,0.3181818181818182,0.77,0.8636363636363636,0.8271812080536912,0.24759777829206203,0.4623552808127276,0.7558945114228306,0.6182122719909112,0.24759777829206203,0.5440893732511414,23,0.28,0.77,0.8466666666666667,0.96,0.27666666666666667,0.8533333333333334,2026-09-30,v2,SPY Top 150,False
GOOGL,Alphabet Inc,Comm Services,340.92,-0.53,16.9784,6.7585,9.2992,26.7468,0.05889836498138811,0.14796182584893097,0.10753613214039917,0.0373876501114152,50.839999999999996,60.9,0.6467,0.39384030000000003,33.11,29.71,1.1144395826321103,-0.10835166208463853,0.1533,2.724,20.05,115.31,408.61,235.84,0.6082074434218904,False,38.0222,433.279374,27.1,0.7964285714285714,0.782608695652174,0.013819875776397428,0.9,20,43,7,0,0,70,-0.5336987384061047,0.0,2026-07-22,70.0,True,0.4623552808127276,1.0,0.3181818181818182,0.77,0.8636363636363636,0.8241610738255034,0.24759777829206203,0.4623552808127276,0.7558945114228306,0.6176082451452736,0.24759777829206203,0.5436061517746312,24,0.28,0.77,0.8466666666666667,0.9533333333333334,0.27666666666666667,0.8466666666666667,2026-09-30,v2,SPY Top 150,False
MSFT,Microsoft Corp,Technology,508.96,-0.05,27.9164,6.2636,11.2518,19.7308,0.03582123769540485,0.15965259595121015,0.08887466894185819,0.0506821821720356,33.22,67.94,0.4819,0.32740286,46.73,44.07,1.0603585205355117,-0.0586070778584392,0.2416,1.2303,17.79,31.56,553.72,349.2,0.7811460981811068,False,-0.8185,585.3670860000001,15.0,0.8152173913043478,0.8161764705882353,-0.0009590792838874984,0.927536231884058,23,41,5,0,0,69,4.113875052263524,0.0,2026-07-29,63.0,True,0.3996060954571593,1.0,0.7941176470588235,0.32,0.6176470588235294,0.4721476510067114,0.5941217310807684,0.3996060954571593,0.6645432677199098,0.5993713192752222,0.32,0.5434970554201779,25,0.7666666666666667,0.32,0.6066666666666667,0.4066666666666667,0.9066666666666666,0.84,2026-09-30,v2,SPY Top 150,False
CMI,Cummins Inc,Industrials,521.37,0.68,26.4367,7.6606,2.068,17.846,0.03782620372436802,0.13053807795734015,0.48355899419729204,0.05603496581867085,21.89,25.66,1.0082,0.25870412,11.22,10.75,1.0437209302325583,-0.0427921455208786,0.599,1.7272,2.93,-7.98,737.76,400.72,0.3579693804889627,False,32.1228,767.649348,47.2,0.7142857142857143,0.7053571428571429,0.008928571428571397,0.6785714285714286,5,14,9,0,0,28,-0.8749581576565397,0.050000000000000044,2026-08-04,57.0,True,0.5593981215257812,1.0,0.72,0.7266666666666667,0.8,0.7348993288590604,0.09430108771117798,0.5593981215257812,0.5710254025845404,0.6537916955951554,0.09430108771117798,0.5418935740183599,26,0.7066666666666667,0.7266666666666667,0.78,0.8666666666666667,0.05333333333333334,0.8333333333333334,2026-09-30,v2,SPY Top 150,False
TJX,TJX Companies Inc,Cons Discretionary,133.8,2.73,23.9594,16.3356,2.3309,15.4027,0.04173727221883687,0.0612159945150469,0.42901883392680934,0.06492368221156031,59.77,32.0,1.7296,0.5534720000000001,12.69,10.47,1.2120343839541545,-0.19230025684385063,0.2696,1.1474,7.66,23.31,170.0,122.78,0.2333756882676834,False,-6.2402,172.67529000000002,29.1,0.7592592592592593,0.8076923076923077,-0.04843304843304841,0.7777777777777778,8,13,5,1,0,27,0.41155072386631114,0.30000000000000004,2026-08-19,42.0,False,0.5431502779375119,1.0,0.7,0.22,1.0,0.3651006711409396,0.3319995371441796,0.5431502779375119,0.721519741165043,0.6198200647998148,0.22,0.5398560518398519,27,0.6866666666666666,0.22,0.9733333333333334,0.28,0.4,0.8266666666666667,2026-09-30,v2,SPY Top 150,False
JPM,JPMorgan Chase & Co,Financials,334.98,-0.48,13.6809,2.3228,2.89596,,0.0730946063489975,0.4305148958153952,0.3453086368596251,,17.810000000000002,,,,41.22809,38.1933,1.0794587008716188,-0.07645971259532333,3.3045,,108.9793,19.48,366.5,279.1,0.6393592677345539,False,11.953199999999999,381.727146,14.0,0.675,0.6666666666666666,0.008333333333333415,0.6,3,15,12,0,0,30,1.463788500270821,0.0,2026-07-14,78.0,True,0.7472072072072071,1.0,0.5909090909090909,0.4533333333333333,0.7272727272727273,0.5016778523489933,0.3831659338116177,0.7472072072072071,0.45505172413793105,0.5690528847839655,0.3831659338116177,0.531875494589496,28,0.58,0.4533333333333333,0.7166666666666667,0.46,0.5266666666666666,0.82,2026-09-30,v2,SPY Top 150,False
ADBE,Adobe Inc,Technology,233.17,0.94,12.3434,9.8503,3.462,9.7572,0.08101495536075959,0.10151975066749236,0.28885037550548814,0.10248841880867463,62.88,89.25,0.8721,0.77834925,35.7,34.73,1.027929743737403,-0.027546822029611003,0.5409,0.7704,12.03,11.68,363.7,190.12,0.24801244382993426,False,-14.796,284.323368,21.9,0.6086956521739131,0.6222222222222222,-0.01352657004830915,0.391304347826087,7,11,23,5,0,46,-3.0129188221236705,0.6666666666666667,2026-09-10,20.0,False,0.6882288671650374,1.0,0.9411764705882353,0.14,0.9705882352941176,0.22416107382550338,0.2853320990511456,0.6882288671650374,0.7847098248721538,0.6281026178580665,0.14,0.5304820942864533,29,0.9133333333333333,0.14,0.94,0.11333333333333333,0.31333333333333335,0.8133333333333334,2026-09-30,v2,SPY Top 150,False
BK,BK,Financials,150.17,-2.42,15.7933,1.8182,2.12845,,0.06331798927393262,0.5499945000549994,0.46982545984166885,,13.48,,,,26.54159,28.68099,0.9254070379021087,-0.07752159728409598,1.1894,,284.5591,31.5,165.84,103.1103,0.7501980720456177,False,44.080299999999994,143.663022,-4.3,,,,,0,0,0,0,0,0,,0.0,,,False,0.7639639639639639,1.0,0.6363636363636364,0.8133333333333334,0.6818181818181818,0.3560402684563758,0.3796551724137931,0.7639639639639639,0.4538390804597701,0.5731260265230411,0.3560402684563758,0.5297088749097081,30,0.63,0.8133333333333334,0.68,0.26666666666666666,0.5066666666666667,0.8066666666666666,2026-09-30,v2,SPY Top 150,False
COST,Costco Wholesale Corp,Cons Staples,924.59,0.18,44.2089,11.6916,1.3454,27.4271,0.022619879707479716,0.08553149269561053,0.7432733759476736,0.036460289275935115,28.02,12.82,3.5467,0.45468694000000004,3.85,3.61,1.0664819944598338,-0.06436537595490334,0.1721,1.0598,10.14,14.01,1096.5,844.06,0.31900649659325014,False,2.9827,1094.36106,18.4,0.7282608695652174,0.7333333333333333,-0.005072463768115876,0.6521739130434783,13,17,15,1,0,46,-0.4792656895823388,0.9,2026-09-24,6.0,False,0.41827007858922755,1.0,0.375,0.36666666666666664,1.0,0.3469798657718121,0.42796343439018747,0.41827007858922755,0.7019205258596881,0.5640071549795572,0.3469798657718121,0.5206016971380082,31,0.34,0.36666666666666664,0.9733333333333334,0.24,0.6333333333333333,0.8,2026-09-30,v2,SPY Top 150,False
PH,Parker-Hannifin Corp,Industrials,970.37,0.08,33.3175,8.0062,5.6534,25.876,0.03001425677196668,0.12490320001998452,0.17688470654827182,0.038645849435770596,25.11,37.84,0.7006,0.26510704,21.65,19.62,1.103465851172273,-0.09845600031128168,0.5531,1.2623,8.31,5.03,1099.94,715.37,0.6630782432327014,False,30.1591,1186.289172,22.3,0.7647058823529411,0.7647058823529411,0.0,0.7941176470588235,9,18,7,0,0,34,4.28790922676389,0.08333333333333337,2026-08-06,55.0,True,0.36788288288288284,1.0,0.32,0.68,0.76,0.5298657718120805,0.5513503818560519,0.36788288288288284,0.543712500833262,0.5646757116408239,0.32,0.5157405693126591,32,0.29333333333333333,0.68,0.74,0.5133333333333333,0.84,0.7933333333333333,2026-09-30,v2,SPY Top 150,False
COF,Capital One Financial Corp,Financials,196.46,0.0,11.4256,1.0861,1.11745,,0.08752275591653831,0.9207255317189945,0.8948946261577698,,9.28,,,,18.32824,28.31922,0.6472014412826342,-0.4350976862894166,0.3938,,38.19094,521.95,259.64,174.24,0.26018735362997664,False,-3.8996999999999993,264.384,34.6,0.7758620689655172,0.7672413793103449,0.008620689655172376,0.8275862068965517,8,16,5,0,0,29,1.3736360514667123,0.0,2026-07-21,71.0,True,0.8684234234234233,1.0,0.9545454545454546,0.26666666666666666,0.2727272727272727,0.7818791946308725,0.4791205739412173,0.8684234234234233,0.37562068965517237,0.5753651371385692,0.26666666666666666,0.5136254430441887,33,0.9266666666666666,0.26666666666666666,0.24333333333333335,0.9,0.72,0.7866666666666666,2026-09-30,v2,SPY Top 150,False
TXN,Texas Instruments Inc,Technology,281.69,1.21,42.8556,15.0648,13.3328,28.7707,0.02333417336357442,0.0663799054750146,0.0750030001200048,0.03475758323572245,35.77,58.33,0.5563,0.32448978999999994,37.29,42.06,0.8865905848787445,-0.12037197608382441,0.7804,4.8573,16.66,20.26,334.03,152.73,0.71130722559294,False,44.1357,315.719376,12.1,0.6395348837209303,0.625,0.014534883720930258,0.4883720930232558,7,14,19,2,1,43,1.6630994233063483,0.0,2026-07-22,70.0,True,0.21009584052137248,1.0,0.5882352941176471,0.82,0.4411764705882353,0.5442953020134228,0.41277019208516547,0.21009584052137248,0.6111770800598043,0.5321863539213417,0.41277019208516547,0.5083031215541065,34,0.5733333333333334,0.82,0.43333333333333335,0.54,0.5933333333333334,0.78,2026-09-30,v2,SPY Top 150,False
LRCX,Lam Research Corp,Technology,323.86,2.99,56.404,41.2056,17.6388,47.2095,0.0177292390610595,0.02426854602287068,0.0566931990838379,0.02118217731600631,66.97,50.47,1.0607,0.53533529,35.29,31.37,1.1249601530124322,-0.1177476154845919,0.2995,2.6293,26.02,38.62,438.5,126.37,0.632717137090315,False,140.7426,375.581034,16.0,0.774390243902439,0.7682926829268293,0.0060975609756097615,0.8536585365853658,10,25,6,0,0,41,3.2502881658104763,0.0,2026-07-29,63.0,True,0.09148073605520414,1.0,0.11764705882352941,0.96,0.9117647058823529,0.5855704697986577,0.5771164082388336,0.09148073605520414,0.7775435486482111,0.6026227316661449,0.11764705882352941,0.5056275970976218,35,0.08,0.96,0.9,0.64,0.88,0.7733333333333333,2026-09-30,v2,SPY Top 150,False
HCA,HCA Healthcare Inc,Healthcare,431.63,-0.22,13.5899,256.9178,1.1915,8.996,0.0735840587495125,0.0038922955124168117,0.839278220730172,0.11116051578479323,695.73,85.26,1.2728,1.08518928,15.48,15.39,1.0058479532163742,-0.005830920310793144,125.7976,0.993,7.31,25.46,556.52,353.99,0.3833506147237446,False,-1.1531999999999996,462.27726,7.1,0.6833333333333333,0.7,-0.016666666666666607,0.5666666666666667,6,11,12,1,0,30,0.14601096312744102,0.0,2026-07-24,68.0,True,0.6879576384895534,1.0,0.8095238095238095,0.30666666666666664,1.0,0.13288590604026845,0.2354732700763712,0.6879576384895534,0.7779645458960661,0.5949457907671284,0.13288590604026845,0.5025338138217564,36,0.7933333333333333,0.30666666666666664,0.9733333333333334,0.03333333333333333,0.24666666666666667,0.7666666666666667,2026-09-30,v2,SPY Top 150,False
CRH,CRH PLC,Industrials,84.53,0.93,14.5607,2.9747,1.4466,8.8015,0.06867801685358534,0.3361683531112381,0.6912760956726116,0.11361699710276657,16.259999999999998,36.25,0.6616,0.23983,15.09,12.76,1.182601880877743,-0.16771699486311373,0.7691,1.5788,6.29,17.98,131.55,82.17,0.04779262859457268,False,-15.1435,140.354142,66.0,0.8125,0.8055555555555556,0.00694444444444442,0.9285714285714286,9,17,2,0,0,28,1.17485306331291,0.0,2026-07-30,62.0,True,0.8506593827870423,1.0,0.96,0.13333333333333333,0.4,0.8355704697986577,0.340735940754455,0.8506593827870423,0.44676123951280367,0.5915578184062331,0.13333333333333333,0.49991292139165316,37,0.9333333333333333,0.13333333333333333,0.38666666666666666,0.9666666666666667,0.42,0.76,2026-09-30,v2,SPY Top 150,False
REGN,Regeneron Pharmaceuticals Inc,Healthcare,750.51,-0.23,17.7295,2.0614,4.9403,17.6125,0.05640316985814602,0.4851072086931212,0.20241685727587394,0.05677785663591199,13.81,85.97,0.3805,0.32711585,24.74,35.7,0.6929971988795517,-0.36672932182125173,0.0854,3.3353,9.29,1.88,859.34,541.0,0.6581328139724821,False,39.2618,856.401894,14.1,0.7236842105263158,0.7368421052631579,-0.013157894736842035,0.6842105263157895,8,18,12,0,0,38,2.530298006330677,0.0,2026-07-30,62.0,True,0.6757926011117501,1.0,0.7142857142857143,0.7866666666666666,0.6190476190476191,0.24429530201342284,0.4288498032862763,0.6757926011117501,0.533138745250407,0.556138911848007,0.24429530201342284,0.49377018988109017,38,0.7,0.7866666666666666,0.6133333333333333,0.14,0.64,0.7533333333333333,2026-09-30,v2,SPY Top 150,False
KLAC,KLA Corp,Technology,196.53,3.89,53.0105,62.0673,18.858,42.9119,0.018864187283651353,0.016111543437526684,0.05302789267154523,0.023303559152589373,85.38,61.57,0.8004,0.49280628000000004,41.77,38.55,1.0835278858625164,-0.08022227849974561,0.9272,2.8762,11.71,20.63,307.3743,98.1,0.4703396451451516,False,69.9213,233.856624,19.0,0.7428571428571429,0.7357142857142858,0.0071428571428571175,0.6857142857142857,10,14,11,0,0,35,1.4749887460556024,0.0,2026-07-28,64.0,True,0.09373202990224268,1.0,0.17647058823529413,0.9,0.8823529411764706,0.5761744966442953,0.39341819023374225,0.09373202990224268,0.7571640002285518,0.5730711572756851,0.17647058823529413,0.49375104346760695,39,0.13333333333333333,0.9,0.8733333333333333,0.6133333333333333,0.5533333333333333,0.7466666666666667,2026-09-30,v2,SPY Top 150,False
ACN,Accenture PLC,Technology,177.12,1.52,13.5346,3.7846,1.4423,7.663,0.07388471029805092,0.2642287163768958,0.6933370311308328,0.13049719431032233,24.89,32.01,1.0994,0.35191794,14.49,14.67,0.9877300613496933,-0.012345835822299266,0.1612,1.3392,6.74,-0.37,291.09,118.15,0.34098531282525735,False,-17.08,198.24924,11.9,0.6953125,0.6953125,0.0,0.59375,6,13,13,0,0,32,0.7184978836946156,0.0,2026-06-18,104.0,True,0.857750622963389,1.0,1.0,0.08666666666666667,0.7647058823529411,0.3654362416107383,0.22870168942374453,0.857750622963389,0.7123452561209039,0.5954709331082584,0.08666666666666667,0.49371007981994003,40,0.9733333333333334,0.08666666666666667,0.7533333333333333,0.2866666666666667,0.22,0.74,2026-09-30,v2,SPY Top 150,False
PNC,PNC Financial Services Group Inc,Financials,221.65,-0.9,11.6943,1.5348,2.34179,,0.08551174503818099,0.6515506906437321,0.4270237724134103,,12.34,,,,34.5423,,,,0.7078,,72.26733,22.76,258.96,176.88,0.5454434697855752,False,16.6692,280.016826,26.3,0.75,0.7592592592592593,-0.0092592592592593,0.7037037037037037,8,11,8,0,0,27,1.8742588172348609,0.0,2026-07-15,77.0,True,0.8047297297297297,1.0,0.6818181818181818,0.5333333333333333,0.5,0.38791946308724834,0.4419625086785467,0.8047297297297297,0.42533333333333334,0.5176661477071105,0.38791946308724834,0.4917168107831381,41,0.68,0.5333333333333333,0.4866666666666667,0.32666666666666666,0.6733333333333333,0.7333333333333333,2026-09-30,v2,SPY Top 150,False
CB,Chubb Limited,Financials,332.08,0.21,11.3846,1.7534,2.0604,8.4901,0.0878379565377791,0.5703205201323144,0.48534265191225007,0.11778424282399501,15.18,,0.2249,,23.26,19.24,1.2089397089397091,-0.1897437018529581,0.2425,0.162,8.02,24.7,365.91,265.3,0.663751118179107,False,20.1908,361.746978,8.9,0.6642857142857143,0.6714285714285714,-0.0071428571428571175,0.5142857142857142,8,10,15,1,1,35,0.8488979884416739,0.0,2026-07-21,71.0,True,0.8937895342150661,1.0,1.0,0.5733333333333334,0.5909090909090909,0.1808724832214765,0.32193936588752603,0.8937895342150661,0.43750040472721385,0.5690714621334848,0.1808724832214765,0.49143166635108315,42,0.9733333333333334,0.5733333333333334,0.5733333333333334,0.06666666666666667,0.3933333333333333,0.7266666666666667,2026-09-30,v2,SPY Top 150,False
PWR,Quanta Services Inc,Technology,651.79,1.15,74.4422,11.2108,3.0018,39.8199,0.013433240823081533,0.08919970028900702,0.33313345326137656,0.025113071604901067,14.74,15.46,1.2941,0.20006786000000001,6.19,5.39,1.1484230055658629,-0.13838970177559906,0.6334,1.0983,26.3,35.37,788.75,399.18,0.6484328875426751,False,52.789500000000004,803.6281140000001,23.3,0.7708333333333334,0.75,0.02083333333333337,0.7777777777777778,11,17,8,0,0,36,4.549570905131631,0.0,2026-07-30,62.0,True,0.2910504121142419,1.0,0.7058823529411765,0.86,0.17647058823529413,0.7879194630872484,0.6152233279333488,0.2910504121142419,0.3966932739098553,0.5652791565133344,0.17647058823529413,0.48751744285772636,43,0.6933333333333334,0.86,0.13333333333333333,0.92,0.9266666666666666,0.72,2026-09-30,v2,SPY Top 150,False
USB,US Bancorp,Financials,58.14,-1.09,11.2352,1.3955,2.0972,,0.08900598120193677,0.7165890361877464,0.4768262445164982,,12.479999999999999,,,,25.22268,35.30532,0.7144158444109839,-0.33629007103899267,1.4238,,84.11849,18.72,66.075,45.02,0.6231298978864876,False,23.4385,70.914276,22.0,0.6944444444444444,0.6574074074074074,0.03703703703703698,0.5925925925925926,6,10,10,1,0,27,2.558705280264017,0.0,2026-07-16,76.0,True,0.8211711711711712,1.0,0.8181818181818182,0.6133333333333333,0.22727272727272727,0.7100671140939597,0.48245776440638743,0.8211711711711712,0.35279310344827586,0.5484426935403561,0.22727272727272727,0.4842087002868304,44,0.8033333333333333,0.6133333333333333,0.19333333333333333,0.84,0.7333333333333333,0.7133333333333334,2026-09-30,v2,SPY Top 150,False
NOC,Northrop Grumman Corp,Industrials,504.61,-0.24,16.0579,4.0449,1.6832,13.8975,0.062274643633351806,0.24722490049197754,0.594106463878327,0.07195538765965101,26.58,20.06,0.8517,0.17085102,10.72,10.68,1.00374531835206,-0.003738322110607158,0.8494,1.1682,5.9,15.95,774.0,479.02,0.0867516441792665,False,-8.6417,663.671058,31.5,0.6964285714285714,0.7053571428571429,-0.008928571428571508,0.6071428571428571,5,12,11,0,0,28,1.6843868957220978,0.0,2026-07-21,71.0,True,0.7745198389879241,1.0,0.84,0.18666666666666668,0.64,0.3845637583892617,0.4037121036797038,0.7745198389879241,0.5106871172947081,0.5581362338964745,0.18666666666666668,0.48384232045051295,45,0.8266666666666667,0.18666666666666668,0.64,0.31333333333333335,0.56,0.7066666666666667,2026-09-30,v2,SPY Top 150,False
FCX,Freeport-McMoRan Inc,Materials,70.79,-1.63,34.362,4.4959,3.912,11.7422,0.029101914906000812,0.22242487599813165,0.2556237218813906,0.08516291665956975,15.260000000000002,27.06,0.443,0.1198758,26.76,29.35,0.9117546848381601,-0.09238431101407775,0.4668,2.0661,-24.23,53.11,80.24,35.29,0.7897664071190214,False,106.2775,75.06129,6.0,0.725,0.725,0.0,0.8,5,19,5,0,1,30,2.634569696508523,0.0,2026-07-23,69.0,True,0.5464529423040061,1.0,0.5464529423040061,0.9466666666666667,0.43525044996143186,0.3540268456375839,0.5539967600092571,0.5464529423040061,0.43525044996143186,0.5157599203600031,0.3540268456375839,0.48341330541551925,46,0.5466666666666666,0.9466666666666667,0.42,0.25333333333333335,0.8533333333333334,0.7,2026-09-30,v2,SPY Top 150,False
SYK,Stryker Corp,Healthcare,278.77,1.26,28.6245,5.0316,4.1313,18.9509,0.0349351080368216,0.19874393830988155,0.24205455909762058,0.05276794241962123,16.36,65.31,0.5465,0.35691915,21.32,17.04,1.251173708920188,-0.22408207789647427,0.6229,2.1571,8.48,27.71,392.55,267.0,0.09374751095181187,False,-10.419,385.783584,38.4,0.7867647058823529,0.7857142857142857,0.0010504201680672232,0.7941176470588235,12,15,7,0,0,34,1.1215459503060061,0.0,2026-07-30,62.0,True,0.5109775733179989,1.0,0.5714285714285714,0.16,0.6666666666666666,0.7312080536912752,0.3651515852811849,0.5109775733179989,0.5407866897123104,0.5598714913875756,0.16,0.4798971931100605,47,0.5666666666666667,0.16,0.6566666666666666,0.86,0.48,0.6933333333333334,2026-09-30,v2,SPY Top 150,False
BKNG,Booking Holdings Inc,Comm Services,162.34,-0.93,16.9412,91.9014,4.3245,12.6936,0.059027695794866955,0.01088122705421245,0.23124060585038736,0.07877985756601752,139.63,98.09,0.9787,0.96000683,32.87,28.47,1.1545486476993325,-0.14370948638618175,11.2905,1.0943,12.85,57.21,225.0,150.14,0.16297087897408516,False,-8.467600000000001,242.76397799999998,49.5,0.776595744680851,0.7771739130434783,-0.0005781683626272516,0.8297872340425532,13,26,8,0,0,47,0.42937627612718865,0.050000000000000044,2026-08-04,57.0,True,0.5312526356143378,1.0,0.5454545454545454,0.2,0.7272727272727273,0.6248322147651006,0.320077528349919,0.5312526356143378,0.6737598396327935,0.5475235267509625,0.2,0.47801882140077,48,0.5366666666666666,0.2,0.7166666666666667,0.74,0.38,0.6866666666666666,2026-09-30,v2,SPY Top 150,False
HD,Home Depot Inc,Cons Discretionary,288.04,-0.64,20.3682,20.4032,1.7129,13.9666,0.04909614006146836,0.04901191969887077,0.5838052425710782,0.07159938710924635,102.67999999999999,33.21,1.5787,0.52428627,12.43,14.18,0.8765867418899859,-0.13171961558136172,3.1832,1.0781,2.5,-2.94,411.41,289.1,-0.00866650314773937,True,-17.7375,,,0.6902173913043478,0.6902173913043478,0.0,0.6086956521739131,9,19,17,0,1,46,0.46311599854457963,0.2833333333333333,2026-08-18,43.0,False,0.6164797776499904,1.0,0.9,0.08,0.7,0.43154362416107384,0.2685130756769266,0.6164797776499904,0.6472495976535345,0.5695856861837538,0.08,0.4716685489470031,49,0.8733333333333333,0.08,0.6866666666666666,0.35333333333333333,0.30666666666666664,0.68,2026-09-30,v2,SPY Top 150,False
WMT,Walmart Inc,Cons Staples,106.8,-1.78,37.8202,9.0081,1.1346,18.5893,0.02644089666368766,0.11101120103018394,0.8813678829543451,0.05379438709365064,22.74,25.23,2.5443,0.64192689,4.39,3.99,1.1002506265664158,-0.09553799618530769,0.5827,0.7671,6.16,4.13,135.16,98.88,0.21830209481808163,False,1.7187000000000001,130.01481,21.7,0.78125,0.796875,-0.015625,0.875,12,30,6,0,0,48,1.8727998000694324,0.31666666666666665,2026-08-20,41.0,False,0.5151658041019743,1.0,0.5,0.36,0.625,0.3667785234899329,0.47153783846331865,0.5151658041019743,0.6354673980325496,0.4925863804674844,0.36,0.4660691043739875,50,0.49333333333333335,0.36,0.62,0.29333333333333333,0.7066666666666667,0.6733333333333333,2026-09-30,v2,SPY Top 150,False
CMCSA,Comcast Corp,Comm Services,21.6,-0.87,6.8096,0.977,0.6105,4.6652,0.1468515037593985,1.0235414534288638,1.6380016380016378,0.2143530823973249,12.04,69.39,0.4699,0.32606360999999995,14.66,16.83,0.87106357694593,-0.13804031174420914,1.0069,0.7958,0.58,-49.0,32.86,21.28,0.02763385146804839,False,-8.5627,32.057376,48.4,0.6125,0.6125,0.0,0.4,5,11,21,3,0,40,1.574690361946826,0.0,2026-07-23,69.0,True,0.9966666666666668,1.0,1.0,0.19333333333333333,0.36363636363636365,0.5231543624161074,0.3083128905345985,0.9966666666666668,0.4005963345998914,0.5293020484876536,0.19333333333333333,0.4621083054567896,51,0.9733333333333334,0.19333333333333333,0.3433333333333333,0.5066666666666667,0.35333333333333333,0.6666666666666666,2026-09-30,v2,SPY Top 150,False
AMGN,Amgen Inc,Healthcare,423.64,1.32,25.8267,16.7214,5.9274,17.8141,0.03871961961845687,0.05980360496130707,0.1687080338765732,0.05613530854772343,89.32,74.3,0.4131,0.3069333,30.32,28.53,1.0627409744128986,-0.06085139554876219,4.9028,1.3709,9.1,31.72,447.03,269.77,0.868046936703148,False,55.9057,397.26756,-6.2,0.627906976744186,0.6337209302325582,-0.005813953488372103,0.46511627906976744,6,14,20,2,1,43,3.6317970306339107,0.050000000000000044,2026-08-04,57.0,True,0.4218976423231742,1.0,0.42857142857142855,0.8666666666666667,0.7619047619047619,0.14966442953020137,0.5836554038417033,0.4218976423231742,0.6089119551657477,0.5398621488632481,0.14966442953020137,0.4618226049966388,52,0.42,0.8666666666666667,0.7466666666666667,0.04666666666666667,0.8866666666666667,0.66,2026-09-30,v2,SPY Top 150,False
SLB,SLB NV,Energy,49.87,-3.15,23.7937,2.6657,2.0289,12.1032,0.04202793176344999,0.37513598679521326,0.49287791414066734,0.08262277744728667,11.93,17.07,0.6611,0.11284977,11.44,14.66,0.7803547066848567,-0.2480067105068536,0.4908,1.4392,2.5,-29.35,60.46,31.64,0.6325468424705065,False,59.286699999999996,63.267234,26.9,0.7720588235294118,0.75,0.022058823529411797,0.8529411764705882,10,19,3,2,0,34,2.4499571496668424,0.0,2026-07-24,68.0,True,0.714899367452559,1.0,0.3333333333333333,0.8733333333333333,0.3333333333333333,0.8238255033557047,0.3829206202267994,0.714899367452559,0.31446580769267396,0.49286986037182756,0.3333333333333333,0.46096255496412875,53,0.31,0.8733333333333333,0.31,0.9466666666666667,0.52,0.6533333333333333,2026-09-30,v2,SPY Top 150,False
LLY,Eli Lilly and Co,Healthcare,1184.63,-0.01,41.6337,33.3408,13.9594,32.4094,0.024019003835834916,0.02999328150494289,0.07163631674713812,0.030855245700321512,92.58,83.4,0.6553,0.5465202,42.22,26.78,1.5765496639283045,-0.455238702157148,1.6207,1.3546,49.58,94.62,1292.65,716.08,0.812650675546768,False,61.0968,1326.3134459999999,12.0,0.7631578947368421,0.7631578947368421,0.0,0.7894736842105263,11,19,7,1,0,38,3.587324693569875,0.06666666666666665,2026-08-05,56.0,True,0.1571937895342151,0.9514448128848888,0.09523809523809523,0.88,0.8571428571428571,0.4406040268456376,0.6294376301781995,0.14956121567004788,0.627962598443943,0.5514888308482384,0.09523809523809523,0.4602386837262098,54,0.06666666666666667,0.88,0.8333333333333334,0.36,0.94,0.6466666666666666,2026-09-30,v2,SPY Top 150,False
DUK,Duke Energy Corp,Utilities,114.21,0.71,16.8742,1.8024,2.6628,11.3035,0.059262068720294894,0.5548158011540169,0.3755445395823945,0.08846817357455655,9.879999999999999,45.96976,0.169,0.0776888944,27.75,24.09,1.1519302615193026,-0.14143902356566346,1.6664,0.6612,6.33,7.71,134.49,112.52,0.07692307692307677,False,-2.391,138.83393400000003,21.6,0.6666666666666666,0.6517857142857143,0.014880952380952328,0.5555555555555556,4,11,11,1,0,27,1.6620938571337012,0.050000000000000044,2026-08-04,57.0,True,0.8029605137051945,1.0,1.0,0.2866666666666667,0.2,0.6342281879194631,0.39269034945614445,0.8029605137051945,0.18852592158767345,0.524415856668981,0.2,0.4595326853351849,55,0.9733333333333334,0.2866666666666667,0.17333333333333334,0.76,0.5466666666666666,0.64,2026-09-30,v2,SPY Top 150,False
UNH,UnitedHealth Group Inc,Healthcare,374.94,-0.76,23.739,3.6115,0.7448,14.7196,0.04212477357934201,0.27689325764917627,1.342642320085929,0.06793662871273676,14.399999999999999,,1.4436,,4.74,7.2,0.6583333333333333,-0.41804389031502454,0.7016,0.7385,6.46,-32.66,461.62,255.97,0.5785071723802577,False,12.782499999999999,482.64207,28.7,0.7573529411764706,0.7426470588235294,0.014705882352941124,0.7941176470588235,8,19,7,0,0,34,4.925330526420075,0.0,2026-07-16,76.0,True,0.7213235576001533,1.0,0.8571428571428571,0.47333333333333333,0.14285714285714285,0.7838926174496644,0.49227956491552877,0.7213235576001533,0.35795580378824665,0.5350966487034527,0.14285714285714285,0.4566487475341908,56,0.84,0.47333333333333333,0.10666666666666667,0.9133333333333333,0.76,0.6333333333333333,2026-09-30,v2,SPY Top 150,False
ANET,Arista Networks Inc,Technology,202.86,-1.01,63.9,14.4559,24.519,55.2116,0.01564945226917058,0.06917590741496552,0.04078469758146744,0.018112135855508627,30.78,63.0,0.5088,0.320544,43.14,37.92,1.1376582278481013,-0.12897196357418933,0.0,2.9572,32.57,24.69,214.89,114.52,0.8801434691640931,False,39.0869,242.09516399999998,19.3,0.8,0.8014705882352942,-0.0014705882352941124,0.9428571428571428,9,24,2,0,0,35,7.291434652164328,0.050000000000000044,2026-08-04,57.0,True,0.1203344834195898,1.0,0.2647058823529412,0.78,0.5588235294117647,0.48523489932885905,0.6275063642675307,0.1203344834195898,0.6574835061756611,0.5029964639176662,0.2647058823529412,0.45533834760472125,57,0.23333333333333334,0.78,0.5466666666666666,0.43666666666666665,0.9333333333333333,0.6266666666666667,2026-09-30,v2,SPY Top 150,False
SHW,Sherwin-Williams Co,Materials,330.44,-0.71,29.7971,22.0307,3.2814,23.7604,0.03356031291635763,0.04539120409247096,0.3047479734259767,0.042086833554990655,62.12,48.98,0.9261,0.45360377999999996,14.29,13.15,1.0866920152091253,-0.08313823331800231,3.1318,0.727,5.76,7.65,377.77,289.86,0.461608463201001,False,-0.8906000000000003,400.062564,21.1,0.6796875,0.675,0.004687499999999956,0.5625,5,13,14,0,0,32,3.1691329705456672,0.0,2026-07-28,64.0,True,0.3864155645006708,1.0,0.3864155645006708,0.31333333333333335,0.6149195973678446,0.510738255033557,0.48704929414487386,0.3864155645006708,0.6149195973678446,0.4876181487972969,0.31333333333333335,0.4527611857045042,58,0.36666666666666664,0.31333333333333335,0.6,0.4866666666666667,0.7466666666666667,0.62,2026-09-30,v2,SPY Top 150,False
QCOM,Qualcomm Inc,Technology,184.1,-1.8,21.1765,7.1918,4.4492,17.661,0.04722215663589356,0.13904724825495704,0.22475950732715994,0.05662193533774984,37.330000000000005,54.23,0.8098,0.43915454,23.0,27.9,0.8243727598566308,-0.19313247289817023,0.5521,2.0156,1.88,-16.65,259.92,121.99,0.4503008772565794,False,0.8320000000000007,198.28341,7.7,0.6122448979591837,0.609375,0.002869897959183687,0.40816326530612246,5,15,26,3,0,49,-0.4818001792575668,0.0,2026-07-29,63.0,True,0.5506354226566992,1.0,0.9117647058823529,0.3466666666666667,0.6470588235294118,0.35503355704697986,0.0925387641749595,0.5506354226566992,0.6686912550352827,0.5416130162317183,0.0925387641749595,0.4517981658203666,59,0.9,0.3466666666666667,0.6466666666666666,0.26,0.04,0.6133333333333333,2026-09-30,v2,SPY Top 150,False
CRM,Salesforce Inc,Technology,225.31,-0.86,19.058,3.9271,4.1909,22.9091,0.0524714030853185,0.2546408291105396,0.23861223126297454,0.04365077632905701,20.150000000000002,77.28,0.4148,0.32055744,18.78,10.6,1.7716981132075473,-0.5719384726620955,1.0237,0.8385,11.23,59.27,269.11,146.32,0.643293427803567,False,5.115000000000001,285.919464,26.9,0.7330508474576272,0.7327586206896551,0.00029222676797202585,0.7457627118644068,14,30,13,1,1,59,8.494069412172767,0.41666666666666663,2026-08-26,35.0,False,0.586053287329883,0.8466453674121405,0.8235294117647058,0.4,0.14705882352941177,0.5795302013422818,0.7905172413793103,0.49617930077450156,0.39150515670085423,0.5244836264753528,0.14705882352941177,0.44899866588616466,60,0.8133333333333334,0.4,0.11333333333333333,0.62,1.0,0.6066666666666667,2026-09-30,v2,SPY Top 150,False
PGR,Progressive Corp,Financials,210.52,0.5,10.4666,3.6993,1.3449,8.4827,0.09554200982171861,0.27032141215905714,0.743549706297866,0.11788699352800407,35.4,,0.7404,,16.56,10.22,1.6203522504892365,-0.4826435641815551,0.2443,0.08,10.49,12.3,248.17,189.2,0.36153976598270343,False,-10.020199999999999,232.79001000000002,10.6,0.6129032258064516,0.6129032258064516,0.0,0.3870967741935484,3,9,18,1,0,31,-0.04697002824184976,0.0,2026-07-15,77.0,True,0.8816494153728197,0.9257246376811596,0.7272727272727273,0.16666666666666666,0.7727272727272727,0.30973154362416105,0.1820504512844249,0.8161645856078098,0.4647616966164805,0.5195569067205262,0.16666666666666666,0.44897885870975435,61,0.7166666666666667,0.16666666666666666,0.76,0.20666666666666667,0.12666666666666668,0.6,2026-09-30,v2,SPY Top 150,False
INTU,Intuit Inc,Technology,268.03,-0.51,15.5993,4.5523,3.3209,11.6487,0.06410544062874617,0.2196691782176043,0.30112318949682315,0.08584648930781975,23.419999999999998,80.17,0.5975,0.47901575,27.43,23.58,1.1632739609838847,-0.15123840984028702,0.4038,1.5065,13.9,20.37,703.96,252.84,0.033671750310338644,False,-36.397499999999994,419.2608,56.4,0.6845238095238095,0.7439024390243902,-0.059378629500580704,0.5714285714285714,9,15,16,2,0,42,1.5152025718826476,0.4,2026-08-25,36.0,False,0.7231186505654591,1.0,0.9705882352941176,0.03333333333333333,0.5294117647058824,0.3442953020134228,0.5187502892848878,0.7231186505654591,0.6412272662343228,0.5514755253640452,0.03333333333333333,0.4478470869579028,62,0.94,0.03333333333333333,0.5266666666666666,0.23333333333333334,0.7933333333333333,0.5933333333333334,2026-09-30,v2,SPY Top 150,False
BSX,Boston Scientific Corp,Healthcare,43.88,-0.52,17.1541,2.5446,3.0025,14.8178,0.058295101462624094,0.3929890749037177,0.33305578684429643,0.06748640149009974,14.940000000000001,69.5,0.4773,0.3317235,19.78,14.58,1.356652949245542,-0.30502059961405403,0.5064,1.2402,13.53,46.78,105.65,42.2,0.026477541371158386,False,-46.3974,66.41148600000001,51.3,0.7697368421052632,0.7756410256410257,-0.005904183535762497,0.7894736842105263,11,19,8,0,0,38,1.2145447269007514,0.0,2026-07-29,63.0,True,0.7334636764423998,1.0,0.9523809523809523,0.013333333333333334,0.47619047619047616,0.5543624161073826,0.406160610969683,0.7334636764423998,0.4815296260320544,0.5540822891526432,0.013333333333333334,0.44593249798878126,63,0.92,0.013333333333333334,0.46,0.5533333333333333,0.58,0.5866666666666667,2026-09-30,v2,SPY Top 150,False
MCK,McKesson Corp,Healthcare,864.82,1.0,21.6726,4.0599,0.2422,15.4018,0.046141210560800276,0.24631148550456908,4.1288191577208915,0.06492747600929762,39.43,3.64,4.8493,0.17651452000000004,1.58,1.26,1.253968253968254,-0.22631312607548879,1.2917,0.8931,8.84,49.07,999.0,723.68,0.512639837280256,False,15.8673,1001.9970000000001,15.9,0.78125,0.8152173913043478,-0.03396739130434778,0.7916666666666666,8,11,5,0,0,24,1.2166907739266106,0.06666666666666665,2026-08-05,56.0,True,0.7238930419781483,1.0,0.9047619047619048,0.52,0.2857142857142857,0.28389261744966443,0.43089562601249715,0.7238930419781483,0.3958096163186013,0.48531762929656935,0.28389261744966443,0.4450326269271884,64,0.88,0.52,0.26666666666666666,0.17333333333333334,0.6466666666666666,0.58,2026-09-30,v2,SPY Top 150,False
PM,Philip Morris International Inc,Cons Staples,193.9,0.07,27.7072,1368.8571,7.0816,19.2964,0.03609170179592308,0.000730536445330926,0.1412110257568911,0.05182313799465186,575.44,67.51,0.6224,0.42018224,37.75,36.94,1.0219274499187874,-0.02169050092393995,186.0804,0.9798,8.93,31.96,207.76,142.11,0.788880426504189,False,14.059600000000001,204.72675,5.6,0.7685185185185185,0.7596153846153846,0.008903133903133909,0.7407407407407407,9,11,7,0,0,27,2.0212465868594633,0.0,2026-07-22,70.0,True,0.3061366685834771,1.0,0.125,0.5066666666666667,0.875,0.5456375838926174,0.4727192779449202,0.3061366685834771,0.6958227628108067,0.5244520751369283,0.125,0.4445616601095427,65,0.09333333333333334,0.5066666666666667,0.86,0.5466666666666666,0.7133333333333334,0.5733333333333334,2026-09-30,v2,SPY Top 150,False
GEV,GE Vernova Inc,Industrials,962.49,1.34,26.5487,26.4036,6.1148,34.3765,0.03766662774448466,0.03787362329379327,0.1635376463661935,0.02908963972481201,83.39,20.32,0.6043,0.12279375999999999,15.44,-1.22,,,0.2337,0.8496,12.98,744.44,1195.94,530.16,0.6493586470005106,False,51.2401,1241.200566,29.0,0.7738095238095238,0.7559523809523809,0.017857142857142905,0.8333333333333334,11,24,7,0,0,42,-1.5223560631082702,0.0,2026-07-22,70.0,True,0.30541498945754264,1.0,0.2,0.8533333333333334,0.56,0.837248322147651,0.23020134228187922,0.30541498945754264,0.49527533830433584,0.5053131991051455,0.2,0.4442505592841164,66,0.16666666666666666,0.8533333333333334,0.5533333333333333,0.9733333333333334,0.23333333333333334,0.5666666666666667,2026-09-30,v2,SPY Top 150,False
CAT,Caterpillar Inc,Industrials,826.64,0.82,34.9004,25.2892,5.0644,26.9467,0.028652966728175036,0.0395425715325119,0.19745675697022352,0.03711029550928314,54.2,34.67,0.7655,0.26539885,17.52,16.56,1.0579710144927537,-0.05635293655113178,2.3277,1.3684,18.36,18.21,1073.46,462.38,0.5960921646920206,False,73.2267,973.425984,17.8,0.6764705882352942,0.6911764705882353,-0.014705882352941124,0.5294117647058824,7,11,15,1,0,34,4.974415552729205,0.050000000000000044,2026-08-04,57.0,True,0.2993492428598812,1.0,0.16,0.9066666666666666,0.84,0.21879194630872484,0.5920145799583431,0.2993492428598812,0.5744633079069413,0.5152272429221632,0.16,0.44418179433773053,67,0.12,0.9066666666666666,0.82,0.10666666666666667,0.8933333333333333,0.56,2026-09-30,v2,SPY Top 150,False
ISRG,Intuitive Surgical Inc,Healthcare,412.18,-0.63,46.368,7.7521,13.1897,39.5665,0.021566597653554176,0.12899730395634731,0.07581673578625746,0.025273905955795938,17.810000000000002,66.68,0.5463,0.36427284000000004,31.28,27.89,1.1215489422732163,-0.11471071403771285,0.0,4.9627,20.66,21.76,603.88,328.57,0.3036940176528278,False,-16.0336,490.3854,19.0,0.75625,0.7375,0.018749999999999933,0.725,13,16,10,1,0,40,2.196718857664023,0.0,2026-07-16,76.0,True,0.215486869848572,1.0,0.14285714285714285,0.10666666666666667,0.9047619047619048,0.7090604026845637,0.45657949548715576,0.215486869848572,0.657355612376082,0.5281085286695099,0.10666666666666667,0.4438201562689412,68,0.10666666666666667,0.10666666666666667,0.8866666666666667,0.83,0.6933333333333334,0.5533333333333333,2026-09-30,v2,SPY Top 150,False
CVS,CVS Health Corp,Healthcare,87.1,-0.85,22.7913,1.6561,0.2685,18.4164,0.04387639143006323,0.6038282712396594,3.7243947858472994,0.05429942877000934,6.41,14.15,1.6348,0.23132420000000004,2.11,2.88,0.7326388888888888,-0.3111023466598795,0.7705,0.8656,7.36,5.27,110.68,69.51,0.42725285401991714,False,22.396,115.18656,32.2,0.7727272727272727,0.7727272727272727,0.0,0.8484848484848485,8,20,5,0,0,33,2.4974326388402797,0.06666666666666665,2026-08-05,56.0,True,0.7564941537281963,1.0,1.0,0.6,0.09523809523809523,0.6197986577181208,0.4537699606572553,0.7564941537281963,0.2824038368139874,0.530596654213641,0.09523809523809523,0.44352494241853185,69,0.9733333333333334,0.6,0.06666666666666667,0.7266666666666667,0.68,0.5466666666666666,2026-09-30,v2,SPY Top 150,False
VRT,Vertiv Holdings Co,Technology,248.34,1.76,55.5321,27.032,8.3785,40.5946,0.01800760280990634,0.03699319325244155,0.11935310616458793,0.024633818291102758,42.11,38.04,0.8775,0.333801,18.41,8.12,2.267241379310345,-0.8185638410714001,0.6179,1.3786,26.23,111.16,379.935,137.08,0.4581334541187128,False,81.7237,337.638258,36.0,0.7916666666666666,0.7794117647058824,0.01225490196078427,0.8888888888888888,10,22,4,0,0,36,1.1606471166956316,0.0,2026-07-29,63.0,True,0.15584818861414607,0.6615969581749048,0.20588235294117646,0.9133333333333333,0.4117647058823529,0.853020134228188,0.42703540847026156,0.10310868752418788,0.5441138473845099,0.5009926714495101,0.20588235294117646,0.4419706077478434,70,0.18,0.9133333333333333,0.4066666666666667,0.9866666666666667,0.6266666666666667,0.54,2026-09-30,v2,SPY Top 150,False
C,Citigroup Inc,Financials,130.8,-0.39,12.3144,1.1259,1.09533,,0.08120574287013578,0.8881783462119194,0.9129668684323446,,8.41,,,,23.01502,28.99823,0.7936698205373225,-0.23108774737372909,3.8387,,99.23775,35.24,147.96,93.66,0.6839779005524863,False,27.2032,158.566548,21.2,0.7589285714285714,0.7589285714285714,0.0,0.7857142857142857,7,15,6,0,0,28,3.1371311729611766,0.0,2026-07-14,78.0,True,0.8643693693693694,1.0,0.9090909090909091,0.6666666666666666,0.13636363636363635,0.49597315436241607,0.5520620226799352,0.8643693693693694,0.3122988505747127,0.5168524191229583,0.13636363636363635,0.44075466257109397,71,0.89,0.6666666666666666,0.1,0.4533333333333333,0.8466666666666667,0.5333333333333333,2026-09-30,v2,SPY Top 150,False
VRTX,Vertex Pharmaceuticals Inc,Healthcare,526.73,-0.18,30.2137,6.2265,10.574,25.053,0.03309756832165541,0.16060387055328035,0.09457159069415548,0.039915379395681155,23.31,86.0,0.4822,0.414692,37.95,31.29,1.2128475551294344,-0.19297094616084826,0.0,3.1854,10.23,22.46,560.25,379.72,0.8143244890045976,False,39.8887,581.0559539999999,10.3,0.7638888888888888,0.775,-0.011111111111111183,0.8055555555555556,11,18,6,0,1,36,-0.5918047795177966,0.033333333333333326,2026-08-03,58.0,True,0.3571842054820778,1.0,0.23809523809523808,0.7933333333333333,0.9523809523809523,0.2681208053691275,0.1773918074519787,0.3571842054820778,0.6684362102295993,0.5048043607630508,0.1773918074519787,0.4393218501008364,72,0.20666666666666667,0.7933333333333333,0.92,0.15333333333333332,0.12,0.5266666666666666,2026-09-30,v2,SPY Top 150,False
AVGO,Broadcom Inc,Technology,355.1,1.58,44.3131,18.7187,19.0299,38.6696,0.022566690211246788,0.05342251331556145,0.052548883598967935,0.025860107164284087,43.91,68.82,0.5032,0.34630223999999993,47.97,37.02,1.2957860615883305,-0.259117508368621,0.596,2.5037,48.69,100.1,495.0,289.96,0.3176941084666408,False,10.104299999999999,529.65081,49.2,0.8026315789473685,0.8026315789473685,0.0,0.9122807017543859,17,35,5,0,0,57,0.5467102747121745,0.5333333333333333,2026-09-02,28.0,False,0.1440444700019168,1.0,0.29411764705882354,0.4266666666666667,0.47058823529411764,0.7090604026845637,0.500384170330942,0.1440444700019168,0.6176232322943748,0.47424225510616186,0.29411764705882354,0.43821733349669423,73,0.26,0.4266666666666667,0.4533333333333333,0.83,0.78,0.52,2026-09-30,v2,SPY Top 150,False
STX,Seagate Technology Holdings PLC,Technology,913.45,-0.87,65.2362,84.8655,17.0326,49.6737,0.015328912474975552,0.01178335130294407,0.05871094254547163,0.02013137736870819,212.44,45.58,1.3545,0.6173811,32.33,15.81,2.044908285895003,-0.7153529405159611,1.6451,1.6697,34.06,104.53,1145.0,209.0,0.7526175213675215,False,312.4209,1111.99431,21.7,0.775,0.7666666666666667,0.008333333333333304,0.8666666666666667,7,19,4,0,0,30,3.784277326409649,0.0,2026-07-28,64.0,True,0.07731454859114434,0.7335292298175069,0.08823529411764706,0.98,0.5882352941176471,0.6661073825503356,0.6337097894006017,0.05671248128175032,0.6588833814244494,0.5248073566848633,0.08823529411764706,0.4374929441714201,74,0.04666666666666667,0.98,0.5666666666666667,0.7933333333333333,0.9466666666666667,0.5133333333333333,2026-09-30,v2,SPY Top 150,False
NEM,Newmont Corporation,Materials,117.09,0.9,14.3695,2.8292,4.7943,7.6619,0.06959184383590243,0.35345680757811393,0.2085810232985003,0.13051592946919172,25.05,68.94,0.4538,0.31284972,50.97,14.04,3.6303418803418803,-1.2893268257542854,0.1588,2.5461,25.18,42.23,135.29,76.05,0.6927751519243756,False,44.0697,136.25160000000002,16.4,0.7890625,0.7903225806451613,-0.0012600806451612545,0.84375,10,17,5,0,0,32,0.4196666916223682,0.0,2026-07-23,69.0,True,0.7623672608778993,0.5,0.38118363043894965,0.8066666666666666,0.5243511222847566,0.46040268456375844,0.28930803054848414,0.38118363043894965,0.5243511222847566,0.46874465245685537,0.28930803054848414,0.4328573280751811,75,0.35333333333333333,0.8066666666666666,0.52,0.38666666666666666,0.32,0.5066666666666667,2026-09-30,v2,SPY Top 150,False
ORLY,O'Reilly Automotive Inc,Cons Discretionary,86.07,-0.51,26.2662,182.0263,3.7483,18.3147,0.03807174239136228,0.005493711622990744,0.2667876103833738,0.05460094896449301,423.35,51.64,1.1064,0.57134496,19.56,20.29,0.9640216855593888,-0.03664148923105213,17.5459,0.7519,8.47,-76.61,108.72,82.59,0.1331802525832373,False,-15.884899999999998,109.385616,27.1,0.7638888888888888,0.7638888888888888,0.0,0.8055555555555556,9,20,7,0,0,36,-1.0669177486446446,0.0,2026-07-29,63.0,True,0.40358826912018403,1.0,0.5,0.12666666666666668,0.9,0.5731543624161074,0.04638278176348067,0.40358826912018403,0.7151319696406974,0.5292549564144103,0.04638278176348067,0.4326805214842244,76,0.49333333333333335,0.12666666666666668,0.88,0.6066666666666667,0.03333333333333333,0.5,2026-09-30,v2,SPY Top 150,False
ADI,Analog Devices Inc,Technology,398.22,0.71,46.8733,5.2265,13.9623,35.3133,0.021334107050282356,0.19133263178035015,0.07162143772874097,0.028317942531567428,12.26,65.8,0.2887,0.18996459999999998,35.55,25.34,1.4029202841357535,-0.33855598135625675,0.2719,1.2504,33.65,114.38,445.91,223.47,0.7856051069951447,False,50.5384,477.65814600000004,19.9,0.8076923076923077,0.7894736842105263,0.018218623481781382,0.8974358974358975,13,22,4,0,0,39,1.5955163581443985,0.30000000000000004,2026-08-19,42.0,False,0.2522187080697719,1.0,0.6470588235294118,0.8466666666666667,0.08823529411764706,0.7946308724832215,0.575461698680861,0.2522187080697719,0.3671749088173395,0.5181473900830872,0.08823529411764706,0.43216497088999917,77,0.6466666666666666,0.8466666666666667,0.04666666666666667,0.9266666666666666,0.8733333333333333,0.49333333333333335,2026-09-30,v2,SPY Top 150,False
TT,Trane Technologies PLC,Industrials,455.59,0.78,33.929,12.5913,4.505,23.6246,0.029473311916060004,0.07941991692676689,0.22197558268590456,0.04232875900544348,34.57,35.39,0.9929,0.35138731,17.94,16.35,1.0972477064220183,-0.09280495928738762,0.5354,1.0734,7.04,4.73,505.87,348.06,0.6813890121031618,False,7.1461,532.937148,17.0,0.7121212121212122,0.7121212121212122,0.0,0.5757575757575758,9,10,14,0,0,33,-1.2576880633455574,0.0,2026-07-30,62.0,True,0.37387004025301895,1.0,0.36,0.41333333333333333,0.96,0.41375838926174496,0.0940615598241148,0.37387004025301895,0.6306647096915503,0.5161942451592995,0.0940615598241148,0.43176770809226256,78,0.32666666666666666,0.41333333333333333,0.9333333333333333,0.34,0.04666666666666667,0.4866666666666667,2026-09-30,v2,SPY Top 150,False
CSX,CSX Corp,Industrials,46.93,0.36,26.9192,6.2716,5.9785,15.8272,0.037148206484590926,0.15944894444798774,0.16726603663126202,0.06318236959158917,24.07,71.47,0.33,0.235851,34.15,38.18,0.894447354635935,-0.11154923228080248,1.3396,0.8204,2.52,6.36,53.6,33.58,0.6668331668331668,False,44.9133,53.9733,15.0,0.725,0.7142857142857143,0.010714285714285676,0.7,7,14,8,1,0,30,0.7421500915534914,0.0,2026-07-22,70.0,True,0.4973183822119992,1.0,0.56,0.8266666666666667,0.32,0.5848993288590604,0.2519648229576487,0.4973183822119992,0.4268837575826834,0.47344125588212604,0.2519648229576487,0.4291459692972306,79,0.56,0.8266666666666667,0.29333333333333333,0.63,0.2866666666666667,0.48,2026-09-30,v2,SPY Top 150,False
SO,Southern Co,Utilities,83.45,1.34,20.416,2.7267,3.2877,12.8467,0.04898119122257053,0.3667436828400631,0.3041640052316209,0.07784100196937735,12.61,40.03546,0.1842,0.07374531732,25.26,22.53,1.1211717709720372,-0.11437436247819194,1.9101,0.7867,6.85,6.93,100.84,81.91,0.08135235076598023,False,-6.464300000000001,101.76825600000001,22.0,0.6328125,0.6363636363636364,-0.0035511363636363535,0.4375,5,9,16,2,0,32,2.1146499248146036,0.0,2026-07-30,62.0,True,0.7003747364385663,1.0,0.6,0.21333333333333335,0.6,0.32617449664429526,0.40435084471187227,0.7003747364385663,0.23428490891256942,0.47722085936897324,0.21333333333333335,0.4244433541618453,80,0.5933333333333334,0.21333333333333335,0.5866666666666667,0.22,0.5666666666666667,0.47333333333333333,2026-09-30,v2,SPY Top 150,False
JNJ,Johnson & Johnson,Healthcare,267.57,-1.61,30.6074,7.3236,6.5751,20.7892,0.03267183752948633,0.13654486864383636,0.1520889416130553,0.048101899062975004,25.740000000000002,68.05,0.4934,0.3357587,25.73,23.93,1.075219389887171,-0.07252472437337085,0.5771,1.0889,8.06,-7.75,281.07,177.32,0.8698795180722891,False,49.0326,279.616884,4.5,0.7338709677419355,0.7258064516129032,0.008064516129032251,0.7096774193548387,7,15,9,0,0,31,0.35772413699001365,0.0,2026-07-15,77.0,True,0.3884377995016293,1.0,0.2857142857142857,0.8333333333333334,0.7142857142857143,0.48523489932885905,0.15450590141171025,0.3884377995016293,0.6037009827729052,0.4892704841251474,0.15450590141171025,0.42231756758246003,81,0.25333333333333335,0.8333333333333334,0.7,0.43666666666666665,0.10666666666666667,0.4666666666666667,2026-09-30,v2,SPY Top 150,False
BLK,BlackRock Inc,Financials,1067.94,-0.31,26.4679,2.7178,6.3758,17.6924,0.0377816147106495,0.3679446611229671,0.15684306283133098,0.056521444235943116,11.65,81.73,0.1609,0.13150357,32.57,35.1,0.9279202279202279,-0.07480951118367804,0.2212,2.3899,26.54,-3.67,1219.94,917.39,0.49760370186746006,False,-0.06740000000000013,1320.923358,23.7,0.7608695652173914,0.75,0.010869565217391353,0.8695652173913043,4,16,3,0,0,23,3.9992167555497815,0.0,2026-07-15,77.0,True,0.5385413072647116,1.0,0.22727272727272727,0.32666666666666666,0.5454545454545454,0.7087248322147651,0.4908585975468642,0.5385413072647116,0.4358709682027255,0.46849496819619474,0.22727272727272727,0.42025052001150126,82,0.18666666666666668,0.32666666666666666,0.5366666666666666,0.82,0.7533333333333333,0.46,2026-09-30,v2,SPY Top 150,False
GLW,Corning Inc,Technology,158.71,4.7,71.6811,17.5026,8.0284,52.6739,0.013950678770275568,0.05713436860809251,0.12455781973992328,0.01898473437508899,15.93,36.38,0.5424,0.19732512,15.31,11.09,1.3805229936880072,-0.32246240830731676,0.6707,1.8132,19.41,131.21,271.78,77.39,0.4183342764545502,False,89.1168,199.053,25.4,0.7738095238095238,0.75,0.023809523809523836,0.7619047619047619,7,9,5,0,0,21,1.6470158235621497,0.0,2026-07-28,64.0,True,0.15733850872148744,1.0,0.3235294117647059,0.9266666666666666,0.20588235294117646,0.8208053691275168,0.49571395510298544,0.15733850872148744,0.3999737117770858,0.4738318925811473,0.20588235294117646,0.42024198465315316,83,0.3,0.9266666666666666,0.18666666666666668,0.94,0.7666666666666667,0.4533333333333333,2026-09-30,v2,SPY Top 150,False
ADP,Automatic Data Processing Inc,Industrials,261.8,0.0,23.32,14.8429,4.6894,16.2858,0.04288164665523156,0.0673722790020818,0.2132468972576449,0.061403185597268796,70.19999999999999,46.53,0.3292,0.15317676,26.33,25.27,1.0419469726948951,-0.04109105210811516,0.8231,1.0507,6.74,9.61,294.35,188.16,0.6934739617666447,False,-1.6883,291.40308600000003,11.3,0.5869565217391305,0.5869565217391305,0.0,0.34782608695652173,3,5,13,1,1,23,0.6835394284682381,0.0,2026-07-29,63.0,True,0.48502300172512935,1.0,0.52,0.3,0.68,0.3090604026845637,0.24622078222633648,0.48502300172512935,0.5277883086211659,0.4627451978708632,0.24622078222633648,0.4194403147419579,84,0.5133333333333333,0.3,0.6733333333333333,0.2,0.26666666666666666,0.44666666666666666,2026-09-30,v2,SPY Top 150,False
BX,Blackstone Inc,Financials,114.0,-0.49,40.3109,15.5015,8.8052,20.027,0.024807186145682683,0.06450988614005096,0.11356925453141327,0.0499325910021471,40.87,83.07,0.3348,0.27811835999999995,47.2,46.47,1.0157090596083496,-0.015586949494622828,1.4637,0.6789,17.19,20.32,178.29,101.73,0.16026645768025075,False,-14.634299999999996,150.90073800000002,32.4,0.7196969696969697,0.7196969696969697,0.0,0.6666666666666666,7,15,11,0,0,33,1.3645572754555086,0.0,2026-07-23,69.0,True,0.28631876557408475,1.0,0.13636363636363635,0.14666666666666667,0.9090909090909091,0.5560402684563759,0.38059245545012726,0.28631876557408475,0.5695412012303708,0.48978177049364274,0.13636363636363635,0.4190981436676415,85,0.1,0.14666666666666667,0.8933333333333333,0.56,0.5133333333333333,0.44,2026-09-30,v2,SPY Top 150,False
ETN,Eaton Corporation PLC,Industrials,433.27,0.43,43.7475,8.1694,5.5819,29.1136,0.02285844905423167,0.12240801038019929,0.17915046847847507,0.03434820839744999,19.59,35.9,0.6217,0.2231903,17.53,17.02,1.0299647473560518,-0.02952457578791516,1.0176,1.2404,15.53,-1.15,478.0,311.92,0.7306719653179189,False,10.659000000000002,484.98154200000005,11.9,0.7727272727272727,0.7651515151515151,0.007575757575757569,0.8181818181818182,9,18,6,0,0,33,2.705803827377525,0.0,2026-07-31,61.0,True,0.3132049070346943,1.0,0.24,0.43333333333333335,0.6,0.5721476510067114,0.4407081694052303,0.3132049070346943,0.5051312649391957,0.46386908894546014,0.24,0.41909527115636813,86,0.21333333333333335,0.43333333333333335,0.5866666666666667,0.5933333333333334,0.6666666666666666,0.43333333333333335,2026-09-30,v2,SPY Top 150,False
AAPL,Apple Inc,Technology,329.4,-2.66,37.5908,38.486,10.3821,29.1225,0.0266022537429371,0.025983474510211508,0.09631962705040406,0.034337711391535755,137.17999999999998,48.65,1.2508,0.6085141999999999,33.17,30.67,1.0815128790348876,-0.07836087483280095,0.7844,1.0033,14.24,32.61,345.34,243.42,0.8436028257456829,False,25.6656,329.046798,-0.1,0.6933962264150944,0.7175925925925926,-0.024196366177498208,0.6415094339622641,12,22,15,3,1,53,-0.3649840802328873,0.0,2026-07-30,62.0,True,0.19169637722829214,1.0,0.5,0.66,0.8529411764705882,0.09328859060402685,0.2157093265447813,0.19169637722829214,0.749223233246674,0.497896470043699,0.09328859060402685,0.4169748941557646,87,0.49333333333333335,0.66,0.8266666666666667,0.006666666666666667,0.21333333333333335,0.4266666666666667,2026-09-30,v2,SPY Top 150,False
T,AT&T Inc,Comm Services,24.48,-1.69,7.8924,1.3023,1.3372,6.4491,0.12670417110131266,0.7678722260615833,0.7478312892611427,0.15506039602425145,19.54,59.72,0.3006,0.17951831999999998,20.12,13.9,1.4474820143884892,-0.36982550509489237,1.3034,0.971,2.63,72.22,29.44,19.89,0.48062827225130883,False,-8.2213,29.002476,18.5,0.7,0.7,0.0,0.5714285714285714,9,11,14,1,0,35,3.2129308745768217,0.0,2026-07-22,70.0,True,0.9683572934636764,1.0,0.9090909090909091,0.20666666666666667,0.18181818181818182,0.41744966442953024,0.5938532747049294,0.9683572934636764,0.31807357464598274,0.4750527725764939,0.18181818181818182,0.4164058544248315,88,0.89,0.20666666666666667,0.14333333333333334,0.3466666666666667,0.9,0.42,2026-09-30,v2,SPY Top 150,False
ICE,Intercontinental Exchange Inc,Financials,152.19,-0.47,21.4478,2.3559,6.4506,15.0207,0.046624828653754696,0.42446623371110825,0.15502433882119493,0.06657479345170332,13.850000000000001,78.64,0.0851,0.06692263999999999,40.72,40.75,0.9992638036809816,-0.0007364674446044524,0.6716,1.0123,6.95,35.87,176.05,121.79,0.5602653888684112,False,-3.9880999999999993,190.334958,25.1,0.7875,0.7857142857142857,0.0017857142857142794,0.9,5,13,2,0,0,20,1.2753151666399876,0.0,2026-07-30,62.0,True,0.6235317232125743,1.0,0.45454545454545453,0.26,0.4090909090909091,0.6577181208053691,0.4085489470030086,0.6235317232125743,0.39995927015779603,0.45518960257516144,0.26,0.41615168206012915,89,0.45,0.26,0.4,0.78,0.5866666666666667,0.41333333333333333,2026-09-30,v2,SPY Top 150,False
MCD,McDonald's Corp,Cons Discretionary,233.98,0.16,18.8412,160.4594,5.9755,15.4155,0.05307517567883149,0.0062321060654595495,0.16735001255125093,0.06486977392883786,95.13000000000001,57.38,0.4616,0.26486608,46.22,43.93,1.0521283860687458,-0.05081514685854655,40.6406,1.0814,6.3,5.44,341.75,233.23,0.006911168448212311,False,-12.109399999999999,322.451886,37.8,0.6951219512195121,0.6890243902439024,0.0060975609756097615,0.6097560975609756,8,17,15,1,0,41,0.516204398254754,0.050000000000000044,2026-08-04,57.0,True,0.4649300364193981,1.0,0.6,0.15333333333333332,0.5,0.6499999999999999,0.23202846563295534,0.4649300364193981,0.5564044653315431,0.48013760317827664,0.15333333333333332,0.41477674920928803,90,0.5933333333333334,0.15333333333333332,0.4866666666666667,0.7733333333333333,0.24,0.4066666666666667,2026-09-30,v2,SPY Top 150,False
ABT,Abbott Laboratories,Healthcare,100.95,-0.03,31.8821,3.0924,3.7128,21.5669,0.03136556249431499,0.32337343163885657,0.26933850463262227,0.04636734996684734,10.52,56.78,0.4771,0.27089738,15.83,17.73,0.8928369994359842,-0.1133512461931958,0.638,1.3763,8.06,-61.21,135.45,81.97,0.3548990276738969,False,-15.888399999999999,123.390216,22.2,0.7803030303030303,0.7571428571428571,0.02316017316017316,0.7575757575757576,12,13,8,0,0,33,2.430193871653292,0.0,2026-07-16,76.0,True,0.5098801993482844,1.0,0.5238095238095238,0.12,0.42857142857142855,0.8060402684563759,0.3712890534598473,0.5098801993482844,0.43802862135626475,0.48842522123406185,0.12,0.4147401769872495,91,0.52,0.12,0.41333333333333333,0.9333333333333333,0.49333333333333335,0.4,2026-09-30,v2,SPY Top 150,False
PEP,PepsiCo Inc,Cons Staples,128.69,0.15,16.7519,9.0456,1.8067,12.3352,0.059694721195804656,0.11055098611479613,0.553495322964521,0.08106881120695246,50.2,54.17,0.8874,0.48070458000000005,14.53,13.13,1.1066260472201066,-0.10131578926748669,2.4081,0.9336,5.62,38.92,171.48,126.721,0.04399115261735058,False,-0.06519999999999904,158.34174,23.0,0.6083333333333333,0.625,-0.01666666666666672,0.4,2,10,17,1,0,30,-1.0054170413390933,0.0,2026-07-09,83.0,True,0.7049223691776884,1.0,1.0,0.3333333333333333,0.375,0.2187919463087248,0.19594538301319142,0.7049223691776884,0.6187083630926873,0.468983530047057,0.19594538301319142,0.41437590064028396,92,0.9733333333333334,0.3333333333333333,0.35333333333333333,0.1,0.16,0.3933333333333333,2026-09-30,v2,SPY Top 150,False
GILD,"Gilead Sciences, Inc",Healthcare,151.28,-0.61,,13.2617,6.1391,19.2227,,0.07540511397482978,0.16289032594354222,0.05202182835917951,-16.3,79.6,0.5458,0.4344567999999999,-8.2,26.21,-0.3128576879053796,,2.219,1.2654,5.52,,157.29,108.46,0.8769199262748312,False,31.7694,161.704374,6.9,0.7635135135135135,0.7702702702702703,-0.006756756756756799,0.8108108108108109,9,21,7,0,0,37,4.0254626656897345,0.050000000000000044,2026-08-04,57.0,True,0.4232978723404255,1.0,0.47619047619047616,0.72,0.38095238095238093,0.27550335570469797,0.5747315436241611,0.4232978723404255,0.4360796741231705,0.44664373601789703,0.27550335570469797,0.41241565995525725,93,0.4666666666666667,0.72,0.36666666666666664,0.16,0.8666666666666667,0.38666666666666666,2026-09-30,v2,SPY Top 150,False
VZ,Verizon Communications Inc,Comm Services,45.98,-1.5,12.3722,1.7012,1.4405,7.6332,0.08082636879455554,0.587820362097343,0.6942034015966678,0.13100665513808102,15.52,59.41,0.3428,0.20365747999999997,20.59,21.42,0.96125116713352,-0.03951954397990472,1.59,0.6039,1.38,-10.78,51.68,38.39,0.5711060948081261,False,13.716999999999999,52.393014,13.9,0.6736111111111112,0.6736111111111112,0.0,0.5,7,11,18,0,0,36,-0.1253362013945896,0.0,2026-07-24,68.0,True,0.9263082231167337,1.0,0.8181818181818182,0.49333333333333335,0.45454545454545453,0.36073825503355705,0.11543161305253413,0.9263082231167337,0.4050579712215143,0.4797048172070158,0.11543161305253413,0.4068501763761195,94,0.8033333333333333,0.49333333333333335,0.44333333333333336,0.2733333333333333,0.08,0.38,2026-09-30,v2,SPY Top 150,False
MS,Morgan Stanley,Financials,192.76,-0.45,14.9695,2.8248,2.3425,37.0865,0.06680249841344066,0.35400736335315774,0.42689434364994666,0.026963989591900016,17.83,56.72,0.0853,0.04838216,20.3,20.12,1.0089463220675945,-0.00890654081620325,8.5222,0.354,13.96,38.56,232.25,151.84,0.5088919288645689,False,30.1675,246.783288,28.0,0.696969696969697,0.6875,0.009469696969697017,0.6060606060606061,8,12,12,0,1,33,2.5921168622841213,0.0,2026-07-15,77.0,True,0.6598322790875982,1.0,0.5,0.6866666666666666,0.18181818181818182,0.67248322147651,0.5354686415181671,0.6598322790875982,0.3125127417649916,0.46302906173514824,0.18181818181818182,0.406786885751755,95,0.49333333333333335,0.6866666666666666,0.14333333333333334,0.8,0.8066666666666666,0.37333333333333335,2026-09-30,v2,SPY Top 150,False
WM,Waste Management Inc,Industrials,207.09,0.31,29.1881,9.018,3.2444,14.177,0.034260537684878425,0.11088933244621867,0.30822340032055234,0.07053678493334274,28.92,40.88,0.5592,0.22860096000000005,17.57,17.07,1.0292911540714704,-0.02887036539265659,2.3532,0.9074,7.17,4.83,248.13,194.11,0.24028137726767854,False,0.09920000000000062,264.44316,27.7,0.7564102564102564,0.7564102564102564,0.0,0.717948717948718,12,16,11,0,0,39,-0.40276474515874716,0.0,2026-07-28,64.0,True,0.5169532298255702,1.0,0.64,0.34,0.48,0.5657718120805368,0.13235362184679472,0.5169532298255702,0.48051319886866845,0.47100740569312655,0.13235362184679472,0.40327664892386017,96,0.64,0.34,0.4666666666666667,0.58,0.09333333333333334,0.36666666666666664,2026-09-30,v2,SPY Top 150,False
V,Visa Inc,Financials,365.88,-0.51,30.3395,18.3758,15.4071,24.5935,0.03296033224014898,0.05441939942750791,0.0649051411362294,0.0406611503039421,61.260000000000005,80.18,0.4609,0.36954962,60.68,63.94,0.9490147012824524,-0.05233098915136383,0.6782,0.9852,14.39,14.72,385.5699,293.89,0.7852320955847463,False,12.0676,424.79379,16.1,0.7794117647058824,0.7857142857142857,-0.006302521008403339,0.8823529411764706,12,33,6,0,0,51,0.43606339407454564,0.0,2026-07-28,64.0,True,0.2513273912210083,1.0,0.09090909090909091,0.46,1.0,0.38691275167785233,0.2298125433927332,0.2513273912210083,0.6763667780856878,0.4805817045717532,0.09090909090909091,0.40264718183922077,97,0.056666666666666664,0.46,0.9733333333333334,0.32,0.22666666666666666,0.36,2026-09-30,v2,SPY Top 150,False
HON,Honeywell International Inc,Industrials,210.13,-0.66,7.7745,3.8268,1.7177,7.8727,0.12862563508907326,0.2613149367617853,0.5821738371077604,0.12702122524673873,53.6,36.41,0.5096,0.18554536000000002,28.84,18.49,1.559762033531639,-0.44453326701771495,1.8335,1.2106,-0.11,169.74,496.36,196.98,0.04392410982697577,False,-45.160000000000004,285.316236,35.8,0.7016129032258065,0.6875,0.014112903225806495,0.6451612903225806,5,15,11,0,0,31,-1.9505956392824528,0.0,2026-07-23,69.0,True,0.8680438949587886,0.9616851595006933,0.92,0.02,0.28,0.751006711409396,0.21323767646378156,0.8347849315770457,0.4082754859107315,0.4981869937514464,0.02,0.40254959500115717,98,0.9066666666666666,0.02,0.26,0.88,0.20666666666666667,0.35333333333333333,2026-09-30,v2,SPY Top 150,False
AMT,American Tower Corp,Real Estate,167.35,-0.39,23.0288,20.4872,7.1582,16.3192,0.04342388661154728,0.048810964895154046,0.13969992456204075,0.06127751360360802,91.62,73.77,0.1726,0.12732701999999999,44.77,36.56,1.224562363238512,-0.20258352566692495,9.998,0.352,6.65,164.05,196.08,160.06,0.20238756246529677,False,-9.139899999999999,219.3,31.0,0.7844827586206896,0.7586206896551724,0.025862068965517238,0.8620689655172413,8,17,4,0,0,29,0.4945093976482505,0.0,2026-07-28,64.0,True,0.41432528272953806,1.0,0.41432528272953806,0.18,0.3434139930863069,0.8966442953020135,0.34608655403841704,0.41432528272953806,0.3434139930863069,0.4558473607744418,0.18,0.40067788861955345,99,0.41333333333333333,0.18,0.32,0.9966666666666667,0.44666666666666666,0.3466666666666667,2026-09-30,v2,SPY Top 150,False
ORCL,Oracle Corp,Technology,137.79,3.91,21.4252,6.4329,5.6476,20.5434,0.04667401004424696,0.15545088529279175,0.17706636447340465,0.04867743411509293,42.58,63.96,0.2828,0.18087888000000002,32.12,28.47,1.1282051282051282,-0.12062798778861472,2.0146,1.1708,21.62,49.08,322.54,114.5,0.11194962507210147,False,-42.1426,252.483966,83.2,0.7704081632653061,0.7755102040816326,-0.005102040816326481,0.7959183673469388,15,24,9,1,0,49,0.6925718042827986,0.6666666666666667,2026-09-10,20.0,False,0.5147431474027219,1.0,0.8529411764705882,0.02666666666666667,0.2647058823529412,0.5724832214765101,0.5384494330016201,0.5147431474027219,0.44757863135540765,0.4905777847357411,0.02666666666666667,0.39779556112192627,100,0.8333333333333334,0.02666666666666667,0.23333333333333334,0.6,0.8133333333333334,0.34,2026-09-30,v2,SPY Top 150,False
MA,Mastercard Inc,Financials,563.58,-0.82,30.4656,80.8784,14.1173,23.4825,0.032823906307441836,0.01236424063779699,0.07083507469558627,0.04258490365165549,232.48000000000002,,0.6449,,58.33,55.46,1.051749008294266,-0.05045450057791412,4.3919,1.0607,16.01,22.62,601.23,464.52,0.7245995172262456,False,4.1259,678.691374,20.4,0.7870370370370371,0.7884615384615384,-0.0014245014245013454,0.9074074074074074,13,36,5,0,0,54,0.9749560240375839,0.0,2026-07-30,62.0,True,0.22281100249185354,1.0,0.045454545454545456,0.38,0.9545454545454546,0.4812080536912752,0.33655635269613515,0.22281100249185354,0.6084864821110572,0.4824523363699481,0.045454545454545456,0.3950527781868676,101,0.02,0.38,0.9266666666666666,0.42,0.41333333333333333,0.3333333333333333,2026-09-30,v2,SPY Top 150,False
MRSH,Marsh & McLennan Companies Inc,Financials,170.42,0.82,20.3342,5.2889,2.8958,,0.04917823174749929,0.18907523303522472,0.34532771600248635,,26.529999999999998,,0.4742,,21.62,22.5,0.9608888888888889,-0.03989649699931221,1.3542,1.1392,8.33,-1.95,207.83,156.6,0.2697638102674212,False,-4.355600000000001,208.85316,22.6,0.6129032258064516,0.6290322580645161,-0.016129032258064502,0.3870967741935484,3,9,18,1,0,31,0.0941402621867388,0.0,2026-07-21,71.0,True,0.6136486486486487,1.0,0.4090909090909091,0.25333333333333335,0.8636363636363636,0.2275167785234899,0.14935894468872946,0.6136486486486487,0.5485923587502023,0.4546041671049771,0.14935894468872946,0.3935551226217276,102,0.4,0.25333333333333335,0.8466666666666667,0.12,0.1,0.32666666666666666,2026-09-30,v2,SPY Top 150,False
JCI,Johnson Controls International PLC,Industrials,149.42,0.36,25.3772,6.6121,4.3039,26.4628,0.039405450561921726,0.15123788206469957,0.2323474058412138,0.03778889611076681,26.939999999999998,43.41,0.5516,0.23944955999999998,14.17,8.99,1.5761957730812013,-0.4550142052190601,0.7028,0.9998,5.08,70.9,157.06,104.49,0.8546699638577132,False,31.432499999999997,167.254806,11.9,0.7019230769230769,0.7019230769230769,0.0,0.6153846153846154,5,11,10,0,0,26,7.045665528882793,0.0,2026-07-29,63.0,True,0.46810906651332185,0.9516584333098095,0.44,0.7133333333333334,0.24,0.3761744966442953,0.66294376301782,0.44547994085618525,0.4075095420392538,0.4280097971148654,0.24,0.39040783769189236,103,0.4266666666666667,0.7133333333333334,0.22,0.30333333333333334,0.9733333333333334,0.32,2026-09-30,v2,SPY Top 150,False
HWM,Howmet Aerospace Inc,Industrials,230.94,1.15,49.2225,18.7671,10.1015,34.5071,0.02031591243841739,0.05328473765259417,0.09899519873286146,0.028979543340356042,34.410000000000004,36.03,0.7492,0.26993676,27.2,18.43,1.475854584915898,-0.3892372016202197,0.7852,1.8183,18.08,35.22,310.0,183.83,0.3733851153205991,False,24.997700000000002,338.403258,46.5,0.7857142857142857,0.7857142857142857,0.0,0.8214285714285714,9,14,5,0,0,28,2.543778965881253,0.08333333333333337,2026-08-06,55.0,True,0.18278033352501438,1.0,0.08,0.6466666666666666,0.52,0.6795302013422819,0.5454813700532285,0.18278033352501438,0.49167962746050337,0.45839491244310737,0.08,0.38271592995448594,104,0.04,0.6466666666666666,0.5066666666666667,0.8066666666666666,0.82,0.31333333333333335,2026-09-30,v2,SPY Top 150,False
APP,Applovin Corp,Technology,305.66,-0.84,23.1951,54.7219,14.9784,19.2282,0.043112553944583125,0.018274219279666826,0.06676280510601933,0.052006948128269934,193.1,88.46,0.9235,0.8169280999999999,77.44,31.36,2.4693877551020407,-0.9039702474861144,1.1113,4.3002,60.59,84.72,745.61,297.5,0.01820981455446213,False,-52.7603,521.9082960000001,70.7,0.7635135135135135,0.7986111111111112,-0.035097597597597674,0.7837837837837838,10,19,8,0,0,37,0.011789255039797568,0.06666666666666665,2026-08-05,56.0,True,0.3070145677592486,0.6074380165289257,0.47058823529411764,0.006666666666666667,0.7352941176470589,0.4416107382550335,0.30117565378384636,0.18649232008516345,0.7004180546429354,0.4724004565028974,0.006666666666666667,0.37925369853565133,105,0.46,0.006666666666666667,0.7266666666666667,0.36666666666666664,0.34,0.30666666666666664,2026-09-30,v2,SPY Top 150,False
CEG,Constellation Energy Corp,Utilities,264.58,1.59,27.0542,2.7892,2.9978,19.7394,0.03696283756311404,0.35852574214828625,0.33357795716859034,0.050660101117561834,14.69,43.91,0.4053,0.17796723,14.7,7.46,1.970509383378016,-0.6782920795690212,0.7724,1.4553,25.98,7.2,412.7,228.63,0.19530613353615467,False,-16.1631,354.12615,33.8,0.75,0.75,0.0,0.8214285714285714,5,18,5,0,0,28,0.28702461097243437,0.08333333333333337,2026-08-06,55.0,True,0.5822417097949013,0.7612244897959184,0.2,0.1,0.8,0.5895973154362416,0.2058979402915992,0.4432166484765269,0.31615181079716975,0.4488041541309882,0.1,0.37904332330479057,106,0.16666666666666666,0.1,0.78,0.6466666666666666,0.17333333333333334,0.3,2026-09-30,v2,SPY Top 150,False
MO,Altria Group Inc,Cons Staples,68.72,-0.59,14.3529,27.0919,4.8785,12.336,0.06967233102717918,0.036911401562828745,0.204981039253869,0.08106355382619974,149.65,62.86,0.68,0.42744800000000005,46.78,45.18,1.0354138999557327,-0.034801250116175866,8.6709,0.5176,-0.58,-8.27,77.06,54.7,0.6270125223613594,False,4.2555,71.4204,3.9,0.6458333333333334,0.6521739130434783,-0.0063405797101449,0.5,6,6,9,2,1,24,-1.9793581876732331,0.0,2026-07-30,62.0,True,0.578188614146061,1.0,0.625,0.38666666666666666,0.75,0.16879194630872482,0.04436473038648461,0.578188614146061,0.6635689940862212,0.4603297654863843,0.04436473038648461,0.37713675846640443,107,0.62,0.38666666666666666,0.7333333333333333,0.06,0.02666666666666667,0.29333333333333333,2026-09-30,v2,SPY Top 150,False
AEP,American Electric Power Company Inc,Utilities,119.3,0.93,20.7082,2.4161,2.9179,13.4243,0.048290049352430434,0.41389015355324693,0.3427122245450495,0.07449177983209553,10.0,41.85097,0.1921,0.08039571337,23.52,21.07,1.1162790697674418,-0.11000089521432849,1.6438,0.504,10.6,-15.36,140.58,108.15,0.3438174529756395,False,11.7563,147.246078,23.4,0.6964285714285714,0.6964285714285714,0.0,0.5714285714285714,6,10,12,0,0,28,-2.4882391142798244,0.0,2026-07-30,62.0,True,0.7219292696952272,1.0,0.8,0.44666666666666666,0.4,0.46610738255033557,0.03351538995602869,0.7219292696952272,0.21650236170233028,0.46291545167013814,0.03351538995602869,0.37703543932731626,108,0.78,0.44666666666666666,0.38666666666666666,0.3933333333333333,0.013333333333333334,0.2866666666666667,2026-09-30,v2,SPY Top 150,False
ABBV,AbbVie Inc,Healthcare,263.29,-1.12,74.5718,261.0115,7.3082,30.3055,0.013409894893243828,0.0038312488147073977,0.13683259899838537,0.03299731071917639,95.59,72.79,0.4774,0.34749946000000004,26.2,25.49,1.0278540604158495,-0.02747319237902722,49.2176,0.8085,10.39,67.6,269.39,190.75,0.9224313326551378,False,16.8564,282.858342,7.4,0.7692307692307693,0.7564102564102564,0.012820512820512886,0.8205128205128205,10,22,7,0,0,39,-1.5858431005586042,0.0,2026-07-31,61.0,True,0.137214874448917,1.0,0.047619047619047616,0.5466666666666666,0.8095238095238095,0.5976510067114094,0.19512149965285813,0.137214874448917,0.6263374091744517,0.45822699771878206,0.047619047619047616,0.3761054076988352,109,0.02666666666666667,0.5466666666666666,0.7933333333333333,0.6666666666666666,0.15333333333333332,0.28,2026-09-30,v2,SPY Top 150,False
GS,Goldman Sachs Group Inc,Financials,916.24,-0.0,12.6953,2.4257,1.972,50.5416,0.07876930832670359,0.4122521334047904,0.5070993914807302,0.019785681498013515,16.939999999999998,41.8,0.0692,0.0289256,19.48,20.62,0.9447138700290979,-0.05687318037442489,11.0081,0.3193,6.67,41.66,1153.99,740.01,0.42569689356973767,False,24.862099999999998,1198.3866779999998,30.8,0.6484375,0.640625,0.0078125,0.46875,6,9,16,0,1,32,6.8061131646013395,0.0,2026-07-14,78.0,True,0.6924726854514089,1.0,0.5454545454545454,0.64,0.09090909090909091,0.6184563758389261,0.6402777134922472,0.6924726854514089,0.2578524316963308,0.4473692958279859,0.09090909090909091,0.37607725484420695,110,0.5366666666666666,0.64,0.056666666666666664,0.7166666666666667,0.9533333333333334,0.2733333333333333,2026-09-30,v2,SPY Top 150,False
PLTR,Palantir Technologies Inc,Technology,186.97,-0.27,148.0617,28.6156,72.557,166.9877,0.0067539410934765705,0.03494597352493046,0.013782267734333007,0.005988465018681017,37.47,84.8,0.6331,0.5368688,42.8,2.54,16.8503937007874,-2.824374021557306,0.0,7.2282,78.92,290.0,207.52,106.37,0.796836381611468,False,4.9906999999999995,203.669724,8.9,0.7371794871794872,0.7243589743589743,0.012820512820512886,0.717948717948718,12,16,9,1,1,39,3.681511298949538,0.033333333333333326,2026-08-03,58.0,True,0.04772378761740464,0.5,0.029411764705882353,0.3933333333333333,0.6764705882352942,0.5644295302013422,0.6474357787549179,0.02386189380870232,0.6825104800540905,0.4596287238338983,0.029411764705882353,0.37358533200829513,111,0.006666666666666667,0.3933333333333333,0.6666666666666666,0.5733333333333334,0.96,0.26666666666666666,2026-09-30,v2,SPY Top 150,False
TMO,Thermo Fisher Scientific Inc,Healthcare,679.61,0.15,35.7831,3.572,5.3795,30.4336,0.027946153351721903,0.2799552071668533,0.18589088205223533,0.03285841964144893,13.33,40.93,0.4214,0.17247902,17.58,18.55,0.947708894878706,-0.0537078967964134,0.8076,1.5505,7.23,7.52,682.98,435.27,0.9863953816963384,False,36.2084,663.620772,-2.4,0.7777777777777778,0.7847222222222222,-0.00694444444444442,0.8055555555555556,11,18,7,0,0,36,3.1505493546671413,0.0,2026-07-23,69.0,True,0.41363427257044283,1.0,0.38095238095238093,0.7533333333333333,0.3333333333333333,0.2677852348993289,0.4823142791020597,0.41363427257044283,0.4194126265367731,0.3964756174166033,0.2677852348993289,0.3707375409131485,112,0.3466666666666667,0.7533333333333333,0.31,0.14666666666666667,0.7266666666666667,0.26,2026-09-30,v2,SPY Top 150,False
MDLZ,Mondelez International Inc,Cons Staples,59.32,-1.43,21.5332,2.7871,1.9083,20.885,0.046439916036631806,0.35879588102328586,0.5240266205523241,0.047881254488867604,13.469999999999999,31.15,0.5564,0.1733186,11.22,13.68,0.8201754385964913,-0.198237012099854,0.8052,0.5992,6.93,-0.41,66.65,51.2,0.525566343042071,False,-1.9740000000000002,70.317984,18.5,0.7196969696969697,0.7132352941176471,0.0064616755793226455,0.6363636363636364,8,13,12,0,0,33,0.8102633869396869,0.0,2026-07-28,64.0,True,0.6657130534790109,1.0,0.875,0.29333333333333333,0.125,0.5399328859060403,0.2441009025688498,0.6657130534790109,0.28430945918921235,0.43018504589986883,0.125,0.3691480367198951,113,0.8533333333333334,0.29333333333333333,0.09333333333333334,0.5333333333333333,0.26,0.25333333333333335,2026-09-30,v2,SPY Top 150,False
SNPS,Synopsys Inc,Technology,415.09,-0.6,72.1646,2.3895,8.2504,35.0639,0.013857209767670022,0.4184975936388366,0.12120624454571899,0.028519360367785674,3.5700000000000003,72.38,0.1982,0.14345716,18.87,21.84,0.864010989010989,-0.1461697914962454,0.3222,1.3369,46.33,-55.62,539.48,362.55,0.29695359746792493,False,-9.382,556.9867079999999,34.2,0.7734375,0.7580645161290323,0.015372983870967749,0.8125,10,16,5,1,0,32,0.875491545873812,0.41666666666666663,2026-08-26,35.0,False,0.32775829020509867,1.0,0.7352941176470589,0.17333333333333334,0.058823529411764705,0.8496644295302014,0.3413295533441333,0.32775829020509867,0.32425225456865603,0.43993624047628777,0.058823529411764705,0.3637136982633832,114,0.7266666666666667,0.17333333333333334,0.03333333333333333,0.98,0.44,0.24666666666666667,2026-09-30,v2,SPY Top 150,False
RTX,RTX Corp,Industrials,186.94,-0.38,32.6028,3.8493,2.6982,18.9021,0.0306722122026329,0.259787493830047,0.3706174486694834,0.052904174668423086,11.799999999999999,20.35,0.5467,0.11125345,11.21,7.79,1.4390243902439026,-0.36396537720141175,0.5632,1.0105,11.84,24.78,226.88,155.64,0.43935991016283,False,24.543799999999997,229.473582,22.8,0.7083333333333334,0.7,0.008333333333333415,0.6666666666666666,7,13,9,0,1,30,2.8071139588492993,0.0,2026-07-23,69.0,True,0.5393779950162929,1.0,0.68,0.62,0.04,0.6057046979865772,0.5260402684563759,0.5393779950162929,0.2557307040348923,0.44404697986577185,0.04,0.3632375838926175,115,0.6733333333333333,0.62,0.013333333333333334,0.69,0.8,0.24,2026-09-30,v2,SPY Top 150,False
AXP,American Express Co,Financials,305.4,-0.3,17.9655,6.7327,2.5314,22.6531,0.05566224151846595,0.14852882201791257,0.3950383187169155,0.04414406858222495,34.12,60.62,0.2675,0.1621585,18.18,18.88,0.9629237288135594,-0.03778107196802181,6.3017,0.2566,9.48,15.53,387.49,290.97,0.1495026937422291,False,-3.1254,383.44543799999997,25.6,0.6554054054054054,0.6458333333333334,0.009572072072072002,0.5405405405405406,5,15,16,0,1,37,0.8756622349151112,0.0,2026-07-24,68.0,True,0.6068861414606096,1.0,0.36363636363636365,0.28,0.3181818181818182,0.6120805369127515,0.2983059476972923,0.6068861414606096,0.3974541229799351,0.38152563590078054,0.28,0.36122050872062444,116,0.3333333333333333,0.28,0.2866666666666667,0.7066666666666667,0.3333333333333333,0.23333333333333334,2026-09-30,v2,SPY Top 150,False
EQIX,Equinix Inc,Real Estate,1015.27,0.42,65.2379,7.1482,10.1999,27.3429,0.015328513026936797,0.13989535827201252,0.09804017686447906,0.03657256545574902,10.76,51.49,0.2449,0.12609901,21.82,16.84,1.2957244655581948,-0.2590699715907441,1.5289,1.1314,9.64,52.11,1128.68,720.62,0.7220751850218103,False,31.3344,1236.5565060000001,21.8,0.78125,0.7692307692307693,0.012019230769230727,0.825,12,21,7,0,0,40,0.011514961386430985,0.0,2026-07-29,63.0,True,0.25000383362085493,1.0,0.25000383362085493,0.7066666666666667,0.23124405050995628,0.7255033557046979,0.2626475352927563,0.25000383362085493,0.23124405050995628,0.38703864165972035,0.23124405050995628,0.3558797234297676,117,0.22666666666666666,0.7066666666666667,0.2,0.8466666666666667,0.29333333333333333,0.22666666666666666,2026-09-30,v2,SPY Top 150,False
TMUS,T-Mobile US Inc,Comm Services,162.98,-2.08,16.6762,3.2261,1.9102,8.131,0.05996569961981746,0.3099717925668764,0.5235053921055387,0.12298610257040954,18.22,62.69,0.4265,0.26737285,19.8,15.56,1.2724935732647815,-0.24097841895024402,1.6063,0.9242,9.68,-9.81,240.95,161.14,0.02305475504322771,False,-22.1536,246.95301600000002,51.5,0.75,0.7567567567567568,-0.006756756756756799,0.8108108108108109,7,23,7,0,0,37,2.4012470553045873,0.0,2026-07-23,69.0,True,0.8091479777649991,1.0,0.7272727272727273,0.05333333333333334,0.2727272727272727,0.5110738255033557,0.3852672992362879,0.8091479777649991,0.3798824005561428,0.42897455695581127,0.05333333333333334,0.3538463122313157,118,0.7166666666666667,0.05333333333333334,0.24333333333333335,0.49333333333333335,0.54,0.22,2026-09-30,v2,SPY Top 150,False
NFLX,Netflix Inc,Comm Services,70.3,1.55,21.5295,9.8602,6.0754,17.064,0.04644789707146009,0.10141782113953063,0.1645982157553412,0.05860290670417253,47.96,49.12,0.8412,0.41319743999999997,35.46,23.1,1.535064935064935,-0.4285726831183139,0.4746,1.1416,16.02,35.26,124.86,65.08,0.08732017397122782,False,-28.229899999999997,97.456614,38.6,0.7456896551724138,0.7629310344827587,-0.017241379310344862,0.7413793103448276,14,29,15,0,0,58,-0.06866525735797707,0.0,2026-07-16,76.0,True,0.48961951313015145,0.9771573604060914,0.45454545454545453,0.04666666666666667,0.6363636363636364,0.41208053691275165,0.23800509141402454,0.4784353110535744,0.6110312020874401,0.4273289923067752,0.04666666666666667,0.35119652717875355,119,0.45,0.04666666666666667,0.63,0.3333333333333333,0.25333333333333335,0.21333333333333335,2026-09-30,v2,SPY Top 150,False
DHR,Danaher Corp,Healthcare,226.11,-0.54,39.3946,2.6408,6.2826,30.4993,0.025384189711280227,0.37867312935474096,0.15916977047719097,0.03278763774906309,7.66,58.57,0.296,0.1733672,20.42,23.08,0.8847487001733103,-0.12245162890337923,0.5051,1.651,4.56,19.66,242.8,160.93,0.7961402223036522,False,16.5396,231.277554,2.3,0.8046875,0.796875,0.0078125,0.84375,12,15,5,0,0,32,1.129856034931391,0.0,2026-07-21,71.0,True,0.3980266436649415,1.0,0.3333333333333333,0.5266666666666666,0.23809523809523808,0.5708053691275168,0.3409210830826198,0.3980266436649415,0.3726068098924854,0.37272780771646774,0.23809523809523808,0.3458012937922218,120,0.31,0.5266666666666666,0.21333333333333335,0.5866666666666667,0.4266666666666667,0.20666666666666667,2026-09-30,v2,SPY Top 150,False
PANW,Palo Alto Networks Inc,Technology,388.41,-0.94,1044.7219,9.8371,27.9381,206.4449,0.0009571925313329796,0.10165597584654014,0.035793414727558426,0.004843907502679892,1.68,70.37,0.3206,0.22560622,6.05,6.05,1.0,-0.0,0.0645,0.871,24.49,-67.95,398.88,139.57,0.9596236165207668,False,91.1427,401.27636400000006,3.3,0.753968253968254,0.7579365079365079,-0.003968253968253954,0.7777777777777778,16,33,13,1,0,63,1.3093020507950246,0.5166666666666666,2026-09-01,29.0,False,0.10522426682001151,1.0,0.23529411764705882,0.9333333333333333,0.3235294117647059,0.27986577181208055,0.434305716269382,0.10522426682001151,0.478399475283071,0.3703346980773332,0.23529411764705882,0.34332658199127836,121,0.2,0.9333333333333333,0.3,0.16666666666666666,0.66,0.2,2026-09-30,v2,SPY Top 150,False
PLD,Prologis Inc,Real Estate,132.61,0.13,30.4979,2.3509,13.9657,26.0246,0.03278914285901652,0.4253690076141052,0.07160400123158882,0.03842518232749014,7.9,74.31,0.0928,0.06895968,38.37,36.59,1.0486471713582945,-0.04750092522774551,0.6783,0.2736,7.35,21.55,153.35,111.03,0.5099243856332707,False,21.328000000000003,161.815758,22.0,0.717391304347826,0.73,-0.012608695652173929,0.6521739130434783,5,10,8,0,0,23,1.0814942485960324,0.0,2026-07-16,76.0,True,0.4032662449683726,1.0,0.4032662449683726,0.5866666666666667,0.278545434200878,0.30469798657718117,0.3411062254107845,0.4032662449683726,0.278545434200878,0.3551523892960771,0.278545434200878,0.33983099827703733,122,0.3933333333333333,0.5866666666666667,0.25333333333333335,0.19333333333333333,0.43333333333333335,0.19333333333333333,2026-09-30,v2,SPY Top 150,False
META,Meta Platforms Inc,Comm Services,738.79,3.24,26.7709,5.4738,7.9872,17.2471,0.037353992581497075,0.18268844312908766,0.1252003205128205,0.057980761983173985,29.73,81.75,0.6026,0.49262550000000005,38.08,36.55,1.041860465116279,-0.04100802372737704,0.3203,2.2256,27.65,-3.69,779.8192,520.26,0.8419273907455407,False,-28.8163,771.2980920000001,4.4,0.7887323943661971,0.795774647887324,-0.007042253521126862,0.8732394366197183,20,42,9,0,0,71,-3.847423073129104,0.0,2026-07-29,63.0,True,0.4618276787425724,1.0,0.18181818181818182,0.04,1.0,0.30268456375838926,0.03645915297384865,0.4618276787425724,0.7659733356188517,0.4154603311523006,0.03645915297384865,0.3396600955166102,123,0.14333333333333334,0.04,0.9733333333333334,0.18666666666666668,0.02,0.18666666666666668,2026-09-30,v2,SPY Top 150,False
PG,Procter & Gamble Co,Cons Staples,148.32,-0.48,21.5032,6.2872,3.964,15.9921,0.04650470627627516,0.15905331467107775,0.2522704339051463,0.0625308746193433,29.830000000000002,50.87,0.6829,0.34739122999999994,22.89,22.46,1.0191451469278718,-0.01896418465417827,0.6286,0.6773,3.26,1.72,167.25,137.62,0.36112048599392477,False,-4.9697,163.24488000000002,10.1,0.6621621621621622,0.6959459459459459,-0.03378378378378377,0.5135135135135135,6,13,17,1,0,37,-0.8288154760384036,0.0,2026-07-29,63.0,True,0.5832422848380295,1.0,0.75,0.24,0.5,0.11140939597315436,0.10196713723675076,0.5832422848380295,0.6244478616118618,0.39907694978014346,0.10196713723675076,0.339654987271465,124,0.7333333333333333,0.24,0.4866666666666667,0.02,0.06666666666666667,0.18,2026-09-30,v2,SPY Top 150,False
SBUX,Starbucks Corp,Cons Discretionary,95.43,0.17,54.8525,64.1154,2.8367,23.3877,0.018230709630372363,0.015596876881373276,0.3525222970352875,0.04275751784057432,115.68,22.34,1.2458,0.27831172,9.17,14.65,0.625938566552901,-0.4685030491947028,8.0719,0.7597,4.49,-24.99,110.51,77.99,0.5362853628536287,False,24.580399999999997,113.32557,18.8,0.6358695652173914,0.6329787234042553,0.002890841813136036,0.4782608695652174,8,14,20,3,1,46,1.9572762913530979,0.0,2026-07-29,63.0,True,0.30936457734330075,1.0,0.4,0.6266666666666667,0.2,0.45100671140939597,0.3507428835917612,0.30936457734330075,0.44478751345122797,0.36547944148731004,0.2,0.332383553189848,125,0.38,0.6266666666666667,0.17333333333333334,0.38,0.46,0.17333333333333334,2026-09-30,v2,SPY Top 150,False
XOM,Exxonmobil Holdings Corp,Energy,161.35,-0.72,20.806,2.1848,1.8876,10.4518,0.04806305873305777,0.4577077993409008,0.5297732570459843,0.09567729960389598,12.68,28.84,0.7882,0.22731688,11.53,12.88,0.8951863354037266,-0.11072338639524001,0.1633,1.1347,9.62,10.18,176.41,110.39,0.7718873068767039,False,37.6698,172.785042,7.1,0.6583333333333333,0.6833333333333333,-0.025000000000000022,0.4666666666666667,5,9,16,0,0,30,-1.4476239329977831,0.0,2026-07-31,61.0,True,0.7900086256469235,1.0,0.5,0.76,0.5,0.09664429530201343,0.11415413098819718,0.7900086256469235,0.4571984448951994,0.3874519787086323,0.09664429530201343,0.3292904420273085,126,0.49333333333333335,0.76,0.4866666666666667,0.013333333333333334,0.07333333333333333,0.16666666666666666,2026-09-30,v2,SPY Top 150,False
BA,Boeing Co,Industrials,187.68,1.78,61.5888,27.9744,1.5955,27.756,0.016236718364377938,0.035746968657057884,0.6267627702914447,0.03602824614497766,132.92,4.68,0.5794,0.027115919999999998,4.89,-4.44,,,7.5246,1.1375,24.78,,254.35,176.77,0.14062902810002575,False,-5.406599999999999,275.651634,46.9,0.8108108108108109,0.7972972972972973,0.013513513513513598,0.8648648648648649,14,18,5,0,0,37,-0.30552127747797514,0.0,2026-07-28,64.0,True,0.3384962622196665,1.0,0.28,0.22666666666666666,0.2,0.8966442953020135,0.18389261744966445,0.3384962622196665,0.39691010770505386,0.359579418344519,0.18389261744966445,0.3244420581655481,127,0.24666666666666667,0.22666666666666666,0.17333333333333334,0.9966666666666667,0.13333333333333333,0.16,2026-09-30,v2,SPY Top 150,False
DE,Deere & Co,Industrials,680.5,-1.32,38.0209,5.8285,3.8614,20.5514,0.02630132374562412,0.1715707300334563,0.25897342932615114,0.04865848555329564,18.11,36.58,0.4526,0.16556107999999997,19.46,21.77,0.8938906752411576,-0.112171798488597,2.2807,0.9375,7.99,-5.93,721.22,433.0,0.8587190340711955,False,43.326299999999996,695.39877,2.2,0.7132352941176471,0.6985294117647058,0.014705882352941235,0.6470588235294118,7,15,12,0,0,34,0.7878299767381549,0.31666666666666665,2026-08-20,41.0,False,0.4411175004792026,1.0,0.4,0.8,0.12,0.5348993288590604,0.32135501041425596,0.4411175004792026,0.3342604586273558,0.37118311733395054,0.12,0.32094649386716045,128,0.38,0.8,0.08666666666666667,0.5266666666666666,0.38666666666666666,0.15333333333333332,2026-09-30,v2,SPY Top 150,False
HLT,Hilton Worldwide Holdings Inc,Cons Discretionary,323.44,0.99,45.6254,245.967,5.7886,27.2303,0.02191761606473587,0.004065586033898856,0.17275334277718274,0.036723796652993176,171.01,37.9,0.7484,0.2836436,23.35,21.09,1.1071597913703177,-0.10179798962422312,73.65,0.6491,8.74,4.49,358.0,253.54,0.6691556576680069,False,21.0963,357.054264,10.4,0.696969696969697,0.6774193548387096,0.019550342130987386,0.6363636363636364,5,16,12,0,0,33,-0.4876022185668842,0.0,2026-07-28,64.0,True,0.21847134368410964,1.0,0.2,0.58,0.4,0.5926174496644294,0.11952788706317982,0.21847134368410964,0.527551919359293,0.36445267299236284,0.11952788706317982,0.3154677158065262,129,0.16666666666666666,0.58,0.38666666666666666,0.66,0.08666666666666667,0.14666666666666667,2026-09-30,v2,SPY Top 150,False
DIS,Walt Disney Co,Comm Services,105.41,-0.17,21.0756,1.5566,1.8334,11.6683,0.04744823397673138,0.6424257998201208,0.5454347114650376,0.08570228739405054,7.870000000000001,37.6,0.4885,0.183676,13.66,8.2,1.6658536585365855,-0.5103376998724367,0.4184,0.7091,4.58,-24.0,117.09,92.19,0.5309236947791163,False,-5.1222,131.23483199999998,24.5,0.7894736842105263,0.7916666666666666,-0.002192982456140302,0.8947368421052632,11,23,3,1,0,38,1.877421621806558,0.06666666666666665,2026-08-05,56.0,True,0.8025560667050029,0.9004392386530014,0.6363636363636364,0.23333333333333334,0.09090909090909091,0.5187919463087248,0.3687664892386022,0.7226529736802002,0.25757777904751017,0.368770332344505,0.09090909090909091,0.3131980840574222,130,0.63,0.23333333333333334,0.056666666666666664,0.5,0.4866666666666667,0.14,2026-09-30,v2,SPY Top 150,False
AMD,Advanced Micro Devices Inc,Technology,607.57,-0.05,153.8507,13.086,23.965,128.9669,0.006499807930675649,0.07641754546843955,0.041727519298977674,0.007753927558156394,10.07,53.2,0.5197,0.2764804,15.71,9.46,1.660676532769556,-0.5072250692037429,0.048,2.6092,39.54,124.33,639.0,157.05,0.9347857661583153,False,252.06910000000002,615.62355,1.3,0.7796610169491526,0.7763157894736842,0.003345227475468393,0.8305084745762712,17,32,10,0,0,59,0.4165501684478027,0.050000000000000044,2026-08-04,57.0,True,0.10211520030668966,0.9032463399108848,0.14705882352941177,0.9733333333333334,0.23529411764705882,0.4832214765100671,0.33345869011802826,0.0922351809262843,0.4429840156558009,0.35134937332952154,0.14705882352941177,0.3104912633694996,131,0.11333333333333333,0.9733333333333334,0.20666666666666667,0.4266666666666667,0.4066666666666667,0.13333333333333333,2026-09-30,v2,SPY Top 150,False
WMB,Williams Companies Inc,Energy,68.63,-0.51,28.1484,6.8929,7.0878,16.7439,0.03552599792528172,0.14507681817522378,0.1410875024690313,0.0597232424942815,23.86,82.37,0.2082,0.17149434000000002,38.18,33.0,1.156969696969697,-0.14580425683112133,2.3346,0.4771,8.72,26.31,80.08,56.19,0.5207199665131853,False,15.8523,86.774052,26.4,0.7592592592592593,0.7586206896551724,0.0006385696040869249,0.8148148148148148,7,15,4,1,0,27,2.479330067855023,0.033333333333333326,2026-08-03,58.0,True,0.44594786275637344,1.0,0.16666666666666666,0.5133333333333333,0.16666666666666666,0.6060402684563758,0.5080004628558205,0.44594786275637344,0.3114570274928816,0.3404081231196482,0.16666666666666666,0.3056598318290519,132,0.12666666666666668,0.5133333333333333,0.12666666666666668,0.7,0.7866666666666666,0.12666666666666668,2026-09-30,v2,SPY Top 150,False
SPGI,S&P Global Inc,Financials,392.45,-0.88,23.3465,3.8129,7.1281,15.5597,0.04283297282247875,0.2622675653701907,0.1402898388069752,0.06426859129674736,15.5,63.58,0.2636,0.16759688,44.43,41.74,1.0644465740297075,-0.06245501529876226,0.4798,0.9544,9.67,26.22,522.47,361.03,0.1946233894945491,False,-4.9411000000000005,535.7167499999999,36.5,0.7867647058823529,0.8014705882352942,-0.014705882352941235,0.8529411764705882,10,19,5,0,0,34,-0.21055450800248943,0.0,2026-07-28,64.0,True,0.5367548399463293,1.0,0.18181818181818182,0.24666666666666667,0.45454545454545453,0.4892617449664429,0.21138625318213378,0.5367548399463293,0.4252740146082717,0.33604513545545717,0.18181818181818182,0.3051997447280021,133,0.14333333333333334,0.24666666666666667,0.44333333333333336,0.44666666666666666,0.2,0.12,2026-09-30,v2,SPY Top 150,False
NOW,ServiceNow Inc,Technology,129.94,-1.15,81.3888,8.1806,9.2261,51.2298,0.012286702838719823,0.12224042246290003,0.10838815967743683,0.019519888814713313,13.77,74.79,0.5673,0.42428367,11.4,8.77,1.2998859749144813,-0.2622765490163582,0.6006,0.7006,22.19,0.87,192.97,81.24,0.4358721918911662,False,-18.604599999999998,150.846678,16.1,0.7909090909090909,0.7870370370370371,0.0038720538720538045,0.9090909090909091,16,34,3,2,0,55,0.9298564235210325,0.0,2026-07-22,70.0,True,0.1856488403296914,1.0,0.4117647058823529,0.07333333333333333,0.29411764705882354,0.6057046979865772,0.2636380467484378,0.1856488403296914,0.46193102495976535,0.3591964505311498,0.07333333333333333,0.3020238270915865,134,0.4066666666666667,0.07333333333333333,0.2733333333333333,0.69,0.3,0.11333333333333333,2026-09-30,v2,SPY Top 150,False
UBER,Uber Technologies Inc,Comm Services,69.36,1.76,14.7574,5.3774,2.5596,20.0421,0.06776261401059808,0.18596347677316177,0.3906860446944835,0.04989497108586425,35.730000000000004,36.77,0.8807,0.32383339000000005,12.13,0.29,41.827586206896555,-3.733556078957576,0.4658,0.8425,16.68,-22.8,101.295,65.41,0.11007384701128611,False,-20.866,104.455854,50.6,0.7758620689655172,0.775,0.0008620689655172153,0.8620689655172413,15,35,7,1,0,58,0.357013569685265,0.06666666666666665,2026-08-05,56.0,True,0.6737741997316465,0.5,0.09090909090909091,0.06,0.5454545454545454,0.7288590604026846,0.1587364036102754,0.33688709986582327,0.46858767819901154,0.36194590898571455,0.06,0.3015567271885717,135,0.056666666666666664,0.06,0.5366666666666666,0.8533333333333334,0.11333333333333333,0.10666666666666667,2026-09-30,v2,SPY Top 150,False
MAR,Marriott International Inc,Cons Discretionary,361.62,0.85,36.5486,366.336,3.5144,24.5151,0.027360829142566337,0.0027297344514325647,0.2845435920783064,0.04079118584056357,309.12,19.81,0.9668,0.19152307999999998,15.8,15.05,1.0498338870431894,-0.04863194883803638,76.1214,0.5347,4.72,8.84,410.98,256.76,0.6799377512644275,False,30.795299999999997,387.27717,7.1,0.65625,0.6612903225806451,-0.005040322580645129,0.5,5,11,15,1,0,32,1.0291995111072474,0.033333333333333326,2026-08-03,58.0,True,0.3008980256852597,1.0,0.3,0.6933333333333334,0.3,0.2093959731543624,0.31188845174728075,0.3008980256852597,0.5038374853583979,0.32299579572629794,0.2093959731543624,0.3002758312119108,136,0.26666666666666666,0.6933333333333334,0.28,0.08666666666666667,0.36666666666666664,0.1,2026-09-30,v2,SPY Top 150,False
EMR,Emerson Electric Co,Industrials,157.24,-1.35,34.5983,3.9344,4.7824,22.127,0.028903154201217977,0.2541683611224075,0.20910003345600536,0.045193654810864556,12.68,53.16,0.4432,0.23560511999999997,19.86,15.2,1.306578947368421,-0.2674122307647958,0.6435,0.8963,4.82,-1.79,166.35,122.64,0.79158087394189,False,19.3833,174.362064,10.9,0.7132352941176471,0.7132352941176471,0.0,0.6764705882352942,7,16,10,1,0,34,0.4722098507280315,0.050000000000000044,2026-08-04,57.0,True,0.4535748514471919,1.0,0.48,0.56,0.16,0.3761744966442953,0.206006711409396,0.4535748514471919,0.34201857459836776,0.33013590604026843,0.16,0.29610872483221473,137,0.47333333333333333,0.56,0.12,0.30333333333333334,0.18666666666666668,0.09333333333333334,2026-09-30,v2,SPY Top 150,False
CME,CME Group Inc,Financials,263.22,-0.01,22.1858,3.0173,7.5419,8.8451,0.04507387608289987,0.3314221323699997,0.1325925827709198,0.11305694678409514,15.58,95.97,0.0645,0.06190065,83.82,76.32,1.0982704402515724,-0.09373661535689443,0.1309,1.0184,16.57,13.39,329.16,218.31,0.40514208389715844,False,5.1921,291.605658,10.8,0.6190476190476191,0.6309523809523809,-0.011904761904761862,0.5238095238095238,2,9,7,3,0,21,1.7762782820292842,0.0,2026-07-22,70.0,True,0.5980247268545141,1.0,0.3181818181818182,0.4066666666666667,0.36363636363636365,0.15771812080536915,0.40490627169636656,0.5980247268545141,0.3996874982144388,0.3215825952185591,0.15771812080536915,0.28880970033592107,138,0.28,0.4066666666666667,0.3433333333333333,0.05333333333333334,0.5733333333333334,0.08666666666666667,2026-09-30,v2,SPY Top 150,False
MRK,Merck & Co Inc,Healthcare,149.28,0.4,115.6029,7.5686,5.5102,43.1829,0.008650302025295212,0.1321248315408398,0.18148161591230808,0.023157314585171448,6.6000000000000005,77.28,0.5073,0.39204144,9.58,24.53,0.39054219323277617,-0.9402192662876289,1.2855,1.3227,4.64,-80.7,156.92,77.69,0.9035718793386345,False,88.6399,153.862308,3.1,0.7361111111111112,0.7361111111111112,0.0,0.7222222222222222,8,18,10,0,0,36,1.5100818466873418,0.050000000000000044,2026-08-04,57.0,True,0.2539352118075522,1.0,0.19047619047619047,0.92,0.19047619047619047,0.3493288590604027,0.30832561906965983,0.2539352118075522,0.36968525078802766,0.3128765194344343,0.19047619047619047,0.28839645364278554,139,0.15333333333333332,0.92,0.15333333333333332,0.24666666666666667,0.36,0.08,2026-09-30,v2,SPY Top 150,False
KO,Coca-Cola Co,Cons Staples,86.84,-0.39,26.1531,10.0141,7.4689,24.9258,0.038236384979218524,0.09985919853007261,0.13388852441457244,0.04011907340988053,42.99,61.89,0.474,0.29335859999999997,30.35,26.86,1.1299329858525688,-0.12215832641041573,1.2045,1.3046,6.52,17.61,92.49,65.35,0.791820191599116,False,34.4351,96.1299,10.7,0.75,0.7714285714285715,-0.021428571428571463,0.7714285714285715,8,19,8,0,0,35,0.9435033891402996,0.0,2026-07-28,64.0,True,0.3663954379911826,1.0,0.25,0.74,0.25,0.2120805369127517,0.3125109928257348,0.3663954379911826,0.5594326819605938,0.3007927563064106,0.2120805369127517,0.28305031242767886,140,0.22,0.74,0.22666666666666666,0.09333333333333334,0.37333333333333335,0.07333333333333333,2026-09-30,v2,SPY Top 150,False
IBM,International Business Machines Corp,Technology,219.99,-0.31,19.5016,7.6717,3.0265,22.0549,0.05127784386922099,0.13034920552159235,0.3304146704113663,0.04534139805666768,33.51,58.1,0.4557,0.2647617,15.11,9.78,1.5449897750511248,-0.43501729223792224,1.7992,0.7908,7.9,82.66,332.46,199.19,0.15607413521422686,False,-16.739800000000002,247.560528,12.5,0.6774193548387096,0.7327586206896551,-0.05533926585094551,0.5161290322580645,8,8,13,2,0,31,-1.515345428295742,0.0,2026-07-22,70.0,True,0.5599482461184588,0.970880211780278,0.8823529411764706,0.09333333333333334,0.11764705882352941,0.13624161073825505,0.20597084008331407,0.5436426717774845,0.3780303783485225,0.3233596344346579,0.09333333333333334,0.277354374214393,141,0.8666666666666667,0.09333333333333334,0.08,0.04,0.18,0.06666666666666667,2026-09-30,v2,SPY Top 150,False
LIN,Linde PLC,Materials,473.37,0.28,30.1234,6.1393,6.1557,18.2784,0.0331967838955762,0.1628850194647598,0.16245106161768766,0.054709383753501394,18.75,48.35,0.4081,0.19731635000000003,26.45,21.82,1.2121906507791016,-0.19242917789938352,0.7168,0.879,6.63,10.12,548.2,387.78,0.5335369654656527,False,3.0831,556.172442,17.5,0.7016129032258065,0.7413793103448276,-0.03976640711902113,0.7096774193548387,5,17,7,2,0,31,-1.9474597995289649,0.0,2026-07-31,61.0,True,0.4512679700977573,1.0,0.4512679700977573,0.37333333333333335,0.38040762220381114,0.1906040268456376,0.09797269150659571,0.4512679700977573,0.38040762220381114,0.31708932161403286,0.09797269150659571,0.27326599559254544,142,0.44,0.37333333333333335,0.36,0.07333333333333333,0.06,0.06,2026-09-30,v2,SPY Top 150,False
CRWD,CrowdStrike Holdings Inc,Technology,262.74,1.35,4574.7781,38.0963,49.5616,2902.5466,0.00021858983717702065,0.026249268301646093,0.020176911157024795,0.00034452504569607945,1.29,75.24,0.4867,0.36619308,-2.21,-5.59,,,0.1463,1.5701,24.3,,263.87,85.68,0.9936584544587238,False,103.1661,237.19488,-9.7,0.7213114754098361,0.725,-0.0036885245901638886,0.7377049180327869,12,33,14,1,1,61,0.7934193249923772,0.41666666666666663,2026-08-26,35.0,False,0.03511213341000575,1.0,0.058823529411764705,0.94,0.35294117647058826,0.22885906040268456,0.422986577181208,0.03511213341000575,0.5266151615575808,0.32380803395183577,0.058823529411764705,0.2708111330438216,143,0.03333333333333333,0.94,0.32666666666666666,0.12666666666666668,0.62,0.05333333333333334,2026-09-30,v2,SPY Top 150,False
INTC,Intel Corp,Technology,115.93,-0.09,,7.5624,10.8144,39.0098,,0.13223315349624457,0.09246930019233615,0.025634584130141656,-10.76,38.6,0.277,0.10692200000000002,9.36,2.79,3.354838709677419,-1.2104036946562262,0.5773,1.604,7.47,,142.35,32.89,0.7586332906997991,False,197.21710000000002,116.378736,0.4,0.5954545454545455,0.5909090909090909,0.004545454545454519,0.34545454545454546,4,15,34,2,0,55,2.2949705398278684,0.0,2026-07-23,69.0,True,0.3352836879432624,0.5,0.35294117647058826,0.9666666666666667,0.029411764705882353,0.33691275167785234,0.4557046979865772,0.1676418439716312,0.21054457236998733,0.3294637452296355,0.029411764705882353,0.2694533491248849,144,0.32,0.9666666666666667,0.006666666666666667,0.22666666666666666,0.6866666666666666,0.04666666666666667,2026-09-30,v2,SPY Top 150,False
WELL,Welltower Inc,Real Estate,232.9,-0.03,109.3864,3.452,13.29,63.2607,0.009141904295232315,0.28968713789107764,0.07524454477050414,0.015807602508350366,3.63,40.33,0.1935,0.07803855,3.57,11.1,0.3216216216216216,-1.1343795125267409,0.3819,1.0648,37.57,22.25,255.2,163.75,0.7561509021323128,False,34.5845,268.05600000000004,15.1,0.7589285714285714,0.7685185185185185,-0.009589947089947093,0.8214285714285714,6,17,5,0,0,28,-0.11430011723950567,0.0,2026-07-27,65.0,True,0.2343664941537282,1.0,0.2343664941537282,0.7466666666666667,0.19975527811901836,0.297986577181208,0.20292524878500348,0.2343664941537282,0.19975527811901836,0.2832209763947964,0.19975527811901836,0.2665278367396408,145,0.19333333333333333,0.7466666666666667,0.16,0.18,0.16666666666666666,0.04,2026-09-30,v2,SPY Top 150,False
MMM,3M Co,Industrials,168.49,-0.58,28.9859,28.6067,3.45,16.0431,0.0344995325313342,0.03495684577389213,0.2898550724637681,0.062332092924684133,77.12,39.4,0.6913,0.2723722,18.36,6.45,2.8465116279069766,-1.0460942543846632,4.2517,1.2402,2.35,-21.67,184.9,139.34,0.6398156277436349,False,12.2766,185.727312,10.2,0.6458333333333334,0.6521739130434783,-0.0063405797101449,0.5416666666666666,4,9,9,1,1,24,2.7111975465442586,0.0,2026-07-21,71.0,True,0.43029231359018594,0.5269607843137255,0.12,0.4666666666666667,0.36,0.19999999999999998,0.42199490858597544,0.2267471750536519,0.4417672866135284,0.287965902954563,0.12,0.2543727223636504,146,0.08666666666666667,0.4666666666666667,0.3333333333333333,0.08,0.6133333333333333,0.03333333333333333,2026-09-30,v2,SPY Top 150,False
SCHW,Charles Schwab Corp,Financials,99.1,0.81,16.7589,3.2,5.7054,28.8422,0.059669787396547505,0.3125,0.17527254881340484,0.03467141896249246,20.380000000000003,87.76,0.0603,0.05291928,44.03,35.74,1.231952993844432,-0.20860071003638048,5.7191,0.3992,11.2,43.25,114.53,83.96,0.49525678770035975,False,13.465,125.50437,26.6,0.7666666666666667,0.7678571428571429,-0.0011904761904761862,0.8333333333333334,8,17,4,1,0,30,1.2688339381527751,0.0,2026-07-21,71.0,True,0.5680017251293846,1.0,0.2727272727272727,0.4866666666666667,0.045454545454545456,0.5087248322147652,0.4148484147188151,0.5680017251293846,0.21522744717119485,0.2944570771356238,0.045454545454545456,0.24465657079940814,147,0.24,0.4866666666666667,0.02,0.48,0.6,0.02666666666666667,2026-09-30,v2,SPY Top 150,False
PFE,Pfizer Inc,Healthcare,28.72,0.0,37.4958,1.6304,2.5507,24.5694,0.026669653667877467,0.6133464180569185,0.3920492413847179,0.040701034620300044,4.89,74.71,0.3086,0.23055505999999998,6.79,18.78,0.3615548455804047,-1.017341532209512,0.7418,1.2669,-0.22,-59.91,29.21,23.61,0.9124999999999996,False,19.9618,29.052456000000003,1.2,0.6180555555555556,0.625,-0.00694444444444442,0.3888888888888889,6,8,20,1,1,36,0.6416447957185399,0.050000000000000044,2026-08-04,57.0,True,0.5623404255319149,1.0,0.6190476190476191,0.5666666666666667,0.047619047619047616,0.13020134228187918,0.19303749132145337,0.5623404255319149,0.2750966107666962,0.2807101778688796,0.047619047619047616,0.2340919518189132,148,0.6133333333333333,0.5666666666666667,0.02666666666666667,0.02666666666666667,0.14666666666666667,0.02,2026-09-30,v2,SPY Top 150,False
GE,General Electric Co,Industrials,317.89,-0.11,37.3858,21.9811,6.6225,36.9,0.026748123619128115,0.04549362861731214,0.15100037750094375,0.02710027100271003,49.03,33.57,0.3937,0.13216508999999999,16.72,5.34,3.131086142322097,-1.141379954684452,1.086,0.9819,21.7,18.32,388.84,268.91,0.40840490286000153,False,13.0892,409.28979,28.8,0.78125,0.78125,0.0,0.875,9,19,3,1,0,32,1.2771939497465317,0.0,2026-07-16,76.0,True,0.2348993674525589,0.5,0.04,0.48,0.08,0.6238255033557047,0.3636287896320296,0.11744968372627945,0.33227986172613777,0.2613094191159454,0.04,0.21704753529275633,149,0.013333333333333334,0.48,0.04,0.7333333333333333,0.47333333333333333,0.013333333333333334,2026-09-30,v2,SPY Top 150,False
TSLA,Tesla Inc,Cons Discretionary,352.84,-1.29,370.9316,18.1867,13.6246,126.978,0.002695914826345342,0.05498523646400942,0.07339665017688593,0.007875379987084378,4.569999999999999,18.85,0.7352,0.1385852,4.22,9.97,0.4232698094282848,-0.8597454559258266,0.1076,1.9409,11.75,-37.66,498.83,297.38,0.2753040456689004,False,-15.9815,389.044014,10.3,0.6352459016393442,0.625,0.010245901639344246,0.4918032786885246,10,20,25,5,1,61,-2.4523766396480196,0.0,2026-07-22,70.0,True,0.09983994632930804,1.0,0.1,0.11333333333333333,0.1,0.47818791946308725,0.024457301550567,0.09983994632930804,0.30039913245531336,0.16563951245853584,0.024457301550567,0.13740307027694207,150,0.07333333333333333,0.11333333333333333,0.07333333333333333,0.41333333333333333,0.006666666666666667,0.006666666666666667,2026-09-30,v2,SPY Top 150,False
